scenario_id,hybrid_accuracy,hybrid_macro_f1,hybrid_mae_raw,hybrid_pearson_raw,hybrid_mae_calibrated,hybrid_pearson_calibrated,seed_2028_accuracy,seed_2028_macro_f1,seed_2028_mae_raw,seed_2028_pearson_raw,seed_2028_mae_calibrated,seed_2028_pearson_calibrated,scenario,modality_combination,missing_rate_percent,position
16,0.6167582417582418,0.6073916083420904,0.5768299919113025,0.6715800867959517,0.576571213815173,0.6682812155565773,0.6167582417582418,0.6073916083420904,0.5772552043404225,0.6710604371069664,0.57706508267327,0.6681269008419334,A_10_Head,A,10,Head
17,0.6153846153846154,0.6060114909490459,0.5749924644213784,0.673261388729529,0.5750233313291937,0.6700263159201097,0.6153846153846154,0.6060114909490459,0.5752851775755267,0.6728720293773564,0.5755655175677531,0.6699997433517334,A_10_Middle,A,10,Middle
18,0.6208791208791209,0.6103482076914495,0.5760354939930059,0.6733901876002011,0.5753717556245707,0.6701819341975863,0.6208791208791209,0.6103482076914495,0.5763780968570775,0.673031486850046,0.5758272127932409,0.6701686193575724,A_10_Tail,A,10,Tail
19,0.614010989010989,0.6051917740019195,0.577305228930417,0.6708200958323883,0.5772019234460134,0.6674692891526383,0.614010989010989,0.6051917740019195,0.5779377282852982,0.6702729821597762,0.577988854279148,0.6672886806701065,A_20_Head,A,20,Head
20,0.6195054945054945,0.6107418686912175,0.5750276451950872,0.6731374320948957,0.575051437162305,0.6698646749062273,0.6195054945054945,0.6107418686912175,0.5754742373681658,0.6727285535931334,0.5756388125667696,0.6698169498588883,A_20_Middle,A,20,Middle
21,0.6181318681318682,0.6074199179677872,0.5760918739282496,0.6735182232324252,0.5754264699186598,0.6703558652524272,0.6181318681318682,0.6074199179677872,0.5764948974803581,0.6731772385383152,0.5758478093107159,0.6703506848785611,A_20_Tail,A,20,Tail
22,0.6112637362637363,0.6045334593721691,0.5784851434671289,0.6701742481133611,0.57794652652711,0.666782506261894,0.6112637362637363,0.6045334593721691,0.5792738926484362,0.6695428131787738,0.5788798750728205,0.6665155228231521,A_30_Head,A,30,Head
23,0.6195054945054945,0.6116200866105556,0.5750191100719538,0.6723733739293442,0.5754049570982928,0.6690838456775158,0.6195054945054945,0.6116200866105556,0.5756769307408032,0.6719437038004252,0.5759905823615716,0.6690164523061418,A_30_Middle,A,30,Middle
24,0.6167582417582418,0.6060922297873078,0.575972529709503,0.6736826029242701,0.5753393205168155,0.6705372217678741,0.6167582417582418,0.6060922297873078,0.5764783382784207,0.6732889170032562,0.5760188163876696,0.670478705116888,A_30_Tail,A,30,Tail
25,0.6126373626373627,0.6063792074947681,0.5792898658089913,0.669681023956252,0.5788753775379488,0.6662292677233678,0.6126373626373627,0.6063792074947681,0.580132883758499,0.6690361346012907,0.579899767466217,0.665950344258879,A_40_Head,A,40,Head
26,0.6167582417582418,0.6091882305980221,0.5747423227548927,0.6721420452105836,0.5755022814443805,0.668777968890805,0.6167582417582418,0.6091882305980221,0.5755869194578666,0.6716794617627082,0.5762172529387114,0.6686798876931078,A_40_Middle,A,40,Middle
27,0.6222527472527473,0.6132178704294747,0.5761031316081573,0.6731280600675198,0.575457588912432,0.6699980584404465,0.6222527472527473,0.6132178704294747,0.5767431893068683,0.6728285336774469,0.5763169356801515,0.6700296219835845,A_40_Tail,A,40,Tail
28,0.6098901098901099,0.6045138861588898,0.577517566842201,0.6715929483945992,0.5774242239982217,0.6680985024278512,0.6098901098901099,0.6045138861588898,0.5785136988570729,0.6710884068331101,0.5785524338212805,0.6679704319207516,A_50_Head,A,50,Head
29,0.614010989010989,0.6070746306673459,0.5750865305231495,0.6715999328804356,0.5759603896596274,0.6681974717662433,0.614010989010989,0.6070746306673459,0.5759182024010263,0.6711567348584672,0.576772541802745,0.668116932548613,A_50_Middle,A,50,Middle
30,0.6167582417582418,0.6082016091688883,0.5760106622722451,0.6723244452570796,0.5756702709139049,0.6692078242800817,0.6167582417582418,0.6082016091688883,0.5768786174460099,0.6719912631484082,0.5765627955284257,0.6692061842124044,A_50_Tail,A,50,Tail
31,0.6181318681318682,0.6088151582577338,0.5751377742410033,0.67339566220824,0.5755808547516446,0.6701129105177929,0.6181318681318682,0.6088151582577338,0.5753674414008856,0.673182768370093,0.5759805534174972,0.6702570657679023,V_10_Head,V,10,Head
32,0.6195054945054945,0.6097079306144982,0.5744053813495807,0.6736963932128213,0.5748587123079615,0.6704892995817411,0.6195054945054945,0.6097079306144982,0.5745376263550677,0.6734929416299379,0.5752100739005012,0.6706388477188205,V_10_Middle,V,10,Middle
33,0.6153846153846154,0.6055350027541674,0.5785112785154973,0.6712849544524346,0.5777980469304455,0.6680726106765451,0.6153846153846154,0.6055350027541674,0.5787117355349627,0.6709463676459073,0.5782197542486119,0.6680889354083637,V_10_Tail,V,10,Tail
34,0.6195054945054945,0.6107418686912175,0.5752063142934016,0.6728612652475924,0.5759552890192021,0.6695215015481801,0.6195054945054945,0.6107418686912175,0.5753769913258461,0.672668846791175,0.5762755934226808,0.6696907659552651,V_20_Head,V,20,Head
35,0.6195054945054945,0.6105041240642936,0.5734411574695464,0.6742403243165986,0.5744133363447018,0.6710800287290675,0.6195054945054945,0.6105041240642936,0.5735014558534374,0.6742020608269649,0.5745042349245031,0.6713879137524468,V_20_Middle,V,20,Middle
36,0.6153846153846154,0.6055555555555555,0.5801694170500222,0.6701825562761107,0.5792436078661091,0.6670398247775765,0.6153846153846154,0.6055555555555555,0.5804117749557718,0.669859330216577,0.579722248360924,0.6670655259218378,V_20_Tail,V,20,Tail
37,0.6167582417582418,0.6087312566441422,0.5752735366737778,0.6723016002542916,0.5761706786026012,0.6689435836696059,0.6167582417582418,0.6087312566441422,0.5753967825241468,0.6721842809264513,0.5765876085280881,0.6691950834817492,V_30_Head,V,30,Head
38,0.614010989010989,0.605642083089626,0.5732554242874568,0.6744238573663035,0.5741657417440807,0.6713252431667841,0.614010989010989,0.605642083089626,0.5731487113081819,0.6745234384376532,0.5740806212881273,0.6717631262431727,V_30_Middle,V,30,Middle
39,0.6126373626373627,0.6033279102870578,0.5813952327961778,0.6697788532738511,0.5802528225836519,0.6667613459028376,0.6126373626373627,0.6033279102870578,0.5816859366515508,0.6695784876435369,0.5807133853541134,0.6669018219330328,V_30_Tail,V,30,Tail
40,0.6126373626373627,0.6046959298557921,0.5758275744556399,0.6718418338222124,0.5765544627300331,0.6684494967850175,0.6126373626373627,0.6046959298557921,0.5757818521911299,0.6718006313360839,0.5768498925341519,0.6687788407091787,V_40_Head,V,40,Head
41,0.6126373626373627,0.6043961776580424,0.5738298199374924,0.6743661920674604,0.5744735157619466,0.6712963338725043,0.6126373626373627,0.6043961776580424,0.5738073381298519,0.6745502301771668,0.574451035714002,0.6718145631597586,V_40_Middle,V,40,Middle
42,0.6167582417582418,0.6079261014334251,0.5816319143256315,0.6704180273806768,0.5803311540911813,0.6674852362576271,0.6167582417582418,0.6079261014334251,0.5819188250167356,0.6703835775353046,0.5806735041558251,0.6677812931141925,V_40_Tail,V,40,Tail
43,0.6112637362637363,0.6040096325901009,0.5760116422119048,0.6720979142901568,0.5767352731361821,0.6687070161828004,0.6112637362637363,0.6040096325901009,0.5760393703745289,0.6721902351041102,0.5770080990220655,0.6691692765139399,V_50_Head,V,50,Head
44,0.6098901098901099,0.6021045164432249,0.574509511711997,0.674205322918604,0.5749898794518067,0.6712204108241767,0.6098901098901099,0.6021045164432249,0.5743930857464835,0.6744341021574575,0.574960479046699,0.6717777823200345,V_50_Middle,V,50,Middle
45,0.6126373626373627,0.6045077275288024,0.581170458096888,0.6710258318340895,0.5799642028130019,0.668191974760441,0.6126373626373627,0.6045077275288024,0.5813098659759367,0.6711505287276781,0.580213241888681,0.6686333743623631,V_50_Tail,V,50,Tail
76,0.6153846153846154,0.6062693903508527,0.5753169807472399,0.6723340607556599,0.5758318257894489,0.6690114930056235,0.6153846153846154,0.6062693903508527,0.5755411958997394,0.6720099954514783,0.5763687492138246,0.6690533490121108,A+V_10_Head,A+V,10,Head
77,0.6153846153846154,0.6062693903508527,0.5731958315636103,0.674341661629229,0.5738107753081964,0.6711594144243112,0.6153846153846154,0.6062693903508527,0.5733289451102962,0.6741957234753082,0.5741525789424777,0.671371982699034,A+V_10_Middle,A+V,10,Middle
78,0.6167582417582418,0.6059474198693214,0.5778468747756311,0.6721411359519471,0.5768239793624852,0.6689817125225223,0.6167582417582418,0.6059474198693214,0.5779223034547253,0.6718921892031422,0.5771213179134896,0.6690792720492542,A+V_10_Tail,A+V,10,Tail
79,0.6085164835164835,0.6013192191990504,0.57562971985029,0.6709278852266235,0.5767203522160813,0.6675090741278624,0.6085164835164835,0.6013192191990504,0.5758948102798108,0.6706701370643717,0.5773142439828632,0.6676246451515679,A+V_20_Head,A+V,20,Head
80,0.6153846153846154,0.6065068793282538,0.5719740564719988,0.6749089609601527,0.5731553891410212,0.6717424836193646,0.6153846153846154,0.6065068793282538,0.5721084197348618,0.6749781755780658,0.5733120854276713,0.6721618034870935,A+V_20_Middle,A+V,20,Middle
81,0.6167582417582418,0.6062079049982275,0.579297119104764,0.6711544792277603,0.5779365981032888,0.6681402438254719,0.6167582417582418,0.6062079049982275,0.5793211692841825,0.6710180780322511,0.5782875182337976,0.6683343788234167,A+V_20_Tail,A+V,20,Tail
82,0.6126373626373627,0.6067062289356625,0.5764211899181316,0.6696652547365038,0.5777133910729334,0.6661923867493874,0.6126373626373627,0.6067062289356625,0.5767484395918283,0.6694693398463344,0.5784029975437692,0.6663723086224852,A+V_30_Head,A+V,30,Head
83,0.6126373626373627,0.6050840573960811,0.5716770563847743,0.674326131775776,0.5730384014193173,0.6712252119931827,0.6126373626373627,0.6050840573960811,0.5718536012816232,0.674554455820195,0.5732274533211367,0.6717971491204646,A+V_30_Middle,A+V,30,Middle
84,0.614010989010989,0.6046844252503877,0.5801919540902089,0.6707282776351903,0.578479341024619,0.6678760446377952,0.614010989010989,0.6046844252503877,0.5802674469752953,0.6706872289645802,0.5789136591823056,0.6681584124868476,A+V_30_Tail,A+V,30,Tail
85,0.6112637362637363,0.6067181039358069,0.5773609943319481,0.6687955433897961,0.5786783734148184,0.6652406010121669,0.6112637362637363,0.6067181039358069,0.5776012391056661,0.6687553960883402,0.5793497964879805,0.665580926147787,A+V_40_Head,A+V,40,Head
86,0.6153846153846154,0.6083397205528613,0.5714060835990605,0.673938470253571,0.572839116568454,0.6708268516995475,0.6153846153846154,0.6083397205528613,0.5714464029808949,0.6743323480796918,0.5729988282102642,0.671561804981894,A+V_40_Middle,A+V,40,Middle
87,0.6181318681318682,0.6082096960109872,0.5800339001589097,0.6707700896714415,0.5782609453100752,0.6680604599122381,0.6181318681318682,0.6082096960109872,0.5799724381253287,0.6710534599855766,0.5786182180984497,0.6686512372712463,A+V_40_Tail,A+V,40,Tail
88,0.6016483516483516,0.598600450374393,0.5745335080834864,0.6710557078299567,0.5763025267377332,0.6674668759176626,0.6016483516483516,0.598600450374393,0.5746748409960624,0.6714032827425211,0.5768020503546346,0.6682061948872895,A+V_50_Head,A+V,50,Head
89,0.614010989010989,0.6087203708562932,0.571374845754478,0.6729295740617666,0.5734083873602714,0.6698909450748316,0.614010989010989,0.6087203708562932,0.5713129510468506,0.6735138870931875,0.5735413738018373,0.6708094006458649,A+V_50_Middle,A+V,50,Middle
90,0.6098901098901099,0.6024175168377105,0.5783078120837172,0.6705793292834066,0.5772505102050828,0.6680128625184892,0.6098901098901099,0.6024175168377105,0.5780602119822096,0.6711210674170771,0.5774566392928853,0.6688455702433127,A+V_50_Tail,A+V,50,Tail
