sample_id,aligned_position_0based,aligned_position_1based,attention_valid,token_id,special_token_if_known,word_or_wordpiece,word_index,start_s,end_s,representative_time_s,representative_frame_index,mapping_status
01,0,1,True,101,[CLS],,,,,,,PENDING_Q1_MAPPING_REUSE
01,1,2,True,6419,,,,,,,,PENDING_Q1_MAPPING_REUSE
01,2,3,True,2122,,,,,,,,PENDING_Q1_MAPPING_REUSE
01,3,4,True,4929,,,,,,,,PENDING_Q1_MAPPING_REUSE
01,4,5,True,6177,,,,,,,,PENDING_Q1_MAPPING_REUSE
01,5,6,True,2043,,,,,,,,PENDING_Q1_MAPPING_REUSE
01,6,7,True,6419,,,,,,,,PENDING_Q1_MAPPING_REUSE
01,7,8,True,1996,,,,,,,,PENDING_Q1_MAPPING_REUSE
01,8,9,True,10984,,,,,,,,PENDING_Q1_MAPPING_REUSE
01,9,10,True,5583,,,,,,,,PENDING_Q1_MAPPING_REUSE
01,10,11,True,2003,,,,,,,,PENDING_Q1_MAPPING_REUSE
01,11,12,True,6827,,,,,,,,PENDING_Q1_MAPPING_REUSE
01,12,13,True,2000,,,,,,,,PENDING_Q1_MAPPING_REUSE
01,13,14,True,12725,,,,,,,,PENDING_Q1_MAPPING_REUSE
01,14,15,True,1996,,,,,,,,PENDING_Q1_MAPPING_REUSE
01,15,16,True,2047,,,,,,,,PENDING_Q1_MAPPING_REUSE
01,16,17,True,5583,,,,,,,,PENDING_Q1_MAPPING_REUSE
01,17,18,True,10438,,,,,,,,PENDING_Q1_MAPPING_REUSE
01,18,19,True,2000,,,,,,,,PENDING_Q1_MAPPING_REUSE
01,19,20,True,2049,,,,,,,,PENDING_Q1_MAPPING_REUSE
01,20,21,True,3542,,,,,,,,PENDING_Q1_MAPPING_REUSE
01,21,22,True,4270,,,,,,,,PENDING_Q1_MAPPING_REUSE
01,22,23,True,5918,,,,,,,,PENDING_Q1_MAPPING_REUSE
01,23,24,True,102,[SEP],,,,,,,PENDING_Q1_MAPPING_REUSE
01,24,25,False,0,[PAD],,,,,,,PADDING_OR_INVALID
01,25,26,False,0,[PAD],,,,,,,PADDING_OR_INVALID
01,26,27,False,0,[PAD],,,,,,,PADDING_OR_INVALID
01,27,28,False,0,[PAD],,,,,,,PADDING_OR_INVALID
01,28,29,False,0,[PAD],,,,,,,PADDING_OR_INVALID
01,29,30,False,0,[PAD],,,,,,,PADDING_OR_INVALID
01,30,31,False,0,[PAD],,,,,,,PADDING_OR_INVALID
01,31,32,False,0,[PAD],,,,,,,PADDING_OR_INVALID
01,32,33,False,0,[PAD],,,,,,,PADDING_OR_INVALID
01,33,34,False,0,[PAD],,,,,,,PADDING_OR_INVALID
01,34,35,False,0,[PAD],,,,,,,PADDING_OR_INVALID
01,35,36,False,0,[PAD],,,,,,,PADDING_OR_INVALID
01,36,37,False,0,[PAD],,,,,,,PADDING_OR_INVALID
01,37,38,False,0,[PAD],,,,,,,PADDING_OR_INVALID
01,38,39,False,0,[PAD],,,,,,,PADDING_OR_INVALID
01,39,40,False,0,[PAD],,,,,,,PADDING_OR_INVALID
01,40,41,False,0,[PAD],,,,,,,PADDING_OR_INVALID
01,41,42,False,0,[PAD],,,,,,,PADDING_OR_INVALID
01,42,43,False,0,[PAD],,,,,,,PADDING_OR_INVALID
01,43,44,False,0,[PAD],,,,,,,PADDING_OR_INVALID
01,44,45,False,0,[PAD],,,,,,,PADDING_OR_INVALID
01,45,46,False,0,[PAD],,,,,,,PADDING_OR_INVALID
01,46,47,False,0,[PAD],,,,,,,PADDING_OR_INVALID
01,47,48,False,0,[PAD],,,,,,,PADDING_OR_INVALID
01,48,49,False,0,[PAD],,,,,,,PADDING_OR_INVALID
01,49,50,False,0,[PAD],,,,,,,PADDING_OR_INVALID
02,0,1,True,101,[CLS],,,,,,,PENDING_Q1_MAPPING_REUSE
02,1,2,True,2057,,,,,,,,PENDING_Q1_MAPPING_REUSE
02,2,3,True,2215,,,,,,,,PENDING_Q1_MAPPING_REUSE
02,3,4,True,2000,,,,,,,,PENDING_Q1_MAPPING_REUSE
02,4,5,True,2444,,,,,,,,PENDING_Q1_MAPPING_REUSE
02,5,6,True,2011,,,,,,,,PENDING_Q1_MAPPING_REUSE
02,6,7,True,2169,,,,,,,,PENDING_Q1_MAPPING_REUSE
02,7,8,True,2060,,,,,,,,PENDING_Q1_MAPPING_REUSE
02,8,9,True,1521,,,,,,,,PENDING_Q1_MAPPING_REUSE
02,9,10,True,1055,,,,,,,,PENDING_Q1_MAPPING_REUSE
02,10,11,True,8404,,,,,,,,PENDING_Q1_MAPPING_REUSE
02,11,12,True,1011,,,,,,,,PENDING_Q1_MAPPING_REUSE
02,12,13,True,2025,,,,,,,,PENDING_Q1_MAPPING_REUSE
02,13,14,True,2011,,,,,,,,PENDING_Q1_MAPPING_REUSE
02,14,15,True,2169,,,,,,,,PENDING_Q1_MAPPING_REUSE
02,15,16,True,2060,,,,,,,,PENDING_Q1_MAPPING_REUSE
02,16,17,True,1521,,,,,,,,PENDING_Q1_MAPPING_REUSE
02,17,18,True,1055,,,,,,,,PENDING_Q1_MAPPING_REUSE
02,18,19,True,14624,,,,,,,,PENDING_Q1_MAPPING_REUSE
02,19,20,True,1012,,,,,,,,PENDING_Q1_MAPPING_REUSE
02,20,21,True,102,[SEP],,,,,,,PENDING_Q1_MAPPING_REUSE
02,21,22,False,0,[PAD],,,,,,,PADDING_OR_INVALID
02,22,23,False,0,[PAD],,,,,,,PADDING_OR_INVALID
02,23,24,False,0,[PAD],,,,,,,PADDING_OR_INVALID
02,24,25,False,0,[PAD],,,,,,,PADDING_OR_INVALID
02,25,26,False,0,[PAD],,,,,,,PADDING_OR_INVALID
02,26,27,False,0,[PAD],,,,,,,PADDING_OR_INVALID
02,27,28,False,0,[PAD],,,,,,,PADDING_OR_INVALID
02,28,29,False,0,[PAD],,,,,,,PADDING_OR_INVALID
02,29,30,False,0,[PAD],,,,,,,PADDING_OR_INVALID
02,30,31,False,0,[PAD],,,,,,,PADDING_OR_INVALID
02,31,32,False,0,[PAD],,,,,,,PADDING_OR_INVALID
02,32,33,False,0,[PAD],,,,,,,PADDING_OR_INVALID
02,33,34,False,0,[PAD],,,,,,,PADDING_OR_INVALID
02,34,35,False,0,[PAD],,,,,,,PADDING_OR_INVALID
02,35,36,False,0,[PAD],,,,,,,PADDING_OR_INVALID
02,36,37,False,0,[PAD],,,,,,,PADDING_OR_INVALID
02,37,38,False,0,[PAD],,,,,,,PADDING_OR_INVALID
02,38,39,False,0,[PAD],,,,,,,PADDING_OR_INVALID
02,39,40,False,0,[PAD],,,,,,,PADDING_OR_INVALID
02,40,41,False,0,[PAD],,,,,,,PADDING_OR_INVALID
02,41,42,False,0,[PAD],,,,,,,PADDING_OR_INVALID
02,42,43,False,0,[PAD],,,,,,,PADDING_OR_INVALID
02,43,44,False,0,[PAD],,,,,,,PADDING_OR_INVALID
02,44,45,False,0,[PAD],,,,,,,PADDING_OR_INVALID
02,45,46,False,0,[PAD],,,,,,,PADDING_OR_INVALID
02,46,47,False,0,[PAD],,,,,,,PADDING_OR_INVALID
02,47,48,False,0,[PAD],,,,,,,PADDING_OR_INVALID
02,48,49,False,0,[PAD],,,,,,,PADDING_OR_INVALID
02,49,50,False,0,[PAD],,,,,,,PADDING_OR_INVALID
03,0,1,True,101,[CLS],,,,,,,PENDING_Q1_MAPPING_REUSE
03,1,2,True,2045,,,,,,,,PENDING_Q1_MAPPING_REUSE
03,2,3,True,1005,,,,,,,,PENDING_Q1_MAPPING_REUSE
03,3,4,True,1055,,,,,,,,PENDING_Q1_MAPPING_REUSE
03,4,5,True,2028,,,,,,,,PENDING_Q1_MAPPING_REUSE
03,5,6,True,18496,,,,,,,,PENDING_Q1_MAPPING_REUSE
03,6,7,True,2121,,,,,,,,PENDING_Q1_MAPPING_REUSE
03,7,8,True,2012,,,,,,,,PENDING_Q1_MAPPING_REUSE
03,8,9,True,1996,,,,,,,,PENDING_Q1_MAPPING_REUSE
03,9,10,True,2617,,,,,,,,PENDING_Q1_MAPPING_REUSE
03,10,11,True,2029,,,,,,,,PENDING_Q1_MAPPING_REUSE
03,11,12,True,1045,,,,,,,,PENDING_Q1_MAPPING_REUSE
03,12,13,True,2228,,,,,,,,PENDING_Q1_MAPPING_REUSE
03,13,14,True,2003,,,,,,,,PENDING_Q1_MAPPING_REUSE
03,14,15,True,2074,,,,,,,,PENDING_Q1_MAPPING_REUSE
03,15,16,True,2924,,,,,,,,PENDING_Q1_MAPPING_REUSE
03,16,17,True,19650,,,,,,,,PENDING_Q1_MAPPING_REUSE
03,17,18,True,2040,,,,,,,,PENDING_Q1_MAPPING_REUSE
03,18,19,True,2123,,,,,,,,PENDING_Q1_MAPPING_REUSE
03,19,20,True,1005,,,,,,,,PENDING_Q1_MAPPING_REUSE
03,20,21,True,1056,,,,,,,,PENDING_Q1_MAPPING_REUSE
03,21,22,True,2202,,,,,,,,PENDING_Q1_MAPPING_REUSE
03,22,23,True,12635,,,,,,,,PENDING_Q1_MAPPING_REUSE
03,23,24,True,3318,,,,,,,,PENDING_Q1_MAPPING_REUSE
03,24,25,True,2046,,,,,,,,PENDING_Q1_MAPPING_REUSE
03,25,26,True,4070,,,,,,,,PENDING_Q1_MAPPING_REUSE
03,26,27,True,1010,,,,,,,,PENDING_Q1_MAPPING_REUSE
03,27,28,True,2027,,,,,,,,PENDING_Q1_MAPPING_REUSE
03,28,29,True,2202,,,,,,,,PENDING_Q1_MAPPING_REUSE
03,29,30,True,12635,,,,,,,,PENDING_Q1_MAPPING_REUSE
03,30,31,True,10750,,,,,,,,PENDING_Q1_MAPPING_REUSE
03,31,32,True,2046,,,,,,,,PENDING_Q1_MAPPING_REUSE
03,32,33,True,4070,,,,,,,,PENDING_Q1_MAPPING_REUSE
03,33,34,True,1012,,,,,,,,PENDING_Q1_MAPPING_REUSE
03,34,35,True,102,[SEP],,,,,,,PENDING_Q1_MAPPING_REUSE
03,35,36,False,0,[PAD],,,,,,,PADDING_OR_INVALID
03,36,37,False,0,[PAD],,,,,,,PADDING_OR_INVALID
03,37,38,False,0,[PAD],,,,,,,PADDING_OR_INVALID
03,38,39,False,0,[PAD],,,,,,,PADDING_OR_INVALID
03,39,40,False,0,[PAD],,,,,,,PADDING_OR_INVALID
03,40,41,False,0,[PAD],,,,,,,PADDING_OR_INVALID
03,41,42,False,0,[PAD],,,,,,,PADDING_OR_INVALID
03,42,43,False,0,[PAD],,,,,,,PADDING_OR_INVALID
03,43,44,False,0,[PAD],,,,,,,PADDING_OR_INVALID
03,44,45,False,0,[PAD],,,,,,,PADDING_OR_INVALID
03,45,46,False,0,[PAD],,,,,,,PADDING_OR_INVALID
03,46,47,False,0,[PAD],,,,,,,PADDING_OR_INVALID
03,47,48,False,0,[PAD],,,,,,,PADDING_OR_INVALID
03,48,49,False,0,[PAD],,,,,,,PADDING_OR_INVALID
03,49,50,False,0,[PAD],,,,,,,PADDING_OR_INVALID
04,0,1,True,101,[CLS],,,,,,,PENDING_Q1_MAPPING_REUSE
04,1,2,True,2065,,,,,,,,PENDING_Q1_MAPPING_REUSE
04,2,3,True,1045,,,,,,,,PENDING_Q1_MAPPING_REUSE
04,3,4,True,6271,,,,,,,,PENDING_Q1_MAPPING_REUSE
04,4,5,True,2009,,,,,,,,PENDING_Q1_MAPPING_REUSE
04,5,6,True,2012,,,,,,,,PENDING_Q1_MAPPING_REUSE
04,6,7,True,1996,,,,,,,,PENDING_Q1_MAPPING_REUSE
04,7,8,True,2136,,,,,,,,PENDING_Q1_MAPPING_REUSE
04,8,9,True,6912,,,,,,,,PENDING_Q1_MAPPING_REUSE
04,9,10,True,1010,,,,,,,,PENDING_Q1_MAPPING_REUSE
04,10,11,True,2323,,,,,,,,PENDING_Q1_MAPPING_REUSE
04,11,12,True,1045,,,,,,,,PENDING_Q1_MAPPING_REUSE
04,12,13,True,3610,,,,,,,,PENDING_Q1_MAPPING_REUSE
04,13,14,True,2026,,,,,,,,PENDING_Q1_MAPPING_REUSE
04,14,15,True,9592,,,,,,,,PENDING_Q1_MAPPING_REUSE
04,15,16,True,1997,,,,,,,,PENDING_Q1_MAPPING_REUSE
04,16,17,True,24867,,,,,,,,PENDING_Q1_MAPPING_REUSE
04,17,18,True,1000,,,,,,,,PENDING_Q1_MAPPING_REUSE
04,18,19,True,2175,,,,,,,,PENDING_Q1_MAPPING_REUSE
04,19,20,True,2630,,,,,,,,PENDING_Q1_MAPPING_REUSE
04,20,21,True,1000,,,,,,,,PENDING_Q1_MAPPING_REUSE
04,21,22,True,9119,,,,,,,,PENDING_Q1_MAPPING_REUSE
04,22,23,True,1029,,,,,,,,PENDING_Q1_MAPPING_REUSE
04,23,24,True,1033,,,,,,,,PENDING_Q1_MAPPING_REUSE
04,24,25,True,7078,,,,,,,,PENDING_Q1_MAPPING_REUSE
04,25,26,True,2025,,,,,,,,PENDING_Q1_MAPPING_REUSE
04,26,27,True,1012,,,,,,,,PENDING_Q1_MAPPING_REUSE
04,27,28,True,102,[SEP],,,,,,,PENDING_Q1_MAPPING_REUSE
04,28,29,False,0,[PAD],,,,,,,PADDING_OR_INVALID
04,29,30,False,0,[PAD],,,,,,,PADDING_OR_INVALID
04,30,31,False,0,[PAD],,,,,,,PADDING_OR_INVALID
04,31,32,False,0,[PAD],,,,,,,PADDING_OR_INVALID
04,32,33,False,0,[PAD],,,,,,,PADDING_OR_INVALID
04,33,34,False,0,[PAD],,,,,,,PADDING_OR_INVALID
04,34,35,False,0,[PAD],,,,,,,PADDING_OR_INVALID
04,35,36,False,0,[PAD],,,,,,,PADDING_OR_INVALID
04,36,37,False,0,[PAD],,,,,,,PADDING_OR_INVALID
04,37,38,False,0,[PAD],,,,,,,PADDING_OR_INVALID
04,38,39,False,0,[PAD],,,,,,,PADDING_OR_INVALID
04,39,40,False,0,[PAD],,,,,,,PADDING_OR_INVALID
04,40,41,False,0,[PAD],,,,,,,PADDING_OR_INVALID
04,41,42,False,0,[PAD],,,,,,,PADDING_OR_INVALID
04,42,43,False,0,[PAD],,,,,,,PADDING_OR_INVALID
04,43,44,False,0,[PAD],,,,,,,PADDING_OR_INVALID
04,44,45,False,0,[PAD],,,,,,,PADDING_OR_INVALID
04,45,46,False,0,[PAD],,,,,,,PADDING_OR_INVALID
04,46,47,False,0,[PAD],,,,,,,PADDING_OR_INVALID
04,47,48,False,0,[PAD],,,,,,,PADDING_OR_INVALID
04,48,49,False,0,[PAD],,,,,,,PADDING_OR_INVALID
04,49,50,False,0,[PAD],,,,,,,PADDING_OR_INVALID
05,0,1,True,101,[CLS],,,,,,,PENDING_Q1_MAPPING_REUSE
05,1,2,True,7632,,,,,,,,PENDING_Q1_MAPPING_REUSE
05,2,3,True,1010,,,,,,,,PENDING_Q1_MAPPING_REUSE
05,3,4,True,2026,,,,,,,,PENDING_Q1_MAPPING_REUSE
05,4,5,True,2171,,,,,,,,PENDING_Q1_MAPPING_REUSE
05,5,6,True,2003,,,,,,,,PENDING_Q1_MAPPING_REUSE
05,6,7,True,9318,,,,,,,,PENDING_Q1_MAPPING_REUSE
05,7,8,True,1010,,,,,,,,PENDING_Q1_MAPPING_REUSE
05,8,9,True,2678,,,,,,,,PENDING_Q1_MAPPING_REUSE
05,9,10,True,3006,,,,,,,,PENDING_Q1_MAPPING_REUSE
05,10,11,True,2121,,,,,,,,PENDING_Q1_MAPPING_REUSE
05,11,12,True,2005,,,,,,,,PENDING_Q1_MAPPING_REUSE
05,12,13,True,2417,,,,,,,,PENDING_Q1_MAPPING_REUSE
05,13,14,True,9540,,,,,,,,PENDING_Q1_MAPPING_REUSE
05,14,15,True,5821,,,,,,,,PENDING_Q1_MAPPING_REUSE
05,15,16,True,1012,,,,,,,,PENDING_Q1_MAPPING_REUSE
05,16,17,True,102,[SEP],,,,,,,PENDING_Q1_MAPPING_REUSE
05,17,18,False,0,[PAD],,,,,,,PADDING_OR_INVALID
05,18,19,False,0,[PAD],,,,,,,PADDING_OR_INVALID
05,19,20,False,0,[PAD],,,,,,,PADDING_OR_INVALID
05,20,21,False,0,[PAD],,,,,,,PADDING_OR_INVALID
05,21,22,False,0,[PAD],,,,,,,PADDING_OR_INVALID
05,22,23,False,0,[PAD],,,,,,,PADDING_OR_INVALID
05,23,24,False,0,[PAD],,,,,,,PADDING_OR_INVALID
05,24,25,False,0,[PAD],,,,,,,PADDING_OR_INVALID
05,25,26,False,0,[PAD],,,,,,,PADDING_OR_INVALID
05,26,27,False,0,[PAD],,,,,,,PADDING_OR_INVALID
05,27,28,False,0,[PAD],,,,,,,PADDING_OR_INVALID
05,28,29,False,0,[PAD],,,,,,,PADDING_OR_INVALID
05,29,30,False,0,[PAD],,,,,,,PADDING_OR_INVALID
05,30,31,False,0,[PAD],,,,,,,PADDING_OR_INVALID
05,31,32,False,0,[PAD],,,,,,,PADDING_OR_INVALID
05,32,33,False,0,[PAD],,,,,,,PADDING_OR_INVALID
05,33,34,False,0,[PAD],,,,,,,PADDING_OR_INVALID
05,34,35,False,0,[PAD],,,,,,,PADDING_OR_INVALID
05,35,36,False,0,[PAD],,,,,,,PADDING_OR_INVALID
05,36,37,False,0,[PAD],,,,,,,PADDING_OR_INVALID
05,37,38,False,0,[PAD],,,,,,,PADDING_OR_INVALID
05,38,39,False,0,[PAD],,,,,,,PADDING_OR_INVALID
05,39,40,False,0,[PAD],,,,,,,PADDING_OR_INVALID
05,40,41,False,0,[PAD],,,,,,,PADDING_OR_INVALID
05,41,42,False,0,[PAD],,,,,,,PADDING_OR_INVALID
05,42,43,False,0,[PAD],,,,,,,PADDING_OR_INVALID
05,43,44,False,0,[PAD],,,,,,,PADDING_OR_INVALID
05,44,45,False,0,[PAD],,,,,,,PADDING_OR_INVALID
05,45,46,False,0,[PAD],,,,,,,PADDING_OR_INVALID
05,46,47,False,0,[PAD],,,,,,,PADDING_OR_INVALID
05,47,48,False,0,[PAD],,,,,,,PADDING_OR_INVALID
05,48,49,False,0,[PAD],,,,,,,PADDING_OR_INVALID
05,49,50,False,0,[PAD],,,,,,,PADDING_OR_INVALID
06,0,1,True,101,[CLS],,,,,,,PENDING_Q1_MAPPING_REUSE
06,1,2,True,2065,,,,,,,,PENDING_Q1_MAPPING_REUSE
06,2,3,True,2017,,,,,,,,PENDING_Q1_MAPPING_REUSE
06,3,4,True,1005,,,,,,,,PENDING_Q1_MAPPING_REUSE
06,4,5,True,2128,,,,,,,,PENDING_Q1_MAPPING_REUSE
06,5,6,True,1037,,,,,,,,PENDING_Q1_MAPPING_REUSE
06,6,7,True,5470,,,,,,,,PENDING_Q1_MAPPING_REUSE
06,7,8,True,1997,,,,,,,,PENDING_Q1_MAPPING_REUSE
06,8,9,True,5613,,,,,,,,PENDING_Q1_MAPPING_REUSE
06,9,10,True,1999,,,,,,,,PENDING_Q1_MAPPING_REUSE
06,10,11,True,2008,,,,,,,,PENDING_Q1_MAPPING_REUSE
06,11,12,True,3168,,,,,,,,PENDING_Q1_MAPPING_REUSE
06,12,13,True,1010,,,,,,,,PENDING_Q1_MAPPING_REUSE
06,13,14,True,2074,,,,,,,,PENDING_Q1_MAPPING_REUSE
06,14,15,True,2066,,,,,,,,PENDING_Q1_MAPPING_REUSE
06,15,16,True,2000,,,,,,,,PENDING_Q1_MAPPING_REUSE
06,16,17,True,3422,,,,,,,,PENDING_Q1_MAPPING_REUSE
06,17,18,True,2111,,,,,,,,PENDING_Q1_MAPPING_REUSE
06,18,19,True,3153,,,,,,,,PENDING_Q1_MAPPING_REUSE
06,19,20,True,1010,,,,,,,,PENDING_Q1_MAPPING_REUSE
06,20,21,True,2156,,,,,,,,PENDING_Q1_MAPPING_REUSE
06,21,22,True,8052,,,,,,,,PENDING_Q1_MAPPING_REUSE
06,22,23,True,3153,,,,,,,,PENDING_Q1_MAPPING_REUSE
06,23,24,True,5829,,,,,,,,PENDING_Q1_MAPPING_REUSE
06,24,25,True,2059,,,,,,,,PENDING_Q1_MAPPING_REUSE
06,25,26,True,2017,,,,,,,,PENDING_Q1_MAPPING_REUSE
06,26,27,True,2453,,,,,,,,PENDING_Q1_MAPPING_REUSE
06,27,28,True,2215,,,,,,,,PENDING_Q1_MAPPING_REUSE
06,28,29,True,2000,,,,,,,,PENDING_Q1_MAPPING_REUSE
06,29,30,True,4638,,,,,,,,PENDING_Q1_MAPPING_REUSE
06,30,31,True,2041,,,,,,,,PENDING_Q1_MAPPING_REUSE
06,31,32,True,2023,,,,,,,,PENDING_Q1_MAPPING_REUSE
06,32,33,True,3185,,,,,,,,PENDING_Q1_MAPPING_REUSE
06,33,34,True,9578,,,,,,,,PENDING_Q1_MAPPING_REUSE
06,34,35,True,2005,,,,,,,,PENDING_Q1_MAPPING_REUSE
06,35,36,True,2008,,,,,,,,PENDING_Q1_MAPPING_REUSE
06,36,37,True,102,[SEP],,,,,,,PENDING_Q1_MAPPING_REUSE
06,37,38,False,0,[PAD],,,,,,,PADDING_OR_INVALID
06,38,39,False,0,[PAD],,,,,,,PADDING_OR_INVALID
06,39,40,False,0,[PAD],,,,,,,PADDING_OR_INVALID
06,40,41,False,0,[PAD],,,,,,,PADDING_OR_INVALID
06,41,42,False,0,[PAD],,,,,,,PADDING_OR_INVALID
06,42,43,False,0,[PAD],,,,,,,PADDING_OR_INVALID
06,43,44,False,0,[PAD],,,,,,,PADDING_OR_INVALID
06,44,45,False,0,[PAD],,,,,,,PADDING_OR_INVALID
06,45,46,False,0,[PAD],,,,,,,PADDING_OR_INVALID
06,46,47,False,0,[PAD],,,,,,,PADDING_OR_INVALID
06,47,48,False,0,[PAD],,,,,,,PADDING_OR_INVALID
06,48,49,False,0,[PAD],,,,,,,PADDING_OR_INVALID
06,49,50,False,0,[PAD],,,,,,,PADDING_OR_INVALID
07,0,1,True,101,[CLS],,,,,,,PENDING_Q1_MAPPING_REUSE
07,1,2,True,2004,,,,,,,,PENDING_Q1_MAPPING_REUSE
07,2,3,True,11409,,,,,,,,PENDING_Q1_MAPPING_REUSE
07,3,4,True,2078,,,,,,,,PENDING_Q1_MAPPING_REUSE
07,4,5,True,1521,,,,,,,,PENDING_Q1_MAPPING_REUSE
07,5,6,True,1055,,,,,,,,PENDING_Q1_MAPPING_REUSE
07,6,7,True,5482,,,,,,,,PENDING_Q1_MAPPING_REUSE
07,7,8,True,3559,,,,,,,,PENDING_Q1_MAPPING_REUSE
07,8,9,True,2745,,,,,,,,PENDING_Q1_MAPPING_REUSE
07,9,10,True,8670,,,,,,,,PENDING_Q1_MAPPING_REUSE
07,10,11,True,4215,,,,,,,,PENDING_Q1_MAPPING_REUSE
07,11,12,True,3489,,,,,,,,PENDING_Q1_MAPPING_REUSE
07,12,13,True,4311,,,,,,,,PENDING_Q1_MAPPING_REUSE
07,13,14,True,1999,,,,,,,,PENDING_Q1_MAPPING_REUSE
07,14,15,True,2256,,,,,,,,PENDING_Q1_MAPPING_REUSE
07,15,16,True,2281,,,,,,,,PENDING_Q1_MAPPING_REUSE
07,16,17,True,2654,,,,,,,,PENDING_Q1_MAPPING_REUSE
07,17,18,True,3277,,,,,,,,PENDING_Q1_MAPPING_REUSE
07,18,19,True,1010,,,,,,,,PENDING_Q1_MAPPING_REUSE
07,19,20,True,19973,,,,,,,,PENDING_Q1_MAPPING_REUSE
07,20,21,True,1523,,,,,,,,PENDING_Q1_MAPPING_REUSE
07,21,22,True,24935,,,,,,,,PENDING_Q1_MAPPING_REUSE
07,22,23,True,6936,,,,,,,,PENDING_Q1_MAPPING_REUSE
07,23,24,True,1996,,,,,,,,PENDING_Q1_MAPPING_REUSE
07,24,25,True,7832,,,,,,,,PENDING_Q1_MAPPING_REUSE
07,25,26,True,1997,,,,,,,,PENDING_Q1_MAPPING_REUSE
07,26,27,True,3652,,,,,,,,PENDING_Q1_MAPPING_REUSE
07,27,28,True,1996,,,,,,,,PENDING_Q1_MAPPING_REUSE
07,28,29,True,17792,,,,,,,,PENDING_Q1_MAPPING_REUSE
07,29,30,True,1010,,,,,,,,PENDING_Q1_MAPPING_REUSE
07,30,31,True,1996,,,,,,,,PENDING_Q1_MAPPING_REUSE
07,31,32,True,2925,,,,,,,,PENDING_Q1_MAPPING_REUSE
07,32,33,True,1997,,,,,,,,PENDING_Q1_MAPPING_REUSE
07,33,34,True,11359,,,,,,,,PENDING_Q1_MAPPING_REUSE
07,34,35,True,3065,,,,,,,,PENDING_Q1_MAPPING_REUSE
07,35,36,True,1010,,,,,,,,PENDING_Q1_MAPPING_REUSE
07,36,37,True,1998,,,,,,,,PENDING_Q1_MAPPING_REUSE
07,37,38,True,16743,,,,,,,,PENDING_Q1_MAPPING_REUSE
07,38,39,True,1998,,,,,,,,PENDING_Q1_MAPPING_REUSE
07,39,40,True,6316,,,,,,,,PENDING_Q1_MAPPING_REUSE
07,40,41,True,3686,,,,,,,,PENDING_Q1_MAPPING_REUSE
07,41,42,True,10415,,,,,,,,PENDING_Q1_MAPPING_REUSE
07,42,43,True,13797,,,,,,,,PENDING_Q1_MAPPING_REUSE
07,43,44,True,1010,,,,,,,,PENDING_Q1_MAPPING_REUSE
07,44,45,True,2247,,,,,,,,PENDING_Q1_MAPPING_REUSE
07,45,46,True,2007,,,,,,,,PENDING_Q1_MAPPING_REUSE
07,46,47,True,3971,,,,,,,,PENDING_Q1_MAPPING_REUSE
07,47,48,True,1996,,,,,,,,PENDING_Q1_MAPPING_REUSE
07,48,49,True,2877,,,,,,,,PENDING_Q1_MAPPING_REUSE
07,49,50,True,102,[SEP],,,,,,,PENDING_Q1_MAPPING_REUSE
08,0,1,True,101,[CLS],,,,,,,PENDING_Q1_MAPPING_REUSE
08,1,2,True,2008,,,,,,,,PENDING_Q1_MAPPING_REUSE
08,2,3,True,7545,,,,,,,,PENDING_Q1_MAPPING_REUSE
08,3,4,True,2149,,,,,,,,PENDING_Q1_MAPPING_REUSE
08,4,5,True,2000,,,,,,,,PENDING_Q1_MAPPING_REUSE
08,5,6,True,3892,,,,,,,,PENDING_Q1_MAPPING_REUSE
08,6,7,True,1010,,,,,,,,PENDING_Q1_MAPPING_REUSE
08,7,8,True,1996,,,,,,,,PENDING_Q1_MAPPING_REUSE
08,8,9,True,5415,,,,,,,,PENDING_Q1_MAPPING_REUSE
08,9,10,True,2640,,,,,,,,PENDING_Q1_MAPPING_REUSE
08,10,11,True,2882,,,,,,,,PENDING_Q1_MAPPING_REUSE
08,11,12,True,4119,,,,,,,,PENDING_Q1_MAPPING_REUSE
08,12,13,True,102,[SEP],,,,,,,PENDING_Q1_MAPPING_REUSE
08,13,14,False,0,[PAD],,,,,,,PADDING_OR_INVALID
08,14,15,False,0,[PAD],,,,,,,PADDING_OR_INVALID
08,15,16,False,0,[PAD],,,,,,,PADDING_OR_INVALID
08,16,17,False,0,[PAD],,,,,,,PADDING_OR_INVALID
08,17,18,False,0,[PAD],,,,,,,PADDING_OR_INVALID
08,18,19,False,0,[PAD],,,,,,,PADDING_OR_INVALID
08,19,20,False,0,[PAD],,,,,,,PADDING_OR_INVALID
08,20,21,False,0,[PAD],,,,,,,PADDING_OR_INVALID
08,21,22,False,0,[PAD],,,,,,,PADDING_OR_INVALID
08,22,23,False,0,[PAD],,,,,,,PADDING_OR_INVALID
08,23,24,False,0,[PAD],,,,,,,PADDING_OR_INVALID
08,24,25,False,0,[PAD],,,,,,,PADDING_OR_INVALID
08,25,26,False,0,[PAD],,,,,,,PADDING_OR_INVALID
08,26,27,False,0,[PAD],,,,,,,PADDING_OR_INVALID
08,27,28,False,0,[PAD],,,,,,,PADDING_OR_INVALID
08,28,29,False,0,[PAD],,,,,,,PADDING_OR_INVALID
08,29,30,False,0,[PAD],,,,,,,PADDING_OR_INVALID
08,30,31,False,0,[PAD],,,,,,,PADDING_OR_INVALID
08,31,32,False,0,[PAD],,,,,,,PADDING_OR_INVALID
08,32,33,False,0,[PAD],,,,,,,PADDING_OR_INVALID
08,33,34,False,0,[PAD],,,,,,,PADDING_OR_INVALID
08,34,35,False,0,[PAD],,,,,,,PADDING_OR_INVALID
08,35,36,False,0,[PAD],,,,,,,PADDING_OR_INVALID
08,36,37,False,0,[PAD],,,,,,,PADDING_OR_INVALID
08,37,38,False,0,[PAD],,,,,,,PADDING_OR_INVALID
08,38,39,False,0,[PAD],,,,,,,PADDING_OR_INVALID
08,39,40,False,0,[PAD],,,,,,,PADDING_OR_INVALID
08,40,41,False,0,[PAD],,,,,,,PADDING_OR_INVALID
08,41,42,False,0,[PAD],,,,,,,PADDING_OR_INVALID
08,42,43,False,0,[PAD],,,,,,,PADDING_OR_INVALID
08,43,44,False,0,[PAD],,,,,,,PADDING_OR_INVALID
08,44,45,False,0,[PAD],,,,,,,PADDING_OR_INVALID
08,45,46,False,0,[PAD],,,,,,,PADDING_OR_INVALID
08,46,47,False,0,[PAD],,,,,,,PADDING_OR_INVALID
08,47,48,False,0,[PAD],,,,,,,PADDING_OR_INVALID
08,48,49,False,0,[PAD],,,,,,,PADDING_OR_INVALID
08,49,50,False,0,[PAD],,,,,,,PADDING_OR_INVALID
09,0,1,True,101,[CLS],,,,,,,PENDING_Q1_MAPPING_REUSE
09,1,2,True,1006,,,,,,,,PENDING_Q1_MAPPING_REUSE
09,2,3,True,7910,,,,,,,,PENDING_Q1_MAPPING_REUSE
09,3,4,True,2232,,,,,,,,PENDING_Q1_MAPPING_REUSE
09,4,5,True,1007,,,,,,,,PENDING_Q1_MAPPING_REUSE
09,5,6,True,1045,,,,,,,,PENDING_Q1_MAPPING_REUSE
09,6,7,True,2106,,,,,,,,PENDING_Q1_MAPPING_REUSE
09,7,8,True,2025,,,,,,,,PENDING_Q1_MAPPING_REUSE
09,8,9,True,2066,,,,,,,,PENDING_Q1_MAPPING_REUSE
09,9,10,True,2023,,,,,,,,PENDING_Q1_MAPPING_REUSE
09,10,11,True,3185,,,,,,,,PENDING_Q1_MAPPING_REUSE
09,11,12,True,2012,,,,,,,,PENDING_Q1_MAPPING_REUSE
09,12,13,True,2035,,,,,,,,PENDING_Q1_MAPPING_REUSE
09,13,14,True,1010,,,,,,,,PENDING_Q1_MAPPING_REUSE
09,14,15,True,1045,,,,,,,,PENDING_Q1_MAPPING_REUSE
09,15,16,True,2052,,,,,,,,PENDING_Q1_MAPPING_REUSE
09,16,17,True,2025,,,,,,,,PENDING_Q1_MAPPING_REUSE
09,17,18,True,16755,,,,,,,,PENDING_Q1_MAPPING_REUSE
09,18,19,True,2009,,,,,,,,PENDING_Q1_MAPPING_REUSE
09,19,20,True,102,[SEP],,,,,,,PENDING_Q1_MAPPING_REUSE
09,20,21,False,0,[PAD],,,,,,,PADDING_OR_INVALID
09,21,22,False,0,[PAD],,,,,,,PADDING_OR_INVALID
09,22,23,False,0,[PAD],,,,,,,PADDING_OR_INVALID
09,23,24,False,0,[PAD],,,,,,,PADDING_OR_INVALID
09,24,25,False,0,[PAD],,,,,,,PADDING_OR_INVALID
09,25,26,False,0,[PAD],,,,,,,PADDING_OR_INVALID
09,26,27,False,0,[PAD],,,,,,,PADDING_OR_INVALID
09,27,28,False,0,[PAD],,,,,,,PADDING_OR_INVALID
09,28,29,False,0,[PAD],,,,,,,PADDING_OR_INVALID
09,29,30,False,0,[PAD],,,,,,,PADDING_OR_INVALID
09,30,31,False,0,[PAD],,,,,,,PADDING_OR_INVALID
09,31,32,False,0,[PAD],,,,,,,PADDING_OR_INVALID
09,32,33,False,0,[PAD],,,,,,,PADDING_OR_INVALID
09,33,34,False,0,[PAD],,,,,,,PADDING_OR_INVALID
09,34,35,False,0,[PAD],,,,,,,PADDING_OR_INVALID
09,35,36,False,0,[PAD],,,,,,,PADDING_OR_INVALID
09,36,37,False,0,[PAD],,,,,,,PADDING_OR_INVALID
09,37,38,False,0,[PAD],,,,,,,PADDING_OR_INVALID
09,38,39,False,0,[PAD],,,,,,,PADDING_OR_INVALID
09,39,40,False,0,[PAD],,,,,,,PADDING_OR_INVALID
09,40,41,False,0,[PAD],,,,,,,PADDING_OR_INVALID
09,41,42,False,0,[PAD],,,,,,,PADDING_OR_INVALID
09,42,43,False,0,[PAD],,,,,,,PADDING_OR_INVALID
09,43,44,False,0,[PAD],,,,,,,PADDING_OR_INVALID
09,44,45,False,0,[PAD],,,,,,,PADDING_OR_INVALID
09,45,46,False,0,[PAD],,,,,,,PADDING_OR_INVALID
09,46,47,False,0,[PAD],,,,,,,PADDING_OR_INVALID
09,47,48,False,0,[PAD],,,,,,,PADDING_OR_INVALID
09,48,49,False,0,[PAD],,,,,,,PADDING_OR_INVALID
09,49,50,False,0,[PAD],,,,,,,PADDING_OR_INVALID
10,0,1,True,101,[CLS],,,,,,,PENDING_Q1_MAPPING_REUSE
10,1,2,True,1006,,,,,,,,PENDING_Q1_MAPPING_REUSE
10,2,3,True,26114,,,,,,,,PENDING_Q1_MAPPING_REUSE
10,3,4,True,1007,,,,,,,,PENDING_Q1_MAPPING_REUSE
10,4,5,True,1998,,,,,,,,PENDING_Q1_MAPPING_REUSE
10,5,6,True,2017,,,,,,,,PENDING_Q1_MAPPING_REUSE
10,6,7,True,2113,,,,,,,,PENDING_Q1_MAPPING_REUSE
10,7,8,True,1045,,,,,,,,PENDING_Q1_MAPPING_REUSE
10,8,9,True,2428,,,,,,,,PENDING_Q1_MAPPING_REUSE
10,9,10,True,2079,,,,,,,,PENDING_Q1_MAPPING_REUSE
10,10,11,True,2066,,,,,,,,PENDING_Q1_MAPPING_REUSE
10,11,12,True,2000,,,,,,,,PENDING_Q1_MAPPING_REUSE
10,12,13,True,2156,,,,,,,,PENDING_Q1_MAPPING_REUSE
10,13,14,True,27036,,,,,,,,PENDING_Q1_MAPPING_REUSE
10,14,15,True,14556,,,,,,,,PENDING_Q1_MAPPING_REUSE
10,15,16,True,17312,,,,,,,,PENDING_Q1_MAPPING_REUSE
10,16,17,True,2015,,,,,,,,PENDING_Q1_MAPPING_REUSE
10,17,18,True,2823,,,,,,,,PENDING_Q1_MAPPING_REUSE
10,18,19,True,2061,,,,,,,,PENDING_Q1_MAPPING_REUSE
10,19,20,True,1045,,,,,,,,PENDING_Q1_MAPPING_REUSE
10,20,21,True,1005,,,,,,,,PENDING_Q1_MAPPING_REUSE
10,21,22,True,1049,,,,,,,,PENDING_Q1_MAPPING_REUSE
10,22,23,True,2025,,,,,,,,PENDING_Q1_MAPPING_REUSE
10,23,24,True,2114,,,,,,,,PENDING_Q1_MAPPING_REUSE
10,24,25,True,2008,,,,,,,,PENDING_Q1_MAPPING_REUSE
10,25,26,True,2021,,,,,,,,PENDING_Q1_MAPPING_REUSE
10,26,27,True,2023,,,,,,,,PENDING_Q1_MAPPING_REUSE
10,27,28,True,2028,,,,,,,,PENDING_Q1_MAPPING_REUSE
10,28,29,True,2001,,,,,,,,PENDING_Q1_MAPPING_REUSE
10,29,30,True,3492,,,,,,,,PENDING_Q1_MAPPING_REUSE
10,30,31,True,6659,,,,,,,,PENDING_Q1_MAPPING_REUSE
10,31,32,True,102,[SEP],,,,,,,PENDING_Q1_MAPPING_REUSE
10,32,33,False,0,[PAD],,,,,,,PADDING_OR_INVALID
10,33,34,False,0,[PAD],,,,,,,PADDING_OR_INVALID
10,34,35,False,0,[PAD],,,,,,,PADDING_OR_INVALID
10,35,36,False,0,[PAD],,,,,,,PADDING_OR_INVALID
10,36,37,False,0,[PAD],,,,,,,PADDING_OR_INVALID
10,37,38,False,0,[PAD],,,,,,,PADDING_OR_INVALID
10,38,39,False,0,[PAD],,,,,,,PADDING_OR_INVALID
10,39,40,False,0,[PAD],,,,,,,PADDING_OR_INVALID
10,40,41,False,0,[PAD],,,,,,,PADDING_OR_INVALID
10,41,42,False,0,[PAD],,,,,,,PADDING_OR_INVALID
10,42,43,False,0,[PAD],,,,,,,PADDING_OR_INVALID
10,43,44,False,0,[PAD],,,,,,,PADDING_OR_INVALID
10,44,45,False,0,[PAD],,,,,,,PADDING_OR_INVALID
10,45,46,False,0,[PAD],,,,,,,PADDING_OR_INVALID
10,46,47,False,0,[PAD],,,,,,,PADDING_OR_INVALID
10,47,48,False,0,[PAD],,,,,,,PADDING_OR_INVALID
10,48,49,False,0,[PAD],,,,,,,PADDING_OR_INVALID
10,49,50,False,0,[PAD],,,,,,,PADDING_OR_INVALID
11,0,1,True,101,[CLS],,,,,,,PENDING_Q1_MAPPING_REUSE
11,1,2,True,1045,,,,,,,,PENDING_Q1_MAPPING_REUSE
11,2,3,True,2052,,,,,,,,PENDING_Q1_MAPPING_REUSE
11,3,4,True,2022,,,,,,,,PENDING_Q1_MAPPING_REUSE
11,4,5,True,14984,,,,,,,,PENDING_Q1_MAPPING_REUSE
11,5,6,True,2000,,,,,,,,PENDING_Q1_MAPPING_REUSE
11,6,7,True,2031,,,,,,,,PENDING_Q1_MAPPING_REUSE
11,7,8,True,2081,,,,,,,,PENDING_Q1_MAPPING_REUSE
11,8,9,True,2023,,,,,,,,PENDING_Q1_MAPPING_REUSE
11,9,10,True,2143,,,,,,,,PENDING_Q1_MAPPING_REUSE
11,10,11,True,2065,,,,,,,,PENDING_Q1_MAPPING_REUSE
11,11,12,True,1045,,,,,,,,PENDING_Q1_MAPPING_REUSE
11,12,13,True,2001,,,,,,,,PENDING_Q1_MAPPING_REUSE
11,13,14,True,1037,,,,,,,,PENDING_Q1_MAPPING_REUSE
11,14,15,True,2472,,,,,,,,PENDING_Q1_MAPPING_REUSE
11,15,16,True,102,[SEP],,,,,,,PENDING_Q1_MAPPING_REUSE
11,16,17,False,0,[PAD],,,,,,,PADDING_OR_INVALID
11,17,18,False,0,[PAD],,,,,,,PADDING_OR_INVALID
11,18,19,False,0,[PAD],,,,,,,PADDING_OR_INVALID
11,19,20,False,0,[PAD],,,,,,,PADDING_OR_INVALID
11,20,21,False,0,[PAD],,,,,,,PADDING_OR_INVALID
11,21,22,False,0,[PAD],,,,,,,PADDING_OR_INVALID
11,22,23,False,0,[PAD],,,,,,,PADDING_OR_INVALID
11,23,24,False,0,[PAD],,,,,,,PADDING_OR_INVALID
11,24,25,False,0,[PAD],,,,,,,PADDING_OR_INVALID
11,25,26,False,0,[PAD],,,,,,,PADDING_OR_INVALID
11,26,27,False,0,[PAD],,,,,,,PADDING_OR_INVALID
11,27,28,False,0,[PAD],,,,,,,PADDING_OR_INVALID
11,28,29,False,0,[PAD],,,,,,,PADDING_OR_INVALID
11,29,30,False,0,[PAD],,,,,,,PADDING_OR_INVALID
11,30,31,False,0,[PAD],,,,,,,PADDING_OR_INVALID
11,31,32,False,0,[PAD],,,,,,,PADDING_OR_INVALID
11,32,33,False,0,[PAD],,,,,,,PADDING_OR_INVALID
11,33,34,False,0,[PAD],,,,,,,PADDING_OR_INVALID
11,34,35,False,0,[PAD],,,,,,,PADDING_OR_INVALID
11,35,36,False,0,[PAD],,,,,,,PADDING_OR_INVALID
11,36,37,False,0,[PAD],,,,,,,PADDING_OR_INVALID
11,37,38,False,0,[PAD],,,,,,,PADDING_OR_INVALID
11,38,39,False,0,[PAD],,,,,,,PADDING_OR_INVALID
11,39,40,False,0,[PAD],,,,,,,PADDING_OR_INVALID
11,40,41,False,0,[PAD],,,,,,,PADDING_OR_INVALID
11,41,42,False,0,[PAD],,,,,,,PADDING_OR_INVALID
11,42,43,False,0,[PAD],,,,,,,PADDING_OR_INVALID
11,43,44,False,0,[PAD],,,,,,,PADDING_OR_INVALID
11,44,45,False,0,[PAD],,,,,,,PADDING_OR_INVALID
11,45,46,False,0,[PAD],,,,,,,PADDING_OR_INVALID
11,46,47,False,0,[PAD],,,,,,,PADDING_OR_INVALID
11,47,48,False,0,[PAD],,,,,,,PADDING_OR_INVALID
11,48,49,False,0,[PAD],,,,,,,PADDING_OR_INVALID
11,49,50,False,0,[PAD],,,,,,,PADDING_OR_INVALID
12,0,1,True,101,[CLS],,,,,,,PENDING_Q1_MAPPING_REUSE
12,1,2,True,2030,,,,,,,,PENDING_Q1_MAPPING_REUSE
12,2,3,True,4788,,,,,,,,PENDING_Q1_MAPPING_REUSE
12,3,4,True,1010,,,,,,,,PENDING_Q1_MAPPING_REUSE
12,4,5,True,2019,,,,,,,,PENDING_Q1_MAPPING_REUSE
12,5,6,True,3265,,,,,,,,PENDING_Q1_MAPPING_REUSE
12,6,7,True,3130,,,,,,,,PENDING_Q1_MAPPING_REUSE
12,7,8,True,2018,,,,,,,,PENDING_Q1_MAPPING_REUSE
12,8,9,True,2204,,,,,,,,PENDING_Q1_MAPPING_REUSE
12,9,10,True,4923,,,,,,,,PENDING_Q1_MAPPING_REUSE
12,10,11,True,1010,,,,,,,,PENDING_Q1_MAPPING_REUSE
12,11,12,True,2021,,,,,,,,PENDING_Q1_MAPPING_REUSE
12,12,13,True,2788,,,,,,,,PENDING_Q1_MAPPING_REUSE
12,13,14,True,2011,,,,,,,,PENDING_Q1_MAPPING_REUSE
12,14,15,True,2053,,,,,,,,PENDING_Q1_MAPPING_REUSE
12,15,16,True,6346,,,,,,,,PENDING_Q1_MAPPING_REUSE
12,16,17,True,1997,,,,,,,,PENDING_Q1_MAPPING_REUSE
12,17,18,True,2037,,,,,,,,PENDING_Q1_MAPPING_REUSE
12,18,19,True,2219,,,,,,,,PENDING_Q1_MAPPING_REUSE
12,19,20,True,1010,,,,,,,,PENDING_Q1_MAPPING_REUSE
12,20,21,True,2030,,,,,,,,PENDING_Q1_MAPPING_REUSE
12,21,22,True,3383,,,,,,,,PENDING_Q1_MAPPING_REUSE
12,22,23,True,2011,,,,,,,,PENDING_Q1_MAPPING_REUSE
12,23,24,True,6346,,,,,,,,PENDING_Q1_MAPPING_REUSE
12,24,25,True,1997,,,,,,,,PENDING_Q1_MAPPING_REUSE
12,25,26,True,2037,,,,,,,,PENDING_Q1_MAPPING_REUSE
12,26,27,True,2219,,,,,,,,PENDING_Q1_MAPPING_REUSE
12,27,28,True,1010,,,,,,,,PENDING_Q1_MAPPING_REUSE
12,28,29,True,2027,,,,,,,,PENDING_Q1_MAPPING_REUSE
12,29,30,True,2031,,,,,,,,PENDING_Q1_MAPPING_REUSE
12,30,31,True,2292,,,,,,,,PENDING_Q1_MAPPING_REUSE
12,31,32,True,2037,,,,,,,,PENDING_Q1_MAPPING_REUSE
12,32,33,True,4923,,,,,,,,PENDING_Q1_MAPPING_REUSE
12,33,34,True,7842,,,,,,,,PENDING_Q1_MAPPING_REUSE
12,34,35,True,2290,,,,,,,,PENDING_Q1_MAPPING_REUSE
12,35,36,True,1010,,,,,,,,PENDING_Q1_MAPPING_REUSE
12,36,37,True,1998,,,,,,,,PENDING_Q1_MAPPING_REUSE
12,37,38,True,4923,,,,,,,,PENDING_Q1_MAPPING_REUSE
12,38,39,True,7644,,,,,,,,PENDING_Q1_MAPPING_REUSE
12,39,40,True,2003,,,,,,,,PENDING_Q1_MAPPING_REUSE
12,40,41,True,2200,,,,,,,,PENDING_Q1_MAPPING_REUSE
12,41,42,True,2659,,,,,,,,PENDING_Q1_MAPPING_REUSE
12,42,43,True,1012,,,,,,,,PENDING_Q1_MAPPING_REUSE
12,43,44,True,102,[SEP],,,,,,,PENDING_Q1_MAPPING_REUSE
12,44,45,False,0,[PAD],,,,,,,PADDING_OR_INVALID
12,45,46,False,0,[PAD],,,,,,,PADDING_OR_INVALID
12,46,47,False,0,[PAD],,,,,,,PADDING_OR_INVALID
12,47,48,False,0,[PAD],,,,,,,PADDING_OR_INVALID
12,48,49,False,0,[PAD],,,,,,,PADDING_OR_INVALID
12,49,50,False,0,[PAD],,,,,,,PADDING_OR_INVALID
13,0,1,True,101,[CLS],,,,,,,PENDING_Q1_MAPPING_REUSE
13,1,2,True,2005,,,,,,,,PENDING_Q1_MAPPING_REUSE
13,2,3,True,2742,,,,,,,,PENDING_Q1_MAPPING_REUSE
13,3,4,True,1010,,,,,,,,PENDING_Q1_MAPPING_REUSE
13,4,5,True,1045,,,,,,,,PENDING_Q1_MAPPING_REUSE
13,5,6,True,2071,,,,,,,,PENDING_Q1_MAPPING_REUSE
13,6,7,True,2202,,,,,,,,PENDING_Q1_MAPPING_REUSE
13,7,8,True,1037,,,,,,,,PENDING_Q1_MAPPING_REUSE
13,8,9,True,2275,,,,,,,,PENDING_Q1_MAPPING_REUSE
13,9,10,True,1997,,,,,,,,PENDING_Q1_MAPPING_REUSE
13,10,11,True,2951,,,,,,,,PENDING_Q1_MAPPING_REUSE
13,11,12,True,1998,,,,,,,,PENDING_Q1_MAPPING_REUSE
13,12,13,True,2013,,,,,,,,PENDING_Q1_MAPPING_REUSE
13,13,14,True,2008,,,,,,,,PENDING_Q1_MAPPING_REUSE
13,14,15,True,2951,,,,,,,,PENDING_Q1_MAPPING_REUSE
13,15,16,True,1010,,,,,,,,PENDING_Q1_MAPPING_REUSE
13,16,17,True,1045,,,,,,,,PENDING_Q1_MAPPING_REUSE
13,17,18,True,2064,,,,,,,,PENDING_Q1_MAPPING_REUSE
13,18,19,True,2424,,,,,,,,PENDING_Q1_MAPPING_REUSE
13,19,20,True,1037,,,,,,,,PENDING_Q1_MAPPING_REUSE
13,20,21,True,3276,,,,,,,,PENDING_Q1_MAPPING_REUSE
13,21,22,True,2090,,,,,,,,PENDING_Q1_MAPPING_REUSE
13,22,23,True,2151,,,,,,,,PENDING_Q1_MAPPING_REUSE
13,23,24,True,2048,,,,,,,,PENDING_Q1_MAPPING_REUSE
13,24,25,True,1997,,,,,,,,PENDING_Q1_MAPPING_REUSE
13,25,26,True,1996,,,,,,,,PENDING_Q1_MAPPING_REUSE
13,26,27,True,2445,,,,,,,,PENDING_Q1_MAPPING_REUSE
13,27,28,True,5876,,,,,,,,PENDING_Q1_MAPPING_REUSE
13,28,29,True,2030,,,,,,,,PENDING_Q1_MAPPING_REUSE
13,29,30,True,2062,,,,,,,,PENDING_Q1_MAPPING_REUSE
13,30,31,True,1012,,,,,,,,PENDING_Q1_MAPPING_REUSE
13,31,32,True,102,[SEP],,,,,,,PENDING_Q1_MAPPING_REUSE
13,32,33,False,0,[PAD],,,,,,,PADDING_OR_INVALID
13,33,34,False,0,[PAD],,,,,,,PADDING_OR_INVALID
13,34,35,False,0,[PAD],,,,,,,PADDING_OR_INVALID
13,35,36,False,0,[PAD],,,,,,,PADDING_OR_INVALID
13,36,37,False,0,[PAD],,,,,,,PADDING_OR_INVALID
13,37,38,False,0,[PAD],,,,,,,PADDING_OR_INVALID
13,38,39,False,0,[PAD],,,,,,,PADDING_OR_INVALID
13,39,40,False,0,[PAD],,,,,,,PADDING_OR_INVALID
13,40,41,False,0,[PAD],,,,,,,PADDING_OR_INVALID
13,41,42,False,0,[PAD],,,,,,,PADDING_OR_INVALID
13,42,43,False,0,[PAD],,,,,,,PADDING_OR_INVALID
13,43,44,False,0,[PAD],,,,,,,PADDING_OR_INVALID
13,44,45,False,0,[PAD],,,,,,,PADDING_OR_INVALID
13,45,46,False,0,[PAD],,,,,,,PADDING_OR_INVALID
13,46,47,False,0,[PAD],,,,,,,PADDING_OR_INVALID
13,47,48,False,0,[PAD],,,,,,,PADDING_OR_INVALID
13,48,49,False,0,[PAD],,,,,,,PADDING_OR_INVALID
13,49,50,False,0,[PAD],,,,,,,PADDING_OR_INVALID
14,0,1,True,101,[CLS],,,,,,,PENDING_Q1_MAPPING_REUSE
14,1,2,True,2002,,,,,,,,PENDING_Q1_MAPPING_REUSE
14,2,3,True,2003,,,,,,,,PENDING_Q1_MAPPING_REUSE
14,3,4,True,1996,,,,,,,,PENDING_Q1_MAPPING_REUSE
14,4,5,True,2522,,,,,,,,PENDING_Q1_MAPPING_REUSE
14,5,6,True,1011,,,,,,,,PENDING_Q1_MAPPING_REUSE
14,6,7,True,3910,,,,,,,,PENDING_Q1_MAPPING_REUSE
14,7,8,True,1997,,,,,,,,PENDING_Q1_MAPPING_REUSE
14,8,9,True,5811,,,,,,,,PENDING_Q1_MAPPING_REUSE
14,9,10,True,2368,,,,,,,,PENDING_Q1_MAPPING_REUSE
14,10,11,True,1998,,,,,,,,PENDING_Q1_MAPPING_REUSE
14,11,12,True,29525,,,,,,,,PENDING_Q1_MAPPING_REUSE
14,12,13,True,4570,,,,,,,,PENDING_Q1_MAPPING_REUSE
14,13,14,True,2063,,,,,,,,PENDING_Q1_MAPPING_REUSE
14,14,15,True,3132,,,,,,,,PENDING_Q1_MAPPING_REUSE
14,15,16,True,1998,,,,,,,,PENDING_Q1_MAPPING_REUSE
14,16,17,True,1996,,,,,,,,PENDING_Q1_MAPPING_REUSE
14,17,18,True,2280,,,,,,,,PENDING_Q1_MAPPING_REUSE
14,18,19,True,3237,,,,,,,,PENDING_Q1_MAPPING_REUSE
14,19,20,True,2472,,,,,,,,PENDING_Q1_MAPPING_REUSE
14,20,21,True,1997,,,,,,,,PENDING_Q1_MAPPING_REUSE
14,21,22,True,6375,,,,,,,,PENDING_Q1_MAPPING_REUSE
14,22,23,True,2345,,,,,,,,PENDING_Q1_MAPPING_REUSE
14,23,24,True,7749,,,,,,,,PENDING_Q1_MAPPING_REUSE
14,24,25,True,1006,,,,,,,,PENDING_Q1_MAPPING_REUSE
14,25,26,True,1057,,,,,,,,PENDING_Q1_MAPPING_REUSE
14,26,27,True,7959,,,,,,,,PENDING_Q1_MAPPING_REUSE
14,27,28,True,1007,,,,,,,,PENDING_Q1_MAPPING_REUSE
14,28,29,True,5352,,,,,,,,PENDING_Q1_MAPPING_REUSE
14,29,30,True,2012,,,,,,,,PENDING_Q1_MAPPING_REUSE
14,30,31,True,4361,,,,,,,,PENDING_Q1_MAPPING_REUSE
14,31,32,True,1005,,,,,,,,PENDING_Q1_MAPPING_REUSE
14,32,33,True,1055,,,,,,,,PENDING_Q1_MAPPING_REUSE
14,33,34,True,2259,,,,,,,,PENDING_Q1_MAPPING_REUSE
14,34,35,True,2118,,,,,,,,PENDING_Q1_MAPPING_REUSE
14,35,36,True,1012,,,,,,,,PENDING_Q1_MAPPING_REUSE
14,36,37,True,102,[SEP],,,,,,,PENDING_Q1_MAPPING_REUSE
14,37,38,False,0,[PAD],,,,,,,PADDING_OR_INVALID
14,38,39,False,0,[PAD],,,,,,,PADDING_OR_INVALID
14,39,40,False,0,[PAD],,,,,,,PADDING_OR_INVALID
14,40,41,False,0,[PAD],,,,,,,PADDING_OR_INVALID
14,41,42,False,0,[PAD],,,,,,,PADDING_OR_INVALID
14,42,43,False,0,[PAD],,,,,,,PADDING_OR_INVALID
14,43,44,False,0,[PAD],,,,,,,PADDING_OR_INVALID
14,44,45,False,0,[PAD],,,,,,,PADDING_OR_INVALID
14,45,46,False,0,[PAD],,,,,,,PADDING_OR_INVALID
14,46,47,False,0,[PAD],,,,,,,PADDING_OR_INVALID
14,47,48,False,0,[PAD],,,,,,,PADDING_OR_INVALID
14,48,49,False,0,[PAD],,,,,,,PADDING_OR_INVALID
14,49,50,False,0,[PAD],,,,,,,PADDING_OR_INVALID
15,0,1,True,101,[CLS],,,,,,,PENDING_Q1_MAPPING_REUSE
15,1,2,True,2174,,,,,,,,PENDING_Q1_MAPPING_REUSE
15,2,3,True,1010,,,,,,,,PENDING_Q1_MAPPING_REUSE
15,3,4,True,2750,,,,,,,,PENDING_Q1_MAPPING_REUSE
15,4,5,True,2037,,,,,,,,PENDING_Q1_MAPPING_REUSE
15,5,6,True,5635,,,,,,,,PENDING_Q1_MAPPING_REUSE
15,6,7,True,1010,,,,,,,,PENDING_Q1_MAPPING_REUSE
15,7,8,True,1996,,,,,,,,PENDING_Q1_MAPPING_REUSE
15,8,9,True,2155,,,,,,,,PENDING_Q1_MAPPING_REUSE
15,9,10,True,3188,,,,,,,,PENDING_Q1_MAPPING_REUSE
15,10,11,True,25090,,,,,,,,PENDING_Q1_MAPPING_REUSE
15,11,12,True,4371,,,,,,,,PENDING_Q1_MAPPING_REUSE
15,12,13,True,2495,,,,,,,,PENDING_Q1_MAPPING_REUSE
15,13,14,True,2138,,,,,,,,PENDING_Q1_MAPPING_REUSE
15,14,15,True,2027,,,,,,,,PENDING_Q1_MAPPING_REUSE
15,15,16,True,3373,,,,,,,,PENDING_Q1_MAPPING_REUSE
15,16,17,True,1999,,,,,,,,PENDING_Q1_MAPPING_REUSE
15,17,18,True,2049,,,,,,,,PENDING_Q1_MAPPING_REUSE
15,18,19,True,2373,,,,,,,,PENDING_Q1_MAPPING_REUSE
15,19,20,True,2000,,,,,,,,PENDING_Q1_MAPPING_REUSE
15,20,21,True,10938,,,,,,,,PENDING_Q1_MAPPING_REUSE
15,21,22,True,3268,,,,,,,,PENDING_Q1_MAPPING_REUSE
15,22,23,True,102,[SEP],,,,,,,PENDING_Q1_MAPPING_REUSE
15,23,24,False,0,[PAD],,,,,,,PADDING_OR_INVALID
15,24,25,False,0,[PAD],,,,,,,PADDING_OR_INVALID
15,25,26,False,0,[PAD],,,,,,,PADDING_OR_INVALID
15,26,27,False,0,[PAD],,,,,,,PADDING_OR_INVALID
15,27,28,False,0,[PAD],,,,,,,PADDING_OR_INVALID
15,28,29,False,0,[PAD],,,,,,,PADDING_OR_INVALID
15,29,30,False,0,[PAD],,,,,,,PADDING_OR_INVALID
15,30,31,False,0,[PAD],,,,,,,PADDING_OR_INVALID
15,31,32,False,0,[PAD],,,,,,,PADDING_OR_INVALID
15,32,33,False,0,[PAD],,,,,,,PADDING_OR_INVALID
15,33,34,False,0,[PAD],,,,,,,PADDING_OR_INVALID
15,34,35,False,0,[PAD],,,,,,,PADDING_OR_INVALID
15,35,36,False,0,[PAD],,,,,,,PADDING_OR_INVALID
15,36,37,False,0,[PAD],,,,,,,PADDING_OR_INVALID
15,37,38,False,0,[PAD],,,,,,,PADDING_OR_INVALID
15,38,39,False,0,[PAD],,,,,,,PADDING_OR_INVALID
15,39,40,False,0,[PAD],,,,,,,PADDING_OR_INVALID
15,40,41,False,0,[PAD],,,,,,,PADDING_OR_INVALID
15,41,42,False,0,[PAD],,,,,,,PADDING_OR_INVALID
15,42,43,False,0,[PAD],,,,,,,PADDING_OR_INVALID
15,43,44,False,0,[PAD],,,,,,,PADDING_OR_INVALID
15,44,45,False,0,[PAD],,,,,,,PADDING_OR_INVALID
15,45,46,False,0,[PAD],,,,,,,PADDING_OR_INVALID
15,46,47,False,0,[PAD],,,,,,,PADDING_OR_INVALID
15,47,48,False,0,[PAD],,,,,,,PADDING_OR_INVALID
15,48,49,False,0,[PAD],,,,,,,PADDING_OR_INVALID
15,49,50,False,0,[PAD],,,,,,,PADDING_OR_INVALID
16,0,1,True,101,[CLS],,,,,,,PENDING_Q1_MAPPING_REUSE
16,1,2,True,2009,,,,,,,,PENDING_Q1_MAPPING_REUSE
16,2,3,True,1005,,,,,,,,PENDING_Q1_MAPPING_REUSE
16,3,4,True,1055,,,,,,,,PENDING_Q1_MAPPING_REUSE
16,4,5,True,1037,,,,,,,,PENDING_Q1_MAPPING_REUSE
16,5,6,True,6659,,,,,,,,PENDING_Q1_MAPPING_REUSE
16,6,7,True,1010,,,,,,,,PENDING_Q1_MAPPING_REUSE
16,7,8,True,2023,,,,,,,,PENDING_Q1_MAPPING_REUSE
16,8,9,True,2003,,,,,,,,PENDING_Q1_MAPPING_REUSE
16,9,10,True,1037,,,,,,,,PENDING_Q1_MAPPING_REUSE
16,10,11,True,6659,,,,,,,,PENDING_Q1_MAPPING_REUSE
16,11,12,True,3185,,,,,,,,PENDING_Q1_MAPPING_REUSE
16,12,13,True,102,[SEP],,,,,,,PENDING_Q1_MAPPING_REUSE
16,13,14,False,0,[PAD],,,,,,,PADDING_OR_INVALID
16,14,15,False,0,[PAD],,,,,,,PADDING_OR_INVALID
16,15,16,False,0,[PAD],,,,,,,PADDING_OR_INVALID
16,16,17,False,0,[PAD],,,,,,,PADDING_OR_INVALID
16,17,18,False,0,[PAD],,,,,,,PADDING_OR_INVALID
16,18,19,False,0,[PAD],,,,,,,PADDING_OR_INVALID
16,19,20,False,0,[PAD],,,,,,,PADDING_OR_INVALID
16,20,21,False,0,[PAD],,,,,,,PADDING_OR_INVALID
16,21,22,False,0,[PAD],,,,,,,PADDING_OR_INVALID
16,22,23,False,0,[PAD],,,,,,,PADDING_OR_INVALID
16,23,24,False,0,[PAD],,,,,,,PADDING_OR_INVALID
16,24,25,False,0,[PAD],,,,,,,PADDING_OR_INVALID
16,25,26,False,0,[PAD],,,,,,,PADDING_OR_INVALID
16,26,27,False,0,[PAD],,,,,,,PADDING_OR_INVALID
16,27,28,False,0,[PAD],,,,,,,PADDING_OR_INVALID
16,28,29,False,0,[PAD],,,,,,,PADDING_OR_INVALID
16,29,30,False,0,[PAD],,,,,,,PADDING_OR_INVALID
16,30,31,False,0,[PAD],,,,,,,PADDING_OR_INVALID
16,31,32,False,0,[PAD],,,,,,,PADDING_OR_INVALID
16,32,33,False,0,[PAD],,,,,,,PADDING_OR_INVALID
16,33,34,False,0,[PAD],,,,,,,PADDING_OR_INVALID
16,34,35,False,0,[PAD],,,,,,,PADDING_OR_INVALID
16,35,36,False,0,[PAD],,,,,,,PADDING_OR_INVALID
16,36,37,False,0,[PAD],,,,,,,PADDING_OR_INVALID
16,37,38,False,0,[PAD],,,,,,,PADDING_OR_INVALID
16,38,39,False,0,[PAD],,,,,,,PADDING_OR_INVALID
16,39,40,False,0,[PAD],,,,,,,PADDING_OR_INVALID
16,40,41,False,0,[PAD],,,,,,,PADDING_OR_INVALID
16,41,42,False,0,[PAD],,,,,,,PADDING_OR_INVALID
16,42,43,False,0,[PAD],,,,,,,PADDING_OR_INVALID
16,43,44,False,0,[PAD],,,,,,,PADDING_OR_INVALID
16,44,45,False,0,[PAD],,,,,,,PADDING_OR_INVALID
16,45,46,False,0,[PAD],,,,,,,PADDING_OR_INVALID
16,46,47,False,0,[PAD],,,,,,,PADDING_OR_INVALID
16,47,48,False,0,[PAD],,,,,,,PADDING_OR_INVALID
16,48,49,False,0,[PAD],,,,,,,PADDING_OR_INVALID
16,49,50,False,0,[PAD],,,,,,,PADDING_OR_INVALID
17,0,1,True,101,[CLS],,,,,,,PENDING_Q1_MAPPING_REUSE
17,1,2,True,11243,,,,,,,,PENDING_Q1_MAPPING_REUSE
17,2,3,True,2122,,,,,,,,PENDING_Q1_MAPPING_REUSE
17,3,4,True,2176,,,,,,,,PENDING_Q1_MAPPING_REUSE
17,4,5,True,2640,,,,,,,,PENDING_Q1_MAPPING_REUSE
17,5,6,True,8474,,,,,,,,PENDING_Q1_MAPPING_REUSE
17,6,7,True,2000,,,,,,,,PENDING_Q1_MAPPING_REUSE
17,7,8,True,2115,,,,,,,,PENDING_Q1_MAPPING_REUSE
17,8,9,True,18216,,,,,,,,PENDING_Q1_MAPPING_REUSE
17,9,10,True,2003,,,,,,,,PENDING_Q1_MAPPING_REUSE
17,10,11,True,3722,,,,,,,,PENDING_Q1_MAPPING_REUSE
17,11,12,True,1010,,,,,,,,PENDING_Q1_MAPPING_REUSE
17,12,13,True,3733,,,,,,,,PENDING_Q1_MAPPING_REUSE
17,13,14,True,1998,,,,,,,,PENDING_Q1_MAPPING_REUSE
17,14,15,True,2097,,,,,,,,PENDING_Q1_MAPPING_REUSE
17,15,16,True,2191,,,,,,,,PENDING_Q1_MAPPING_REUSE
17,16,17,True,2111,,,,,,,,PENDING_Q1_MAPPING_REUSE
17,17,18,True,2228,,,,,,,,PENDING_Q1_MAPPING_REUSE
17,18,19,True,2017,,,,,,,,PENDING_Q1_MAPPING_REUSE
17,19,20,True,2357,,,,,,,,PENDING_Q1_MAPPING_REUSE
17,20,21,True,2046,,,,,,,,PENDING_Q1_MAPPING_REUSE
17,21,22,True,1037,,,,,,,,PENDING_Q1_MAPPING_REUSE
17,22,23,True,2640,,,,,,,,PENDING_Q1_MAPPING_REUSE
17,23,24,True,11972,,,,,,,,PENDING_Q1_MAPPING_REUSE
17,24,25,True,1012,,,,,,,,PENDING_Q1_MAPPING_REUSE
17,25,26,True,102,[SEP],,,,,,,PENDING_Q1_MAPPING_REUSE
17,26,27,False,0,[PAD],,,,,,,PADDING_OR_INVALID
17,27,28,False,0,[PAD],,,,,,,PADDING_OR_INVALID
17,28,29,False,0,[PAD],,,,,,,PADDING_OR_INVALID
17,29,30,False,0,[PAD],,,,,,,PADDING_OR_INVALID
17,30,31,False,0,[PAD],,,,,,,PADDING_OR_INVALID
17,31,32,False,0,[PAD],,,,,,,PADDING_OR_INVALID
17,32,33,False,0,[PAD],,,,,,,PADDING_OR_INVALID
17,33,34,False,0,[PAD],,,,,,,PADDING_OR_INVALID
17,34,35,False,0,[PAD],,,,,,,PADDING_OR_INVALID
17,35,36,False,0,[PAD],,,,,,,PADDING_OR_INVALID
17,36,37,False,0,[PAD],,,,,,,PADDING_OR_INVALID
17,37,38,False,0,[PAD],,,,,,,PADDING_OR_INVALID
17,38,39,False,0,[PAD],,,,,,,PADDING_OR_INVALID
17,39,40,False,0,[PAD],,,,,,,PADDING_OR_INVALID
17,40,41,False,0,[PAD],,,,,,,PADDING_OR_INVALID
17,41,42,False,0,[PAD],,,,,,,PADDING_OR_INVALID
17,42,43,False,0,[PAD],,,,,,,PADDING_OR_INVALID
17,43,44,False,0,[PAD],,,,,,,PADDING_OR_INVALID
17,44,45,False,0,[PAD],,,,,,,PADDING_OR_INVALID
17,45,46,False,0,[PAD],,,,,,,PADDING_OR_INVALID
17,46,47,False,0,[PAD],,,,,,,PADDING_OR_INVALID
17,47,48,False,0,[PAD],,,,,,,PADDING_OR_INVALID
17,48,49,False,0,[PAD],,,,,,,PADDING_OR_INVALID
17,49,50,False,0,[PAD],,,,,,,PADDING_OR_INVALID
18,0,1,True,101,[CLS],,,,,,,PENDING_Q1_MAPPING_REUSE
18,1,2,True,1011,,,,,,,,PENDING_Q1_MAPPING_REUSE
18,2,3,True,1998,,,,,,,,PENDING_Q1_MAPPING_REUSE
18,3,4,True,1999,,,,,,,,PENDING_Q1_MAPPING_REUSE
18,4,5,True,5842,,,,,,,,PENDING_Q1_MAPPING_REUSE
18,5,6,True,1011,,,,,,,,PENDING_Q1_MAPPING_REUSE
18,6,7,True,1996,,,,,,,,PENDING_Q1_MAPPING_REUSE
18,7,8,True,2034,,,,,,,,PENDING_Q1_MAPPING_REUSE
18,8,9,True,11275,,,,,,,,PENDING_Q1_MAPPING_REUSE
18,9,10,True,19429,,,,,,,,PENDING_Q1_MAPPING_REUSE
18,10,11,True,22880,,,,,,,,PENDING_Q1_MAPPING_REUSE
18,11,12,True,2038,,,,,,,,PENDING_Q1_MAPPING_REUSE
18,12,13,True,2042,,,,,,,,PENDING_Q1_MAPPING_REUSE
18,13,14,True,23794,,,,,,,,PENDING_Q1_MAPPING_REUSE
18,14,15,True,1516,,,,,,,,PENDING_Q1_MAPPING_REUSE
18,15,16,True,7378,,,,,,,,PENDING_Q1_MAPPING_REUSE
18,16,17,True,1011,,,,,,,,PENDING_Q1_MAPPING_REUSE
18,17,18,True,5564,,,,,,,,PENDING_Q1_MAPPING_REUSE
18,18,19,True,1010,,,,,,,,PENDING_Q1_MAPPING_REUSE
18,19,20,True,1996,,,,,,,,PENDING_Q1_MAPPING_REUSE
18,20,21,True,17282,,,,,,,,PENDING_Q1_MAPPING_REUSE
18,21,22,True,3217,,,,,,,,PENDING_Q1_MAPPING_REUSE
18,22,23,True,6810,,,,,,,,PENDING_Q1_MAPPING_REUSE
18,23,24,True,11349,,,,,,,,PENDING_Q1_MAPPING_REUSE
18,24,25,True,7869,,,,,,,,PENDING_Q1_MAPPING_REUSE
18,25,26,True,2140,,,,,,,,PENDING_Q1_MAPPING_REUSE
18,26,27,True,22880,,,,,,,,PENDING_Q1_MAPPING_REUSE
18,27,28,True,2038,,,,,,,,PENDING_Q1_MAPPING_REUSE
18,28,29,True,2042,,,,,,,,PENDING_Q1_MAPPING_REUSE
18,29,30,True,6380,,,,,,,,PENDING_Q1_MAPPING_REUSE
18,30,31,True,23794,,,,,,,,PENDING_Q1_MAPPING_REUSE
18,31,32,True,10618,,,,,,,,PENDING_Q1_MAPPING_REUSE
18,32,33,True,2241,,,,,,,,PENDING_Q1_MAPPING_REUSE
18,33,34,True,2006,,,,,,,,PENDING_Q1_MAPPING_REUSE
18,34,35,True,1996,,,,,,,,PENDING_Q1_MAPPING_REUSE
18,35,36,True,2755,,,,,,,,PENDING_Q1_MAPPING_REUSE
18,36,37,True,2008,,,,,,,,PENDING_Q1_MAPPING_REUSE
18,37,38,True,1996,,,,,,,,PENDING_Q1_MAPPING_REUSE
18,38,39,True,22880,,,,,,,,PENDING_Q1_MAPPING_REUSE
18,39,40,True,2038,,,,,,,,PENDING_Q1_MAPPING_REUSE
18,40,41,True,3478,,,,,,,,PENDING_Q1_MAPPING_REUSE
18,41,42,True,2000,,,,,,,,PENDING_Q1_MAPPING_REUSE
18,42,43,True,3362,,,,,,,,PENDING_Q1_MAPPING_REUSE
18,43,44,True,2019,,,,,,,,PENDING_Q1_MAPPING_REUSE
18,44,45,True,3820,,,,,,,,PENDING_Q1_MAPPING_REUSE
18,45,46,True,2006,,,,,,,,PENDING_Q1_MAPPING_REUSE
18,46,47,True,11349,,,,,,,,PENDING_Q1_MAPPING_REUSE
18,47,48,True,7869,,,,,,,,PENDING_Q1_MAPPING_REUSE
18,48,49,True,2140,,,,,,,,PENDING_Q1_MAPPING_REUSE
18,49,50,True,102,[SEP],,,,,,,PENDING_Q1_MAPPING_REUSE
19,0,1,True,101,[CLS],,,,,,,PENDING_Q1_MAPPING_REUSE
19,1,2,True,2111,,,,,,,,PENDING_Q1_MAPPING_REUSE
19,2,3,True,2024,,,,,,,,PENDING_Q1_MAPPING_REUSE
19,3,4,True,10889,,,,,,,,PENDING_Q1_MAPPING_REUSE
19,4,5,True,2005,,,,,,,,PENDING_Q1_MAPPING_REUSE
19,5,6,True,23795,,,,,,,,PENDING_Q1_MAPPING_REUSE
19,6,7,True,9639,,,,,,,,PENDING_Q1_MAPPING_REUSE
19,7,8,True,2043,,,,,,,,PENDING_Q1_MAPPING_REUSE
19,8,9,True,2027,,,,,,,,PENDING_Q1_MAPPING_REUSE
19,9,10,True,2219,,,,,,,,PENDING_Q1_MAPPING_REUSE
19,10,11,True,2039,,,,,,,,PENDING_Q1_MAPPING_REUSE
19,11,12,True,2000,,,,,,,,PENDING_Q1_MAPPING_REUSE
19,12,13,True,12051,,,,,,,,PENDING_Q1_MAPPING_REUSE
19,13,14,True,1010,,,,,,,,PENDING_Q1_MAPPING_REUSE
19,14,15,True,1998,,,,,,,,PENDING_Q1_MAPPING_REUSE
19,15,16,True,6854,,,,,,,,PENDING_Q1_MAPPING_REUSE
19,16,17,True,2070,,,,,,,,PENDING_Q1_MAPPING_REUSE
19,17,18,True,5223,,,,,,,,PENDING_Q1_MAPPING_REUSE
19,18,19,True,2869,,,,,,,,PENDING_Q1_MAPPING_REUSE
19,19,20,True,2041,,,,,,,,PENDING_Q1_MAPPING_REUSE
19,20,21,True,2045,,,,,,,,PENDING_Q1_MAPPING_REUSE
19,21,22,True,2293,,,,,,,,PENDING_Q1_MAPPING_REUSE
19,22,23,True,2000,,,,,,,,PENDING_Q1_MAPPING_REUSE
19,23,24,True,2391,,,,,,,,PENDING_Q1_MAPPING_REUSE
19,24,25,True,3093,,,,,,,,PENDING_Q1_MAPPING_REUSE
19,25,26,True,1998,,,,,,,,PENDING_Q1_MAPPING_REUSE
19,26,27,True,5376,,,,,,,,PENDING_Q1_MAPPING_REUSE
19,27,28,True,2035,,,,,,,,PENDING_Q1_MAPPING_REUSE
19,28,29,True,2058,,,,,,,,PENDING_Q1_MAPPING_REUSE
19,29,30,True,29238,,,,,,,,PENDING_Q1_MAPPING_REUSE
19,30,31,True,8496,,,,,,,,PENDING_Q1_MAPPING_REUSE
19,31,32,True,1010,,,,,,,,PENDING_Q1_MAPPING_REUSE
19,32,33,True,2021,,,,,,,,PENDING_Q1_MAPPING_REUSE
19,33,34,True,2005,,,,,,,,PENDING_Q1_MAPPING_REUSE
19,34,35,True,1996,,,,,,,,PENDING_Q1_MAPPING_REUSE
19,35,36,True,2087,,,,,,,,PENDING_Q1_MAPPING_REUSE
19,36,37,True,2112,,,,,,,,PENDING_Q1_MAPPING_REUSE
19,37,38,True,1010,,,,,,,,PENDING_Q1_MAPPING_REUSE
19,38,39,True,2111,,,,,,,,PENDING_Q1_MAPPING_REUSE
19,39,40,True,3305,,,,,,,,PENDING_Q1_MAPPING_REUSE
19,40,41,True,102,[SEP],,,,,,,PENDING_Q1_MAPPING_REUSE
19,41,42,False,0,[PAD],,,,,,,PADDING_OR_INVALID
19,42,43,False,0,[PAD],,,,,,,PADDING_OR_INVALID
19,43,44,False,0,[PAD],,,,,,,PADDING_OR_INVALID
19,44,45,False,0,[PAD],,,,,,,PADDING_OR_INVALID
19,45,46,False,0,[PAD],,,,,,,PADDING_OR_INVALID
19,46,47,False,0,[PAD],,,,,,,PADDING_OR_INVALID
19,47,48,False,0,[PAD],,,,,,,PADDING_OR_INVALID
19,48,49,False,0,[PAD],,,,,,,PADDING_OR_INVALID
19,49,50,False,0,[PAD],,,,,,,PADDING_OR_INVALID
20,0,1,True,101,[CLS],,,,,,,PENDING_Q1_MAPPING_REUSE
20,1,2,True,1998,,,,,,,,PENDING_Q1_MAPPING_REUSE
20,2,3,True,1997,,,,,,,,PENDING_Q1_MAPPING_REUSE
20,3,4,True,2607,,,,,,,,PENDING_Q1_MAPPING_REUSE
20,4,5,True,1010,,,,,,,,PENDING_Q1_MAPPING_REUSE
20,5,6,True,11562,,,,,,,,PENDING_Q1_MAPPING_REUSE
20,6,7,True,1999,,,,,,,,PENDING_Q1_MAPPING_REUSE
20,7,8,True,1996,,,,,,,,PENDING_Q1_MAPPING_REUSE
20,8,9,True,4957,,,,,,,,PENDING_Q1_MAPPING_REUSE
20,9,10,True,1997,,,,,,,,PENDING_Q1_MAPPING_REUSE
20,10,11,True,1996,,,,,,,,PENDING_Q1_MAPPING_REUSE
20,11,12,True,6412,,,,,,,,PENDING_Q1_MAPPING_REUSE
20,12,13,True,1997,,,,,,,,PENDING_Q1_MAPPING_REUSE
20,13,14,True,2023,,,,,,,,PENDING_Q1_MAPPING_REUSE
20,14,15,True,2678,,,,,,,,PENDING_Q1_MAPPING_REUSE
20,15,16,True,2005,,,,,,,,PENDING_Q1_MAPPING_REUSE
20,16,17,True,2062,,,,,,,,PENDING_Q1_MAPPING_REUSE
20,17,18,True,1010,,,,,,,,PENDING_Q1_MAPPING_REUSE
20,18,19,True,1998,,,,,,,,PENDING_Q1_MAPPING_REUSE
20,19,20,True,2057,,,,,,,,PENDING_Q1_MAPPING_REUSE
20,20,21,True,1005,,,,,,,,PENDING_Q1_MAPPING_REUSE
20,21,22,True,2222,,,,,,,,PENDING_Q1_MAPPING_REUSE
20,22,23,True,2031,,,,,,,,PENDING_Q1_MAPPING_REUSE
20,23,24,True,2062,,,,,,,,PENDING_Q1_MAPPING_REUSE
20,24,25,True,2444,,,,,,,,PENDING_Q1_MAPPING_REUSE
20,25,26,True,14409,,,,,,,,PENDING_Q1_MAPPING_REUSE
20,26,27,True,1998,,,,,,,,PENDING_Q1_MAPPING_REUSE
20,27,28,True,1037,,,,,,,,PENDING_Q1_MAPPING_REUSE
20,28,29,True,4518,,,,,,,,PENDING_Q1_MAPPING_REUSE
20,29,30,True,3006,,,,,,,,PENDING_Q1_MAPPING_REUSE
20,30,31,True,2678,,,,,,,,PENDING_Q1_MAPPING_REUSE
20,31,32,True,1006,,,,,,,,PENDING_Q1_MAPPING_REUSE
20,32,33,True,10236,,,,,,,,PENDING_Q1_MAPPING_REUSE
20,33,34,True,1011,,,,,,,,PENDING_Q1_MAPPING_REUSE
20,34,35,True,2039,,,,,,,,PENDING_Q1_MAPPING_REUSE
20,35,36,True,1007,,,,,,,,PENDING_Q1_MAPPING_REUSE
20,36,37,True,2012,,,,,,,,PENDING_Q1_MAPPING_REUSE
20,37,38,True,1996,,,,,,,,PENDING_Q1_MAPPING_REUSE
20,38,39,True,2203,,,,,,,,PENDING_Q1_MAPPING_REUSE
20,39,40,True,1997,,,,,,,,PENDING_Q1_MAPPING_REUSE
20,40,41,True,1996,,,,,,,,PENDING_Q1_MAPPING_REUSE
20,41,42,True,2154,,,,,,,,PENDING_Q1_MAPPING_REUSE
20,42,43,True,2651,,,,,,,,PENDING_Q1_MAPPING_REUSE
20,43,44,True,1012,,,,,,,,PENDING_Q1_MAPPING_REUSE
20,44,45,True,102,[SEP],,,,,,,PENDING_Q1_MAPPING_REUSE
20,45,46,False,0,[PAD],,,,,,,PADDING_OR_INVALID
20,46,47,False,0,[PAD],,,,,,,PADDING_OR_INVALID
20,47,48,False,0,[PAD],,,,,,,PADDING_OR_INVALID
20,48,49,False,0,[PAD],,,,,,,PADDING_OR_INVALID
20,49,50,False,0,[PAD],,,,,,,PADDING_OR_INVALID
