modality,window_size,start_unit,end_unit,positions,sample_index,sample_id,baseline,class_probability,hybrid_final_intensity,classification_probability_drop,regression_absolute_delta,positive_classification_drop,combined_raw_score,combined_score,rank,start_position,end_position,readable_evidence,start_s,end_s,representative_time_s,frame_path,duration_s,evidence_semantics,display_eligible,timestamp_status,display_reason,final_display_rank
A,4,17,20,18|19|20|21,1,01,missing,0.551807701587677,0.089354205520451,0.017188549041748,0.0310543680414557,0.017188549041748,0.0223642770486573,0.0901769528255286,1,18,21,,6.56,7.52,7.039999999999999,,0.96,missing_aware_local_sensitivity,True,PASS,,1.0
A,2,20,21,21|22,1,01,missing,0.5648611783981323,0.0683909934848547,0.0041350722312927,0.0100911560058593,0.0041350722312927,0.0058169315656026,0.0234549573071116,2,21,22,,7.33,8.14,7.735,,0.8100000000000005,missing_aware_local_sensitivity,True,PASS,,2.0
A,1,19,19,20,1,01,missing,0.5654019713401794,0.0678960594028234,0.0035942792892456,0.0095962219238281,0.0035942792892456,0.0051936496098836,0.0209417677505885,3,20,20,,7.14,7.33,7.234999999999999,,0.1900000000000004,missing_aware_local_sensitivity,True,PASS,,3.0
T,4,1,4,2|3|4|5,1,01,missing,0.5021103620529175,0.0712616151884198,0.0668858885765075,0.0129617777094244,0.0668858885765075,0.0690461848614116,0.06242944749208,1,2,5,these wear components when,0.92,2.1,1.51,,1.1800000000000002,missing_aware_local_sensitivity,True,PASS,,1.0
T,4,4,7,5|6|7|8,1,01,missing,0.5339658856391907,0.0498199695587158,0.0350303649902343,0.0084798679202795,0.0350303649902343,0.0364436763102809,0.0329512569187958,2,5,8,when replacing the timing,1.86,2.94,2.4,,1.0799999999999998,missing_aware_local_sensitivity,True,PASS,,2.0
T,1,4,4,5,1,01,missing,0.5426196455955505,0.0609504884794354,0.0263766050338745,0.0026506510004401,0.0263766050338745,0.0268183802006145,0.0242483587169579,3,5,5,when,1.86,2.1,1.98,,0.24,missing_aware_local_sensitivity,True,PASS,,3.0
T,1,20,20,22,1,01,missing,0.551311194896698,0.0729168866738677,0.017685055732727,0.0146170491948723,0.017685055732727,0.0201212305985391,0.018193000984035,4,22,22,requirements,7.52,8.14,7.83,,0.620000000000001,missing_aware_local_sensitivity,True,PASS,,4.0
T,4,7,10,8|9|10|11,1,01,missing,0.5520755052566528,0.0413882168732583,0.0169207453727722,0.0169116206057369,0.0169207453727722,0.0197393488070617,0.0178477151540204,5,8,11,timing belt is essential,2.72,4.08,3.4000000000000004,,1.3599999999999999,missing_aware_local_sensitivity,True,PASS,,5.0
V,1,12,12,13,1,01,missing,0.5642313361167908,0.0642170480504632,0.0047649145126342,0.0059172105714678,0.0047649145126342,0.0057511162745455,0.0719529116530063,1,13,13,,4.56,4.94,4.75,D:\Desktop\shumo\E题数据\Q3_HybridFinal_outputs\representative_frames\sample_01\vision_rank01.png,0.3800000000000008,missing_aware_local_sensitivity,True,PASS,,1.0
V,4,10,13,11|12|13|14,1,01,missing,0.5674905180931091,0.0669501880645752,0.0015057325363159,0.0086503505855798,0.0015057325363159,0.0029474576339125,0.0368759991295162,2,11,14,,3.68,5.2,4.44,D:\Desktop\shumo\E题数据\Q3_HybridFinal_outputs\representative_frames\sample_01\vision_rank02.png,1.52,missing_aware_local_sensitivity,True,PASS,,2.0
V,4,17,20,18|19|20|21,1,01,missing,0.5898956656455994,0.0440567344516516,-0.0208994150161743,0.0142431030273437,0.0,0.0023738505045572,0.0296995309219949,3,18,21,,6.56,7.52,7.039999999999999,D:\Desktop\shumo\E题数据\Q3_HybridFinal_outputs\representative_frames\sample_01\vision_rank03.png,0.96,missing_aware_local_sensitivity,True,PASS,,3.0
A,4,2,5,3|4|5|6,2,02,missing,0.3867909014225006,-0.1685999427944421,0.0076020956039428,0.012582313477993,0.0076020956039428,0.009699147850275,0.0371022213481776,1,3,6,,0.72,1.22,0.97,,0.5,missing_aware_local_sensitivity,True,PASS,,1.0
A,3,0,2,1|2|3,2,02,missing,0.3866398632526397,-0.1913338961660861,0.0077531337738037,0.010151639893651,0.0077531337738037,0.0094450737560788,0.0361303098537635,2,1,3,,0.0,0.8,0.4,,0.8,missing_aware_local_sensitivity,True,PASS,,2.0
A,4,11,14,12|13|14|15,2,02,missing,0.3864686489105224,-0.1749680839091539,0.007924348115921,0.0062141723632812,0.007924348115921,0.0089600435098012,0.0342749200983177,3,12,15,,1.9,2.3000000000000003,2.1,,0.40000000000000036,missing_aware_local_sensitivity,True,PASS,,3.0
T,4,7,10,8|9|10|11,2,02,missing,0.2544865608215332,-0.3167062145233154,0.1399064362049102,0.1355239582508802,0.1399064362049102,0.162493762580057,0.0520111134452403,1,8,11,’ s happiness -,1.2933333333333332,1.9,1.596666666666667,,0.6066666666666667,missing_aware_local_sensitivity,True,PASS,,1.0
T,1,9,9,10,2,02,missing,0.3047163784503937,-0.2780573727250099,0.0896766185760498,0.0968751164525747,0.0896766185760498,0.1058224713181456,0.0338717282029339,2,10,10,happiness,1.44,1.64,1.54,,0.19999999999999996,missing_aware_local_sensitivity,True,PASS,,2.0
T,1,18,18,19,2,02,missing,0.3250534236431122,-0.2942032008528709,0.0693395733833313,0.1130209445804357,0.0693395733833313,0.0881763974800706,0.0282235609521877,3,19,19,.,2.53,2.6,2.565,,0.07000000000000028,missing_aware_local_sensitivity,True,PASS,,3.0
T,3,1,3,2|3|4,2,02,missing,0.3235363960266113,-0.2225367484599351,0.0708566009998321,0.0413544921875,0.0708566009998321,0.0777490163644154,0.0248859577511054,4,2,4,want to live,0.58,0.92,0.75,,0.3400000000000001,missing_aware_local_sensitivity,True,PASS,,4.0
T,1,17,17,18,2,02,missing,0.6104155778884888,0.1813294490516186,-0.2160225808620453,0.3625117053240537,0.0,0.0604186175540089,0.0193388319767532,5,18,18,misery,2.46,2.53,2.495,,0.06999999999999984,missing_aware_local_sensitivity,True,PASS,,5.0
V,4,0,3,1|2|3|4,2,02,missing,0.3830174803733825,-0.2140458712637424,0.0113755166530609,0.0328636149913072,0.0113755166530609,0.0168527858182787,0.0503329638416793,1,1,4,,0.0,0.92,0.46,D:\Desktop\shumo\E题数据\Q3_HybridFinal_outputs\representative_frames\sample_02\vision_rank01.png,0.92,missing_aware_local_sensitivity,True,PASS,,1.0
V,4,6,9,7|8|9|10,2,02,missing,0.3819946944713592,-0.2021344657450914,0.0123983025550842,0.0209522094726562,0.0123983025550842,0.0158903374671936,0.047458490827128,2,7,10,,1.22,1.64,1.43,D:\Desktop\shumo\E题数据\Q3_HybridFinal_outputs\representative_frames\sample_02\vision_rank02.png,0.41999999999999993,missing_aware_local_sensitivity,True,PASS,,2.0
V,1,2,2,3,2,02,missing,0.3896418809890747,-0.1952383761465549,0.0047511160373687,0.0140561198741197,0.0047511160373687,0.0070938026830554,0.0211865336565881,3,3,3,,0.72,0.8,0.76,D:\Desktop\shumo\E题数据\Q3_HybridFinal_outputs\representative_frames\sample_02\vision_rank03.png,0.08000000000000007,missing_aware_local_sensitivity,True,PASS,,3.0
A,4,20,23,21|22|23|24,3,03,missing,0.5286235213279724,-0.010006562927179,0.0092752575874328,0.0288010386200621,0.0092752575874328,0.0140754306907765,0.042751548040142,1,21,24,,4.78,6.1,5.44,,1.3199999999999994,missing_aware_local_sensitivity,True,PASS,,1.0
A,4,15,18,16|17|18|19,3,03,missing,0.5322521924972534,-0.0477947789154946,0.0056465864181518,0.0089871773682534,0.0056465864181518,0.0071444493128607,0.0216999589376171,2,16,19,,3.21,4.62,3.915,,1.4100000000000001,missing_aware_local_sensitivity,True,PASS,,2.0
A,4,23,26,24|25|26|27,3,03,missing,0.5457738041877747,-0.0015101953580975,-0.0078750252723693,0.0372974061891436,0.0,0.0062162343648572,0.0188806756905934,3,24,27,,5.7,6.96,6.33,,1.2599999999999998,missing_aware_local_sensitivity,True,PASS,,3.0
T,4,13,16,15|16|17|18|19,3,03,missing,0.4415476024150848,-0.1356043373256921,0.0963511765003204,0.0967967357784509,0.0963511765003204,0.1124839657967289,0.0307574087964614,1,15,19,bankwest who don ',2.86,4.62,3.74,,1.7600000000000002,missing_aware_local_sensitivity,True,PASS,,1.0
T,1,16,16,19,3,03,missing,0.4474062323570251,-0.1293681598365306,0.0904925465583801,0.0905605582892894,0.0904925465583801,0.1055859729399283,0.0288712343122235,2,19,19,',4.46,4.62,4.54,,0.16000000000000014,missing_aware_local_sensitivity,True,PASS,,2.0
T,3,24,26,27|28|29,3,03,missing,0.445445567369461,-0.117429257979989,0.0924532115459442,0.0786216564327478,0.0924532115459442,0.1055568209514021,0.0288632630460792,3,27,29,they take rental,6.87,7.8,7.335,,0.9299999999999997,missing_aware_local_sensitivity,True,PASS,,3.0
T,2,26,27,29|30,3,03,missing,0.4653119146823883,-0.0816757684782147,0.0725868642330169,0.0428681669309735,0.0725868642330169,0.0797315587215125,0.0218016508238007,4,29,30,rental yield,7.24,8.28,7.76,,1.0399999999999991,missing_aware_local_sensitivity,True,PASS,,4.0
T,4,16,19,19|20|21|22,3,03,missing,0.4840790629386902,-0.0767016769260167,0.053819715976715,0.0378940753787755,0.053819715976715,0.060135395206511,0.0164433119014125,5,19,22,' t take rental,4.46,5.38,4.92,,0.9199999999999999,missing_aware_local_sensitivity,True,PASS,,5.0
V,4,15,18,16|17|18|19,3,03,missing,0.5153905153274536,-0.0665472813569009,0.0225082635879516,0.0277396798096597,0.0225082635879516,0.0271315435562282,0.0352573862882052,1,16,19,,3.21,4.62,3.915,D:\Desktop\shumo\E题数据\Q3_HybridFinal_outputs\representative_frames\sample_03\vision_rank01.png,1.4100000000000001,missing_aware_local_sensitivity,True,PASS,,1.0
V,4,18,21,19|20|21|22,3,03,missing,0.5178182721138,-0.0578941818088292,0.0200805068016052,0.019086580261588,0.0200805068016052,0.0232616035118699,0.0302284069832362,2,19,22,,4.46,5.38,4.92,D:\Desktop\shumo\E题数据\Q3_HybridFinal_outputs\representative_frames\sample_03\vision_rank02.png,0.9199999999999999,missing_aware_local_sensitivity,True,PASS,,2.0
V,4,12,15,13|14|15|16,3,03,missing,0.5250251293182373,-0.0512703166961669,0.0128736495971679,0.0124627151489257,0.0128736495971679,0.0149507687886555,0.0194284939739916,3,13,16,,2.52,3.56,3.04,D:\Desktop\shumo\E题数据\Q3_HybridFinal_outputs\representative_frames\sample_03\vision_rank03.png,1.04,missing_aware_local_sensitivity,True,PASS,,3.0
A,4,13,16,14|15|16|17,4,04,missing,0.6602188348770142,-0.2863282389402389,-0.0914844274520874,0.2370541590601206,0.0,0.0395090265100201,0.0327970832026677,1,14,17,,2.84,3.78,3.31,,0.94,missing_aware_local_sensitivity,True,PASS,,1.0
A,4,16,19,17|18|19|20,4,04,missing,0.6356059908866882,-0.2187972465068101,-0.0668715834617614,0.1695231666266918,0.0,0.0282538611044486,0.0234539879944702,2,17,20,,3.6,4.26,3.93,,0.6599999999999997,missing_aware_local_sensitivity,True,PASS,,2.0
A,4,10,13,11|12|13|14,4,04,missing,0.6142407059669495,-0.1891562076866626,-0.0455062985420227,0.1398821278065443,0.0,0.0233136879677573,0.0193530702115794,3,11,14,,2.32,3.14,2.73,,0.8200000000000003,missing_aware_local_sensitivity,True,PASS,,3.0
T,4,22,25,23|24|25|26,4,04,missing,0.36876180768013,0.4466140901684761,0.1999725997447967,0.4958881700485945,0.1999725997447967,0.2826206280862292,0.0266559968542817,1,23,26,] absolutely not .,5.233333333333333,6.22,5.726666666666667,,0.9866666666666664,missing_aware_local_sensitivity,True,PASS,,1.0
T,3,20,22,21|22|23,4,04,missing,0.4060606956481933,0.3246183704376221,0.1626737117767334,0.3738924503177404,0.1626737117767334,0.2249891201630234,0.0212203522436563,2,21,23,goodbye ? ],4.26,5.72,4.99,,1.46,missing_aware_local_sensitivity,True,PASS,,2.0
T,4,9,12,10|11|12|13,4,04,missing,0.4156199991703033,0.3701082957327366,0.1531144082546234,0.4193823756128549,0.1531144082546234,0.2230114708567659,0.0210338258246775,3,10,13,should i kiss my,2.16,2.84,2.5,,0.6799999999999997,missing_aware_local_sensitivity,True,PASS,,3.0
T,2,19,20,20|21,4,04,missing,0.4372133612632751,0.2165357708275318,0.1315210461616516,0.2658098507076502,0.1315210461616516,0.1758226879462599,0.0165831101874733,4,20,21,""" goodbye",4.109999999999999,4.746666666666666,4.428333333333333,,0.6366666666666667,missing_aware_local_sensitivity,True,PASS,,4.0
T,4,1,4,2|3|4|5,4,04,missing,0.4572453200817108,0.2207152141869068,0.1114890873432159,0.2699892940670252,0.1114890873432159,0.1564873030210535,0.0147594500985665,5,2,5,i blow it at,0.54,1.16,0.85,,0.6199999999999999,missing_aware_local_sensitivity,True,PASS,,5.0
V,4,1,4,2|3|4|5,4,04,missing,0.5455275177955627,0.0011432012483477,0.023206889629364,0.0504172811284661,0.023206889629364,0.0316097698174417,0.0680436534341131,1,2,5,,0.54,1.16,0.85,D:\Desktop\shumo\E题数据\Q3_HybridFinal_outputs\representative_frames\sample_04\vision_rank01.png,0.6199999999999999,missing_aware_local_sensitivity,True,PASS,,1.0
V,1,3,3,4,4,04,missing,0.5577847957611084,-0.017183794357255,0.0109496116638183,0.0320902855228632,0.0109496116638183,0.0162979925842955,0.0350832975210607,2,4,4,,0.94,1.08,1.01,D:\Desktop\shumo\E题数据\Q3_HybridFinal_outputs\representative_frames\sample_04\vision_rank02.png,0.14000000000000012,missing_aware_local_sensitivity,True,PASS,,2.0
V,2,0,1,1|2,4,04,missing,0.5603336095809937,-0.0359658556975424,0.0084007978439331,0.0133082241825759,0.0084007978439331,0.0106188352076957,0.0228582601809305,3,1,2,,0.0,0.66,0.33,D:\Desktop\shumo\E题数据\Q3_HybridFinal_outputs\representative_frames\sample_04\vision_rank03.png,0.66,missing_aware_local_sensitivity,True,PASS,,3.0
A,4,4,7,5|6|7|8,5,05,missing,0.5507282018661499,0.4139264759063721,0.0341187715530395,0.081565093755722,0.0341187715530395,0.0477129538456599,0.0612632041348694,1,5,8,,2.24,3.52,2.88,,1.2799999999999998,missing_aware_local_sensitivity,True,PASS,,1.0
A,4,11,14,12|13|14|15,5,05,missing,0.5599555373191833,0.4589544680953026,0.0248914361000061,0.0365371015667915,0.0248914361000061,0.0309809530278046,0.0397793952513347,2,12,15,,4.3,5.34,4.82,,1.04,missing_aware_local_sensitivity,True,PASS,,2.0
A,4,7,10,8|9|10|11,5,05,missing,0.5703914165496826,0.4570847171187401,0.0144555568695068,0.038406852543354,0.0144555568695068,0.0208566989600658,0.0267799015358228,3,8,11,,3.5,4.3,3.9,,0.7999999999999998,missing_aware_local_sensitivity,True,PASS,,3.0
T,4,0,3,1|2|3|4,5,05,missing,0.4695448279380798,0.4056995662391186,0.1153021454811096,0.0897920034229755,0.1153021454811096,0.1302674793849388,0.1021099623015228,1,1,4,"hi , my name",0.8399999999999994,2.24,1.5399999999999998,,1.4000000000000008,missing_aware_local_sensitivity,True,PASS,,1.0
T,1,0,0,1,5,05,missing,0.5392706394195557,0.4494517444610596,0.0455763339996337,0.0460398252010345,0.0455763339996337,0.0532496381998062,0.0417396465704593,2,1,1,hi,0.8399999999999994,1.1599999999999997,0.9999999999999996,,0.3200000000000003,missing_aware_local_sensitivity,True,PASS,,2.0
T,1,8,8,9|10,5,05,missing,0.5543597936630249,0.4590864182949066,0.0304871797561645,0.0364051513671875,0.0304871797561645,0.0365547049840291,0.0286533489823098,3,9,10,marketer,3.52,4.1,3.81,,0.5799999999999996,missing_aware_local_sensitivity,True,PASS,,3.0
T,1,1,1,2,5,05,missing,0.5561273097991943,0.4545330891847611,0.0287196636199951,0.040958480477333,0.0287196636199951,0.0355460770328839,0.0278627375223048,4,2,2,",",1.1599999999999997,1.48,1.3199999999999998,,0.3200000000000003,missing_aware_local_sensitivity,True,PASS,,4.0
T,1,3,3,4,5,05,missing,0.5537911057472229,0.4875726780533791,0.0310558676719665,0.007918891608715,0.0310558676719665,0.0323756829400857,0.0253776290146013,5,4,4,name,2.1,2.24,2.17,,0.14000000000000012,missing_aware_local_sensitivity,True,PASS,,5.0
V,4,0,3,1|2|3|4,5,05,missing,0.5411940217018127,0.4163241350889206,0.0436529517173767,0.0791674345731735,0.0436529517173767,0.0568475241462389,0.0703398433324446,1,1,4,,0.8399999999999994,2.24,1.5399999999999998,D:\Desktop\shumo\E题数据\Q3_HybridFinal_outputs\representative_frames\sample_05\vision_rank01.png,1.4000000000000008,missing_aware_local_sensitivity,True,PASS,,1.0
V,4,3,6,4|5|6|7,5,05,missing,0.5609619617462158,0.4751662981748581,0.0238850116729736,0.020325271487236,0.0238850116729736,0.0272725569208463,0.0337454868949543,2,4,7,,2.1,2.66,2.38,D:\Desktop\shumo\E题数据\Q3_HybridFinal_outputs\representative_frames\sample_05\vision_rank02.png,0.56,missing_aware_local_sensitivity,True,PASS,,2.0
V,4,6,9,7|8|9|10,5,05,missing,0.5699831247329712,0.5214041292309761,0.0148638486862182,0.0259125595688819,0.0148638486862182,0.0191826086143652,0.0237354520694869,3,7,10,,2.58,4.1,3.34,D:\Desktop\shumo\E题数据\Q3_HybridFinal_outputs\representative_frames\sample_05\vision_rank03.png,1.5199999999999996,missing_aware_local_sensitivity,True,PASS,,3.0
A,4,26,29,27|28|29|30,6,06,missing,0.5949263572692871,0.4449643098950386,0.0054653286933898,0.0108445664048194,0.0054653286933898,0.0072727564275264,0.0316733592157081,1,27,30,,5.94,6.38,6.16,,0.4399999999999995,missing_aware_local_sensitivity,True,PASS,,1.0
A,3,32,34,33|34|35,6,06,missing,0.5971644520759583,0.4365834583282471,0.0032272338867187,0.019225417971611,0.0032272338867187,0.0064314702153205,0.0280094993480015,2,33,35,,6.66,7.58,7.12,,0.9199999999999999,missing_aware_local_sensitivity,True,PASS,,2.0
A,2,0,1,1|2,6,06,missing,0.5969462990760803,0.4483298723936081,0.0034453868865966,0.00747900390625,0.0034453868865966,0.0046918875376383,0.020433496001167,3,1,2,,0.0,0.6466666666666666,0.3233333333333333,,0.6466666666666666,missing_aware_local_sensitivity,True,PASS,,3.0
T,4,17,20,18|19|20|21,6,06,missing,0.3886884450912475,0.2206822132110596,0.2117032408714294,0.2351266630887985,0.2117032408714294,0.2508910180528959,0.0258005213273515,1,18,21,"dance , see impressive",3.1,4.34,3.72,,1.2399999999999998,missing_aware_local_sensitivity,True,PASS,,1.0
T,4,20,23,21|22|23|24,6,06,missing,0.4481273591518402,0.3176892932891846,0.1522643268108368,0.1381195830106735,0.1522643268108368,0.1752842573126157,0.0180254568467239,2,21,24,impressive dance moves then,3.88,5.7,4.79,,1.8200000000000003,missing_aware_local_sensitivity,True,PASS,,2.0
T,1,18,18,19,6,06,missing,0.4709613025188446,0.3177552683889866,0.1294303834438324,0.1380536079108715,0.1294303834438324,0.1524393180956443,0.0156761844572067,3,19,19,",",3.3,3.5,3.4,,0.20000000000000018,missing_aware_local_sensitivity,True,PASS,,3.0
T,4,8,11,9|10|11|12,6,06,missing,0.4997818171977997,0.3477152674138546,0.1006098687648773,0.1080936088860035,0.1006098687648773,0.1186254702458779,0.01219891807526,4,9,12,"in that sense ,",1.42,2.04,1.73,,0.6200000000000001,missing_aware_local_sensitivity,True,PASS,,4.0
T,4,13,16,14|15|16|17,6,06,missing,0.4974272847175598,0.3681285594046116,0.1029644012451171,0.0876803168952464,0.1029644012451171,0.1175777873943249,0.0120911790100453,5,14,17,like to watch people,2.26,3.1,2.68,,0.8400000000000003,missing_aware_local_sensitivity,True,PASS,,5.0
V,4,25,28,26|27|28|29,6,06,missing,0.5970902442932129,0.4426546175122261,0.0033014416694641,0.0131542587876319,0.0033014416694641,0.0054938181340694,0.0336262046790377,1,26,29,,5.8,6.28,6.04,D:\Desktop\shumo\E题数据\Q3_HybridFinal_outputs\representative_frames\sample_06\vision_rank01.png,0.4800000000000004,missing_aware_local_sensitivity,True,PASS,,1.0
V,2,28,29,29|30,6,06,missing,0.5988245010375977,0.4436225208282471,0.0015671849250793,0.012186355471611,0.0015671849250793,0.0035982441703478,0.0220238988631474,2,29,30,,6.16,6.38,6.27,D:\Desktop\shumo\E题数据\Q3_HybridFinal_outputs\representative_frames\sample_06\vision_rank02.png,0.21999999999999975,missing_aware_local_sensitivity,True,PASS,,2.0
V,3,0,2,1|2|3,6,06,missing,0.5977689623832703,0.4510355227828026,0.0026227235794067,0.0047733535170554,0.0026227235794067,0.0034182824989159,0.0209224011706006,3,1,3,,0.0,0.6933333333333334,0.3466666666666667,D:\Desktop\shumo\E题数据\Q3_HybridFinal_outputs\representative_frames\sample_06\vision_rank03.png,0.6933333333333334,missing_aware_local_sensitivity,True,PASS,,3.0
A,4,36,39,37|38|39|40,7,07,missing,0.6242141723632812,0.624790413403511,-0.0025684833526611,0.0155739902257918,0.0,0.0025956650376319,0.0175459056282213,1,37,40,,11.72,12.626666666666669,12.173333333333336,,0.9066666666666681,missing_aware_local_sensitivity,True,PASS,,1.0
A,4,1,4,2|3|4|5,7,07,missing,0.6271516680717468,0.6243064885973931,-0.0055059790611267,0.0150900654196739,0.0,0.0025150109032789,0.0170007082281845,2,2,5,,0.72,0.9,0.81,,0.18000000000000005,missing_aware_local_sensitivity,True,PASS,,2.0
A,4,44,47,45|46|47|48,7,07,missing,0.6254560947418213,0.6242624514937402,-0.0038104057312011,0.0150460283160209,0.0,0.0025076713860034,0.0169510953252846,3,45,48,,14.22,15.34,14.78,,1.1199999999999992,missing_aware_local_sensitivity,True,PASS,,3.0
T,4,15,18,19|20|21|22,7,07,missing,0.5328524708747864,0.5118574221968651,0.0887932181358337,0.097359000980854,0.0887932181358337,0.1050197182993094,0.043387018885011,1,19,22,attendees “ enthusiastically discussed,5.12,7.42,6.27,,2.3,missing_aware_local_sensitivity,True,PASS,,1.0
T,1,17,17,21,7,07,missing,0.5793761014938354,0.5554556048154832,0.0422695875167846,0.053760818362236,0.0422695875167846,0.0512297239104906,0.0211646444569921,2,21,21,enthusiastically,5.42,6.68,6.05,,1.2599999999999998,missing_aware_local_sensitivity,True,PASS,,2.0
T,4,20,23,24|25|26|27,7,07,missing,0.5845808386802673,0.5682578889966011,0.0370648503303527,0.040958534181118,0.0370648503303527,0.0438912726938724,0.0181328945468018,3,24,27,topics of growing the,7.7,9.28,8.49,,1.5799999999999992,missing_aware_local_sensitivity,True,PASS,,3.0
T,3,40,42,46|47|48,7,07,missing,0.5937897562980652,0.5726133196592331,0.0278559327125549,0.036603103518486,0.0278559327125549,0.0339564499656359,0.0140285001691598,4,46,48,ways the leading,14.42,15.34,14.88,,0.9199999999999999,missing_aware_local_sensitivity,True,PASS,,4.0
T,3,18,20,22|23|24,7,07,missing,0.5971074104309082,0.5895510637998581,0.0245382785797119,0.019665359377861,0.0245382785797119,0.027815838476022,0.0114916163250603,5,22,24,discussed the topics,6.68,8.06,7.37,,1.3800000000000008,missing_aware_local_sensitivity,True,PASS,,5.0
V,4,37,40,38|39|40|41,7,07,missing,0.6130969524383545,0.5830839466094971,0.0085487365722656,0.026132476568222,0.0085487365722656,0.0129041493336359,0.029765357592858,1,38,41,,12.06,12.78,12.42,D:\Desktop\shumo\E题数据\Q3_HybridFinal_outputs\representative_frames\sample_07\vision_rank01.png,0.7199999999999989,missing_aware_local_sensitivity,True,PASS,,1.0
V,4,41,44,42|43|44|45,7,07,missing,0.6172235608100891,0.5842277835249902,0.004422128200531,0.024988639652729,0.004422128200531,0.0085869014759858,0.0198069773093164,2,42,45,,12.78,14.42,13.6,D:\Desktop\shumo\E题数据\Q3_HybridFinal_outputs\representative_frames\sample_07\vision_rank02.png,1.6400000000000006,missing_aware_local_sensitivity,True,PASS,,2.0
V,3,16,18,17|18|19,7,07,missing,0.6179995536804199,0.5994937288403511,0.0036461353302001,0.009722694337368,0.0036461353302001,0.0052665843864282,0.0121481675003855,3,17,19,,4.08,5.27,4.675,D:\Desktop\shumo\E题数据\Q3_HybridFinal_outputs\representative_frames\sample_07\vision_rank03.png,1.1899999999999995,missing_aware_local_sensitivity,True,PASS,,3.0
A,4,0,3,1|2|3|4,8,08,missing,0.5959575772285461,0.2717044070601463,0.0445296168327331,0.0342824287116527,0.0445296168327331,0.0502433549513419,0.1088036276845519,1,1,4,,0.58,1.42,1.0,,0.84,missing_aware_local_sensitivity,True,PASS,,1.0
A,1,0,0,1,8,08,missing,0.6201406121253967,0.2673600125253201,0.0203465819358825,0.038626823246479,0.0203465819358825,0.0267843858102957,0.0580024630975599,2,1,1,,0.58,0.78,0.6799999999999999,,0.20000000000000007,missing_aware_local_sensitivity,True,PASS,,2.0
A,4,3,6,4|5|6|7,8,08,missing,0.6220818161964417,0.3225286487579346,0.0184053778648376,0.0165418129861354,0.0184053778648376,0.0211623466958602,0.0458277536015991,3,4,7,,1.22,1.96,1.59,,0.74,missing_aware_local_sensitivity,True,PASS,,3.0
T,4,6,9,7|8|9|10,8,08,missing,0.4572577178478241,0.0294534300692379,0.1832294762134552,0.2765334057025612,0.1832294762134552,0.229318377163882,0.0703492362761238,1,7,10,the universal design grand,1.85,3.62,2.7350000000000003,,1.77,missing_aware_local_sensitivity,True,PASS,,1.0
T,4,0,3,1|2|3|4,8,08,missing,0.5396941900253296,0.1612681182414293,0.1007930040359497,0.1447187175303697,0.1007930040359497,0.1249127902910113,0.0383201708767207,2,1,4,that brings us to,0.58,1.42,1.0,,0.84,missing_aware_local_sensitivity,True,PASS,,2.0
T,2,9,10,10|11,8,08,missing,0.5635144710540771,0.1485318225860596,0.0769727230072021,0.1574550131857395,0.0769727230072021,0.1032152252048254,0.0316638917256877,3,10,11,grand challenge,3.04,4.16,3.6,,1.12,missing_aware_local_sensitivity,True,PASS,,3.0
T,4,3,6,4|5|6|7,8,08,missing,0.5694180727005005,0.1331558650672436,0.0710691213607788,0.1728309707045555,0.0710691213607788,0.0998742831448714,0.0306389728976926,4,4,7,"to tonight , the",1.22,1.96,1.59,,0.74,missing_aware_local_sensitivity,True,PASS,,4.0
T,1,8,8,9,8,08,missing,0.5717918872833252,0.1892483943641186,0.0686953067779541,0.1167384414076805,0.0686953067779541,0.0881517136792341,0.0270427769918057,5,9,9,design,2.36,3.04,2.7,,0.6800000000000002,missing_aware_local_sensitivity,True,PASS,,5.0
V,4,4,7,5|6|7|8,8,08,missing,0.6610844731330872,0.4223513645768166,-0.0205972790718078,0.1163645288050174,0.0,0.0193940881341695,0.0452124500736959,1,5,8,,1.42,2.36,1.89,D:\Desktop\shumo\E题数据\Q3_HybridFinal_outputs\representative_frames\sample_08\vision_rank01.png,0.94,missing_aware_local_sensitivity,True,PASS,,1.0
V,4,1,4,2|3|4|5,8,08,missing,0.6608352065086365,0.4050616458296776,-0.0203480124473571,0.0990748100578784,0.0,0.0165124683429797,0.0384946765934878,2,2,5,,0.78,1.74,1.26,D:\Desktop\shumo\E题数据\Q3_HybridFinal_outputs\representative_frames\sample_08\vision_rank02.png,0.96,missing_aware_local_sensitivity,True,PASS,,2.0
V,4,7,10,8|9|10|11,8,08,missing,0.6565914750099182,0.3891357615530491,-0.0161042809486389,0.08314892578125,0.0,0.013858154296875,0.0323068094218426,3,8,11,,1.96,4.16,3.06,D:\Desktop\shumo\E题数据\Q3_HybridFinal_outputs\representative_frames\sample_08\vision_rank03.png,2.2,missing_aware_local_sensitivity,True,PASS,,3.0
A,4,5,8,6|7|8|9,9,09,missing,0.9306529760360718,-1.8528275826931,-0.0010585784912109,0.0286840507984162,0.0,0.0047806751330693,0.0535314703300836,1,6,9,,1.16,1.76,1.46,,0.6000000000000001,missing_aware_local_sensitivity,True,PASS,,1.0
A,4,0,3,1|2|3|4,9,09,missing,0.935712456703186,-1.9087880006790163,-0.0061180591583251,0.0272763671875,0.0,0.0045460611979166,0.0509043876358893,2,1,4,,0.6799999999999995,0.6999999999999995,0.6899999999999995,,0.020000000000000018,missing_aware_local_sensitivity,True,PASS,,2.0
A,2,4,5,5|6,9,09,missing,0.9299859404563904,-1.870073156929016,-0.0003915429115295,0.0114384765625001,0.0,0.0019064127604166,0.0213470012666636,3,5,6,,0.6999999999999995,1.3,0.9999999999999998,,0.6000000000000005,missing_aware_local_sensitivity,True,PASS,,3.0
T,4,1,4,2|3|4|5|6,9,09,missing,0.916066348552704,-1.738354850268364,0.0135280489921569,0.1431567832231524,0.0135280489921569,0.0373875128626823,0.0448517540407893,1,2,6,uhh ) i did,0.6849999999999995,1.3,0.9924999999999996,,0.6150000000000005,missing_aware_local_sensitivity,True,PASS,,1.0
T,4,13,16,15|16|17|18,9,09,missing,0.9228810667991638,-1.7738141705751418,0.006713330745697,0.1076974629163745,0.006713330745697,0.0246629078984261,0.0295867415159074,2,15,18,would not recommend it,2.88,3.82,3.35,,0.94,missing_aware_local_sensitivity,True,PASS,,2.0
T,4,4,7,6|7|8|9,9,09,missing,0.9242218136787416,-1.788068229174614,0.0053725838661193,0.0934434043169023,0.0053725838661193,0.0209464845856031,0.0251283517602045,3,6,9,did not like this,1.16,1.76,1.46,,0.6000000000000001,missing_aware_local_sensitivity,True,PASS,,3.0
T,2,0,1,1|2|3,9,09,missing,0.9226729273796082,-1.807601584649086,0.0069214701652526,0.0739100488424302,0.0069214701652526,0.019239811638991,0.0230809495831553,4,1,3,( uhh,0.6799999999999995,0.6949999999999995,0.6874999999999996,,0.015000000000000013,missing_aware_local_sensitivity,True,UNAVAILABLE,Text phrase kept; zero/invalid timestamp suppressed.,4.0
T,4,8,11,10|11|12|13,9,09,missing,0.9213972687721252,-1.821855750656128,0.0081971287727355,0.0596558828353881,0.0081971287727355,0.0181397759119669,0.021761296894682,5,10,13,"movie at all ,",1.76,2.64,2.2,,0.8800000000000001,missing_aware_local_sensitivity,True,PASS,,5.0
V,3,15,17,16|17|18,9,09,missing,0.9287952184677124,-1.861802344417572,0.0007991790771484,0.019709289073944,0.0007991790771484,0.0040840605894724,0.0674811574664365,1,16,18,,2.98,3.82,3.4,D:\Desktop\shumo\E题数据\Q3_HybridFinal_outputs\representative_frames\sample_09\vision_rank01.png,0.8399999999999999,missing_aware_local_sensitivity,True,PASS,,1.0
V,3,13,15,14|15|16,9,09,missing,0.9293893575668336,-1.870249305343628,0.0002050399780273,0.0112623281478883,0.0002050399780273,0.002082094669342,0.0344025645956561,2,14,16,,2.84,3.14,2.99,D:\Desktop\shumo\E题数据\Q3_HybridFinal_outputs\representative_frames\sample_09\vision_rank02.png,0.30000000000000027,missing_aware_local_sensitivity,True,PASS,,2.0
V,4,0,3,1|2|3|4,9,09,missing,0.9303112030029296,-1.890838477230072,-0.0007168054580688,0.0093268437385556,0.0,0.0015544739564259,0.0256846585727572,3,1,4,,0.6799999999999995,0.6999999999999995,0.6899999999999995,D:\Desktop\shumo\E题数据\Q3_HybridFinal_outputs\representative_frames\sample_09\vision_rank03.png,0.020000000000000018,missing_aware_local_sensitivity,True,PASS,,3.0
A,4,16,19,17|18|19|20,10,10,missing,0.911637544631958,-1.777949576830864,0.002496600151062,0.0277163085937499,0.002496600151062,0.007115984916687,0.0284545188621145,1,17,20,,4.08,5.26,4.67,,1.1799999999999997,missing_aware_local_sensitivity,True,PASS,,1.0
A,4,12,15,13|14|15|16,10,10,missing,0.9115267992019652,-1.780853125667572,0.0026073455810546,0.024812759757042,0.0026073455810546,0.0067428055405616,0.0269622954072827,2,13,16,,3.04,4.08,3.56,,1.04,missing_aware_local_sensitivity,True,PASS,,2.0
A,4,26,29,27|28|29|30,10,10,missing,0.9185657501220704,-1.835581793642044,-0.0044316053390502,0.02991590821743,0.0,0.004985984702905,0.0199373378999625,3,27,30,,7.14,9.0,8.07,,1.8600000000000003,missing_aware_local_sensitivity,True,PASS,,3.0
T,4,25,28,27|28|29|30,10,10,missing,0.6929531693458557,-0.834891189134121,0.2211809754371643,0.970774696290493,0.2211809754371643,0.3829767581522464,0.1346551902832724,1,27,30,one was pretty terrible,7.14,9.0,8.07,,1.8600000000000003,missing_aware_local_sensitivity,True,PASS,,1.0
T,1,28,28,30,10,10,missing,0.8800020217895508,-1.56730561003685,0.0341321229934692,0.2383602753877638,0.0341321229934692,0.0738588355580965,0.0259688749890737,2,30,30,terrible,8.56,9.0,8.780000000000001,,0.4399999999999995,missing_aware_local_sensitivity,True,PASS,,2.0
T,4,11,14,12|13|14|15|16,10,10,missing,0.8906880021095276,-1.6915450201988222,0.0234461426734924,0.1141208652257916,0.0234461426734924,0.042466286877791,0.014931208796435,3,12,16,see fluffy chick flicks,2.82,4.08,3.45,,1.2600000000000002,missing_aware_local_sensitivity,True,PASS,,3.0
T,4,14,17,15|16|17|18|19,10,10,missing,0.8951734900474548,-1.713102149105072,0.0189606547355651,0.0925637363195419,0.0189606547355651,0.0343879441221555,0.0120908516265068,4,15,19,flicks sometimes so i,3.8,5.22,4.51,,1.42,missing_aware_local_sensitivity,True,PASS,,4.0
T,4,22,25,24|25|26|27,10,10,missing,0.8986076712608337,-1.7165337135553362,0.0155264735221862,0.0891321718692776,0.0155264735221862,0.0303818355003992,0.010682297955102,5,24,27,that but this one,6.1,7.38,6.74,,1.2800000000000002,missing_aware_local_sensitivity,True,PASS,,5.0
V,4,7,10,8|9|10|11,10,10,missing,0.9163158535957336,-1.788684104180336,-0.0021817088127136,0.016981781244278,0.0,0.0028302968740463,0.0238267064128655,1,8,11,,2.0,2.82,2.41,D:\Desktop\shumo\E题数据\Q3_HybridFinal_outputs\representative_frames\sample_10\vision_rank01.png,0.8199999999999998,missing_aware_local_sensitivity,True,PASS,,1.0
V,4,10,13,11|12|13|14,10,10,missing,0.9164588451385498,-1.792643576836586,-0.0023247003555297,0.0130223085880278,0.0,0.0021703847646713,0.0182712707861094,2,11,14,,2.68,3.8,3.24,D:\Desktop\shumo\E题数据\Q3_HybridFinal_outputs\representative_frames\sample_10\vision_rank02.png,1.1199999999999997,missing_aware_local_sensitivity,True,PASS,,2.0
V,4,18,21,19|20|21|22,10,10,missing,0.915654957294464,-1.792643576836586,-0.001520812511444,0.0130223085880278,0.0,0.0021703847646713,0.0182712707861094,3,19,22,,5.18,5.52,5.35,D:\Desktop\shumo\E题数据\Q3_HybridFinal_outputs\representative_frames\sample_10\vision_rank03.png,0.33999999999999986,missing_aware_local_sensitivity,True,PASS,,3.0
A,4,2,5,3|4|5|6,11,11,missing,0.9162359237670898,-1.342847526049614,0.0058892965316772,0.0663431855440137,0.0058892965316772,0.0169464941223462,0.0574585201354485,1,3,6,,0.76,3.46,2.11,,2.7,missing_aware_local_sensitivity,True,PASS,,1.0
A,4,5,8,6|7|8|9,11,11,missing,0.9192216396331788,-1.355605826830864,0.0029035806655883,0.0535848847627637,0.0029035806655883,0.0118343947927156,0.040125515435753,2,6,9,,3.32,4.14,3.73,,0.8199999999999998,missing_aware_local_sensitivity,True,PASS,,2.0
A,3,0,2,1|2|3,11,11,missing,0.9192302227020264,-1.3689800026178358,0.0028949975967407,0.0402107089757919,0.0028949975967407,0.0095967824260393,0.0325387016500944,3,1,3,,0.0,0.88,0.44,,0.88,missing_aware_local_sensitivity,True,PASS,,3.0
T,4,1,4,2|3|4|5,11,11,missing,0.6899349093437195,-0.653151351249218,0.2321903109550476,0.7560393603444098,0.2321903109550476,0.3581968710124492,0.1318310544032429,1,2,5,would be ashamed to,0.64,3.32,1.98,,2.6799999999999997,missing_aware_local_sensitivity,True,PASS,,1.0
T,1,3,3,4,11,11,missing,0.8813774585723877,-1.0713157115936278,0.0407477617263793,0.3378749999999999,0.0407477617263793,0.0970602617263793,0.035722134054037,2,4,4,ashamed,0.88,1.26,1.07,,0.38,missing_aware_local_sensitivity,True,PASS,,2.0
T,4,4,7,5|6|7|8,11,11,missing,0.8980752825737,-1.2339180983066558,0.0240499377250671,0.1752726132869719,0.0240499377250671,0.0532620399395624,0.0196026025159112,3,5,8,to have made this,1.26,3.86,2.56,,2.5999999999999996,missing_aware_local_sensitivity,True,PASS,,3.0
T,1,4,4,5,11,11,missing,0.9115486145019532,-1.355869727230072,0.0105766057968139,0.0533209843635558,0.0105766057968139,0.0194634365240732,0.0071633382838511,4,5,5,to,1.26,3.32,2.29,,2.0599999999999996,missing_aware_local_sensitivity,True,PASS,,4.0
T,1,5,5,6,11,11,missing,0.9154505133628844,-1.355517860031128,0.0066747069358825,0.0536728515624997,0.0066747069358825,0.0156201821962992,0.0057488639783157,5,6,6,have,3.32,3.46,3.39,,0.14000000000000012,missing_aware_local_sensitivity,True,PASS,,5.0
V,4,9,12,10|11|12|13,11,11,missing,0.9217448234558104,-1.423620703792572,0.0003803968429565,0.0144299921989441,0.0003803968429565,0.0027853955427805,0.0456786639217317,1,10,13,,4.14,4.86,4.5,D:\Desktop\shumo\E题数据\Q3_HybridFinal_outputs\representative_frames\sample_11\vision_rank01.png,0.7200000000000006,missing_aware_local_sensitivity,True,PASS,,1.0
V,3,3,5,4|5|6,11,11,missing,0.920736849308014,-1.403031531906128,0.0013883709907531,0.0061591796874997,0.0013883709907531,0.0024149009386698,0.0396027948948516,2,4,6,,0.88,3.46,2.17,D:\Desktop\shumo\E题数据\Q3_HybridFinal_outputs\representative_frames\sample_11\vision_rank02.png,2.58,missing_aware_local_sensitivity,True,PASS,,2.0
V,3,1,3,2|3|4,11,11,missing,0.9209617972373962,-1.404791297531128,0.0011634230613708,0.0043994140624996,0.0011634230613708,0.0018966587384541,0.0311039619893895,3,2,4,,0.64,1.26,0.95,D:\Desktop\shumo\E题数据\Q3_HybridFinal_outputs\representative_frames\sample_11\vision_rank03.png,0.62,missing_aware_local_sensitivity,True,PASS,,3.0
A,4,38,41,39|40|41|42,12,12,missing,0.8734081983566284,-1.110030555343628,0.0040956735610961,0.0211171874999998,0.0040956735610961,0.0076152048110961,0.0225068312227104,1,39,42,,11.5,12.3,11.9,,0.8000000000000007,missing_aware_local_sensitivity,True,PASS,,1.0
A,4,22,25,23|24|25|26,12,12,missing,0.8834641575813293,-1.168630729174614,-0.0059602856636047,0.037482986330986,0.0,0.0062471643884976,0.0184635709741607,2,23,26,,7.7,8.43,8.065,,0.7299999999999995,missing_aware_local_sensitivity,True,PASS,,2.0
A,4,11,14,12|13|14|15,12,12,missing,0.8738394379615784,-1.118477408862114,0.0036644339561462,0.0126703339815139,0.0036644339561462,0.0057761562863985,0.0170715007513051,3,12,15,,4.06,5.76,4.91,,1.7000000000000002,missing_aware_local_sensitivity,True,PASS,,3.0
T,4,36,39,38|39|40|41,12,12,missing,0.746336042881012,-0.5790212242960929,0.1311678290367126,0.5521265185475349,0.1311678290367126,0.2231889154613018,0.0455672870719205,1,38,41,scores is very low,11.24,12.1,11.67,,0.8599999999999994,missing_aware_local_sensitivity,True,PASS,,1.0
T,1,39,39,41,12,12,missing,0.7548556327819824,-0.5756337506532669,0.1226482391357421,0.5555139921903609,0.1226482391357421,0.2152339045008023,0.0439431550340541,2,41,41,low,11.9,12.1,12.0,,0.1999999999999993,missing_aware_local_sensitivity,True,PASS,,2.0
T,4,31,34,32|33|34|35|36,12,12,missing,0.8487561345100403,-0.979015983080864,0.0287477374076843,0.1521317597627639,0.0287477374076843,0.0541030307014783,0.0110459263908321,3,32,36,"credit sag , and",9.4,10.82,10.11,,1.42,missing_aware_local_sensitivity,True,PASS,,3.0
T,4,20,23,21|22|23|24,12,12,missing,0.8494157195091248,-0.9949418405056,0.0280881524085998,0.1362059023380278,0.0280881524085998,0.0507891361316045,0.0103693462619336,4,21,24,perhaps by fault of,7.02,8.14,7.58,,1.120000000000001,missing_aware_local_sensitivity,True,PASS,,4.0
T,4,12,15,13|14|15|16,12,12,missing,0.8542516231536865,-1.0011890944004058,0.023252248764038,0.129958648443222,0.023252248764038,0.044912023504575,0.0091694476125032,5,13,16,by no fault of,4.8,5.92,5.359999999999999,,1.12,missing_aware_local_sensitivity,True,PASS,,5.0
V,4,26,29,27|28|29|30,12,12,missing,0.8791338205337524,-1.157368293619156,-0.0016299486160278,0.0262205507755282,0.0,0.0043700917959213,0.0333581226805173,1,27,30,,8.43,9.2,8.815,D:\Desktop\shumo\E题数据\Q3_HybridFinal_outputs\representative_frames\sample_12\vision_rank01.png,0.7699999999999996,missing_aware_local_sensitivity,True,PASS,,1.0
V,3,29,31,30|31|32,12,12,missing,0.8768725991249084,-1.1419702369928362,0.0006312727928161,0.0108224941492083,0.0006312727928161,0.0024350218176842,0.0185871968638866,2,30,32,,9.0,9.72,9.36,D:\Desktop\shumo\E题数据\Q3_HybridFinal_outputs\representative_frames\sample_12\vision_rank02.png,0.7200000000000006,missing_aware_local_sensitivity,True,PASS,,2.0
V,4,12,15,13|14|15|16,12,12,missing,0.876790463924408,-1.1234047311306,0.0007134079933166,0.0077430117130279,0.0007134079933166,0.0020039099454879,0.0152964003787483,3,13,16,,4.8,5.92,5.359999999999999,D:\Desktop\shumo\E题数据\Q3_HybridFinal_outputs\representative_frames\sample_12\vision_rank03.png,1.12,missing_aware_local_sensitivity,True,PASS,,3.0
A,4,0,3,1|2|3|4,13,13,missing,0.6999947428703308,0.1216953833788633,0.0030274391174316,0.008985811278224,0.0030274391174316,0.0045250743304689,0.034436775717062,1,1,4,,0.0,0.94,0.47,,0.94,missing_aware_local_sensitivity,True,PASS,,1.0
A,4,21,24,22|23|24|25,13,13,missing,0.7001357078552246,0.1377532447069883,0.0028864741325378,0.0070720500499009,0.0028864741325378,0.0040651491408546,0.0309366474440899,2,22,25,,6.02,6.96,6.49,,0.9400000000000004,missing_aware_local_sensitivity,True,PASS,,2.0
A,2,17,18,18|19,13,13,missing,0.7013249397277832,0.1246979888468981,0.0016972422599792,0.0059832058101892,0.0016972422599792,0.0026944432283441,0.0205052846341259,3,18,19,,4.82,5.08,4.95,,0.2599999999999998,missing_aware_local_sensitivity,True,PASS,,3.0
T,4,4,7,5|6|7|8,13,13,missing,0.6725943088531494,0.1358285144805908,0.030427873134613,0.0051473198235034,0.030427873134613,0.0312857597718636,0.0391545193743413,1,5,8,could take a set,0.94,1.54,1.24,,0.6000000000000001,missing_aware_local_sensitivity,True,PASS,,1.0
T,4,1,4,2|3|4|5,13,13,missing,0.6771489381790161,0.1283165095984936,0.0258732438087463,0.0023646850585937,0.0258732438087463,0.0262673579851786,0.0328739268166467,2,2,5,"example , i could",0.12,1.08,0.6000000000000001,,0.9600000000000001,missing_aware_local_sensitivity,True,PASS,,2.0
T,1,4,4,5,13,13,missing,0.682452917098999,0.1223993057399988,0.0205692648887634,0.0082818889170885,0.0205692648887634,0.0219495797082781,0.0274701733380737,3,5,5,could,0.94,1.08,1.01,,0.14000000000000012,missing_aware_local_sensitivity,True,PASS,,3.0
T,1,22,22,23,13,13,missing,0.6932210326194763,0.1167680476844311,0.0098011493682861,0.0139131469726562,0.0098011493682861,0.0121200071970621,0.0151683404870131,4,23,23,two,6.42,6.7,6.5600000000000005,,0.28000000000000025,missing_aware_local_sensitivity,True,PASS,,4.0
T,4,15,18,16|17|18|19,13,13,missing,0.6955103278160095,0.1076722644805908,0.0075118541717529,0.0230089301764965,0.0075118541717529,0.0113466758678356,0.0142005066631335,5,16,19,i can find a,4.65,5.08,4.865,,0.4299999999999997,missing_aware_local_sensitivity,True,PASS,,5.0
V,4,4,7,5|6|7|8,13,13,missing,0.7005302309989929,0.1192207263946533,0.0024919509887695,0.011460468262434,0.0024919509887695,0.0044020290325085,0.0244564695250454,1,5,8,,0.94,1.54,1.24,D:\Desktop\shumo\E题数据\Q3_HybridFinal_outputs\representative_frames\sample_13\vision_rank01.png,0.6000000000000001,availability_state_only_native_zero,False,NOT_CONTENT_EVIDENCE,Native feature is all-zero; suppress as content evidence.,
V,4,9,12,10|11|12|13,13,13,missing,0.7015591859817505,0.114997286209464,0.0014629960060119,0.0156839084476232,0.0014629960060119,0.0040769807472825,0.0226505901400863,2,10,13,,1.7,4.0,2.85,D:\Desktop\shumo\E题数据\Q3_HybridFinal_outputs\representative_frames\sample_13\vision_rank02.png,2.3,availability_state_only_native_zero,False,NOT_CONTENT_EVIDENCE,Native feature is all-zero; suppress as content evidence.,
V,1,24,24,25,13,13,missing,0.7010090947151184,0.1374342979282141,0.002013087272644,0.0067531032711267,0.002013087272644,0.0031386044844985,0.0174372282325831,3,25,25,,6.84,6.96,6.9,D:\Desktop\shumo\E题数据\Q3_HybridFinal_outputs\representative_frames\sample_13\vision_rank03.png,0.1200000000000001,availability_state_only_native_zero,False,NOT_CONTENT_EVIDENCE,Native feature is all-zero; suppress as content evidence.,
A,4,26,29,27|28|29|30,14,14,missing,0.6197146773338318,0.2281612171173096,0.0130552053451538,0.027254375487566,0.0130552053451538,0.0175976012597481,0.0281837583867984,1,27,30,,7.025,8.506666666666666,7.765833333333333,,1.4816666666666656,missing_aware_local_sensitivity,True,PASS,,1.0
A,4,31,34,32|33|34|35,14,14,missing,0.6217712759971619,0.2208581736624241,0.0109986066818237,0.0199513320326805,0.0109986066818237,0.0143238286872704,0.0229405883754921,2,32,35,,8.653333333333334,9.56,9.106666666666667,,0.9066666666666663,missing_aware_local_sensitivity,True,PASS,,2.0
A,4,9,12,10|11|12|13,14,14,missing,0.6228691339492798,0.1811864627242088,0.0099007487297058,0.0197203789055347,0.0099007487297058,0.0131874785472949,0.0211206461393232,3,10,13,,1.98,2.36,2.17,,0.3799999999999999,missing_aware_local_sensitivity,True,PASS,,3.0
T,3,9,11,11|12|13|14|15,14,14,missing,0.5847671627998352,0.2716934246361256,0.0480027198791503,0.070786583006382,0.0480027198791503,0.0598004837135473,0.0245314190080077,1,11,15,vettese limited and,2.0,3.28,2.64,,1.2799999999999998,missing_aware_local_sensitivity,True,PASS,,1.0
T,4,1,4,2|3|4|5,14,14,missing,0.5820496678352356,0.2537218020796776,0.05072021484375,0.052814960449934,0.05072021484375,0.0595227082520723,0.0244174696582294,2,2,5,is the co -,0.66,0.96,0.81,,0.29999999999999993,missing_aware_local_sensitivity,True,PASS,,2.0
T,4,18,21,22|23|24|25|26,14,14,missing,0.5826739072799683,0.2507741892874241,0.0500959753990173,0.0498673476576805,0.0500959753990173,0.0584072000086307,0.0239598646619582,3,22,26,final examination ( ufe,5.44,7.025,6.2325,,1.585,missing_aware_local_sensitivity,True,PASS,,3.0
T,3,4,6,5|6|7,14,14,missing,0.5884160399436951,0.2384998401641845,0.0443538427352905,0.0375929985344409,0.0443538427352905,0.0506193424910306,0.0207651213409167,4,5,7,- founder of,0.86,1.52,1.19,,0.66,missing_aware_local_sensitivity,True,PASS,,4.0
T,4,6,9,7|8|9|10|11|12|13,14,14,missing,0.5942082405090332,0.2674039959251881,0.0385616421699523,0.0664971542954445,0.0385616421699523,0.0496445012191931,0.0203652209016443,5,7,13,of rossen and vettese,1.22,2.36,1.79,,1.14,missing_aware_local_sensitivity,True,PASS,,5.0
V,4,28,31,29|30|31|32,14,14,missing,0.6422734260559082,0.1919320396274328,-0.0095035433769226,0.0089748020023107,0.0,0.0014958003337184,0.0232491798999057,1,29,32,,8.1,8.8,8.45,D:\Desktop\shumo\E题数据\Q3_HybridFinal_outputs\representative_frames\sample_14\vision_rank01.png,0.7000000000000011,missing_aware_local_sensitivity,True,PASS,,1.0
V,3,0,2,1|2|3,14,14,missing,0.6448239088058472,0.1920860083788633,-0.0120540261268615,0.0088208332508802,0.0,0.0014701388751467,0.0228503246159618,2,1,3,,0.0,0.76,0.38,D:\Desktop\shumo\E题数据\Q3_HybridFinal_outputs\representative_frames\sample_14\vision_rank02.png,0.76,missing_aware_local_sensitivity,True,PASS,,2.0
V,4,13,16,14|15|16|17,14,14,missing,0.6432732939720154,0.1938237957298756,-0.0105034112930297,0.0070830458998679,0.0,0.0011805076499779,0.0183485951359062,3,14,17,,2.36,3.68,3.02,D:\Desktop\shumo\E题数据\Q3_HybridFinal_outputs\representative_frames\sample_14\vision_rank03.png,1.3200000000000003,missing_aware_local_sensitivity,True,PASS,,3.0
A,4,0,3,1|2|3|4,15,15,missing,0.7771167159080505,0.8318707581400872,0.0202970504760742,0.0957313466668129,0.0202970504760742,0.036252274920543,0.0428237422362401,1,1,4,,6.0,6.98,6.49,,0.9800000000000004,missing_aware_local_sensitivity,True,PASS,,1.0
A,4,4,7,5|6|7|8,15,15,missing,0.7868460416793823,0.8711575471997262,0.0105677247047424,0.0564445576071739,0.0105677247047424,0.0199751509726047,0.0235960561993882,2,5,8,,6.98,7.3143125,7.14715625,,0.33431249999999935,missing_aware_local_sensitivity,True,PASS,,2.0
A,4,11,14,12|13|14|15,15,15,missing,0.7887231111526489,0.8814521868467331,0.0086906552314758,0.0461499179601669,0.0086906552314758,0.0163823082248369,0.0193519371182278,3,12,15,,7.3143125,7.3143125,7.3143125,,0.0,missing_aware_local_sensitivity,False,UNAVAILABLE,Zero/invalid A/V interval suppressed from final display.,
T,4,15,18,18|19|20|21,15,15,missing,0.6561122536659241,0.6818068089127541,0.1413015127182006,0.2457952958941459,0.1413015127182006,0.182267395367225,0.0591332707574483,1,18,21,power to transform lives,7.3143125,7.3143125,7.3143125,,0.0,missing_aware_local_sensitivity,True,UNAVAILABLE,Text phrase kept; zero/invalid timestamp suppressed.,1.0
T,1,16,16,19,15,15,missing,0.72013920545578,0.7807495882153511,0.0772745609283447,0.1468525165915489,0.0772745609283447,0.1017499803602695,0.0330108910926523,2,19,19,to,7.3143125,7.3143125,7.3143125,,0.0,missing_aware_local_sensitivity,True,UNAVAILABLE,Text phrase kept; zero/invalid timestamp suppressed.,2.0
T,4,12,15,15|16|17|18,15,15,missing,0.7356275916099548,0.8325747073531151,0.0617861747741699,0.0950273974537849,0.0617861747741699,0.0776240743498007,0.0251836890332195,3,15,18,believed in its power,7.3143125,7.3143125,7.3143125,,0.0,missing_aware_local_sensitivity,True,UNAVAILABLE,Text phrase kept; zero/invalid timestamp suppressed.,3.0
T,1,17,17,20,15,15,missing,0.7531503438949585,0.8237318958282471,0.0442634224891662,0.1038702089786529,0.0442634224891662,0.0615751239856084,0.0199769052014399,4,20,20,transform,7.3143125,7.3143125,7.3143125,,0.0,missing_aware_local_sensitivity,True,UNAVAILABLE,Text phrase kept; zero/invalid timestamp suppressed.,4.0
T,3,8,10,9|10|11|12|13,15,15,missing,0.7530698180198669,0.8579153216123582,0.0443439483642578,0.0696867831945419,0.0443439483642578,0.0559584122300148,0.0181546674043787,5,9,13,prioritize education because,7.3143125,7.3143125,7.3143125,,0.0,missing_aware_local_sensitivity,True,UNAVAILABLE,Text phrase kept; zero/invalid timestamp suppressed.,5.0
V,4,2,5,3|4|5|6,15,15,missing,0.7895519137382507,0.9005896380186081,0.007861852645874,0.0270124667882919,0.007861852645874,0.0123639304439226,0.0571060603295665,1,3,6,,6.48,7.29,6.885,D:\Desktop\shumo\E题数据\Q3_HybridFinal_outputs\representative_frames\sample_15\vision_rank01.png,0.8099999999999996,missing_aware_local_sensitivity,True,PASS,,1.0
V,4,5,8,6|7|8|9,15,15,missing,0.7932295799255371,0.9217947923183442,0.0041841864585876,0.0058073124885559,0.0041841864585876,0.0051520718733469,0.0237961972170615,2,6,9,,7.28,7.3143125,7.29715625,D:\Desktop\shumo\E题数据\Q3_HybridFinal_outputs\representative_frames\sample_15\vision_rank02.png,0.034312499999999524,missing_aware_local_sensitivity,True,PASS,,2.0
V,3,0,2,1|2|3,15,15,missing,0.7940486073493958,0.9171313704490662,0.003365159034729,0.0104707343578338,0.003365159034729,0.0051102814277013,0.0236031770669511,3,1,3,,6.0,6.74,6.37,D:\Desktop\shumo\E题数据\Q3_HybridFinal_outputs\representative_frames\sample_15\vision_rank03.png,0.7400000000000002,missing_aware_local_sensitivity,True,PASS,,3.0
A,3,0,2,1|2|3,16,16,missing,0.9414951801300048,-1.934480750656128,0.0033579468727111,0.0307958984374998,0.0033579468727111,0.0084905966122944,0.0874844707367736,1,1,3,,0.0,0.62,0.31,,0.62,missing_aware_local_sensitivity,True,PASS,,1.0
A,3,8,10,9|10|11,16,16,missing,0.9443724155426024,-1.940463781929016,0.0004807114601135,0.0248128671646119,0.0004807114601135,0.0046161893208821,0.0475637812039441,2,9,11,,1.62,2.44,2.03,,0.8199999999999998,missing_aware_local_sensitivity,True,PASS,,2.0
A,4,3,6,4|5|6|7,16,16,missing,0.9465472102165222,-1.988857551431656,-0.0016940832138061,0.0235809023380277,0.0,0.0039301503896712,0.0404950491062609,3,4,7,,0.62,1.1700000000000002,0.895,,0.5500000000000002,missing_aware_local_sensitivity,True,PASS,,3.0
T,4,7,10,8|9|10|11,16,16,missing,0.9224563837051392,-1.6763231119871138,0.0223967432975769,0.2889535371065141,0.0223967432975769,0.0705556661486626,0.0545685691494707,1,8,11,is a terrible movie,1.1700000000000002,2.44,1.805,,1.2699999999999998,missing_aware_local_sensitivity,True,PASS,,1.0
T,4,3,6,4|5|6|7,16,16,missing,0.9226862192153932,-1.7461858287811278,0.0221669077873229,0.2190908203125001,0.0221669077873229,0.058682044506073,0.0453853726887768,2,4,7,"a terrible , this",0.62,1.1700000000000002,0.895,,0.5500000000000002,missing_aware_local_sensitivity,True,PASS,,2.0
T,4,0,3,1|2|3|4,16,16,missing,0.9254546761512756,-1.7614957037925725,0.0193984508514404,0.2037809453010557,0.0193984508514404,0.0533619417349497,0.0412707436051729,3,1,4,it ' s a,0.0,0.78,0.39,,0.78,missing_aware_local_sensitivity,True,PASS,,3.0
T,2,6,7,7|8,16,16,missing,0.9346336722373962,-1.865497809267044,0.0102194547653198,0.0997788398265839,0.0102194547653198,0.0268492614030838,0.0207655296514292,4,7,8,this is,1.16,1.62,1.39,,0.4600000000000002,missing_aware_local_sensitivity,True,PASS,,4.0
T,1,9,9,10,16,16,missing,0.9388672709465028,-1.8783441842556,0.0059858560562133,0.086932464838028,0.0059858560562133,0.0204746001958847,0.0158352928628409,5,10,10,terrible,1.76,2.06,1.91,,0.30000000000000004,missing_aware_local_sensitivity,True,PASS,,5.0
V,4,4,7,5|6|7|8,16,16,missing,0.94661545753479,-2.003111610031128,-0.0017623305320739,0.0378349609374999,0.0,0.0063058268229166,0.0561075853482581,1,5,8,,0.78,1.62,1.2000000000000002,D:\Desktop\shumo\E题数据\Q3_HybridFinal_outputs\representative_frames\sample_16\vision_rank01.png,0.8400000000000001,missing_aware_local_sensitivity,True,PASS,,1.0
V,4,7,10,8|9|10|11,16,16,missing,0.9462548494338988,-1.995544531917572,-0.0014017224311828,0.0302678828239439,0.0,0.0050446471373239,0.0448859408540394,2,8,11,,1.1700000000000002,2.44,1.805,D:\Desktop\shumo\E题数据\Q3_HybridFinal_outputs\representative_frames\sample_16\vision_rank02.png,1.2699999999999998,missing_aware_local_sensitivity,True,PASS,,2.0
V,4,0,3,1|2|3|4,16,16,missing,0.9451915621757508,-1.988505469417572,-0.0003384351730346,0.0232288203239439,0.0,0.0038714700539906,0.0344473203241308,3,1,4,,0.0,0.78,0.39,D:\Desktop\shumo\E题数据\Q3_HybridFinal_outputs\representative_frames\sample_16\vision_rank03.png,0.78,missing_aware_local_sensitivity,True,PASS,,3.0
A,4,7,10,8|9|10|11,17,17,missing,0.9045658111572266,1.1899830091238024,-0.0041106343269348,0.0278922421932223,0.0,0.0046487070322037,0.0349027386193167,1,8,11,,3.08,5.08,4.08,,2.0,missing_aware_local_sensitivity,True,PASS,,1.0
A,3,17,19,18|19|20,17,17,missing,0.9001398682594299,1.136926139974594,0.0003153085708618,0.0251646269559859,0.0003153085708618,0.0045094130635261,0.0338569121246976,2,18,20,,7.6,8.22,7.91,,0.620000000000001,missing_aware_local_sensitivity,True,PASS,,2.0
A,4,0,3,1|2|3|4,17,17,missing,0.8996445536613464,1.174233192706108,0.0008106231689453,0.012142425775528,0.0008106231689453,0.0028343607981999,0.0212805309964899,3,1,4,,0.0,2.12,1.06,,2.12,missing_aware_local_sensitivity,True,PASS,,3.0
T,4,9,12,10|11|12|13,17,17,missing,0.8388097286224365,0.8865994798183442,0.0616454482078552,0.2754912871122358,0.0616454482078552,0.1075606627265612,0.0400783732136674,1,10,13,"simple , easy and",4.44,6.6,5.52,,2.1599999999999993,missing_aware_local_sensitivity,True,PASS,,1.0
T,4,12,15,13|14|15|16,17,17,missing,0.8577104210853577,0.99491313996315,0.042744755744934,0.16717762696743,0.042744755744934,0.070607693572839,0.0263092604957491,2,13,16,and will make people,6.58,7.34,6.96,,0.7599999999999998,missing_aware_local_sensitivity,True,PASS,,2.0
T,4,6,9,7|8|9|10,17,17,missing,0.8651525378227234,1.0248290481805804,0.0353026390075683,0.1372617187499996,0.0353026390075683,0.0581795921325682,0.0216784031243442,3,7,10,your presentations is simple,2.94,4.76,3.85,,1.8199999999999998,missing_aware_local_sensitivity,True,PASS,,3.0
T,4,19,22,20|21|22|23,17,17,missing,0.8727318644523621,1.0530733723878862,0.0277233123779296,0.1090173945426937,0.0277233123779296,0.0458928781350453,0.0171002283838801,4,20,23,into a design guru,7.98,8.79,8.385,,0.8099999999999987,missing_aware_local_sensitivity,True,PASS,,4.0
T,4,15,18,16|17|18|19,17,17,missing,0.8728165030479431,1.109209831380844,0.0276386737823486,0.0528809355497359,0.0276386737823486,0.0364521630406379,0.013582506445708,5,16,19,people think you turned,7.08,7.98,7.53,,0.9000000000000004,missing_aware_local_sensitivity,True,PASS,,5.0
V,4,16,19,17|18|19|20,17,17,missing,0.9025603532791138,1.196494270825386,-0.002105176448822,0.034403503894806,0.0,0.005733917315801,0.024844879269452,1,17,20,,7.34,8.22,7.78,D:\Desktop\shumo\E题数据\Q3_HybridFinal_outputs\representative_frames\sample_17\vision_rank01.png,0.8800000000000008,missing_aware_local_sensitivity,True,PASS,,1.0
V,4,10,13,11|12|13|14,17,17,missing,0.9023218154907228,1.1959662552118302,-0.0018666386604309,0.0338754882812502,0.0,0.0056459147135417,0.024463566824903,2,11,14,,4.76,6.9,5.83,D:\Desktop\shumo\E题数据\Q3_HybridFinal_outputs\representative_frames\sample_17\vision_rank02.png,2.1400000000000006,missing_aware_local_sensitivity,True,PASS,,2.0
V,4,19,22,20|21|22|23,17,17,missing,0.9011058807373048,1.193854622387886,-0.0006507039070129,0.031763855457306,0.0,0.005293975909551,0.02293862730907,3,20,23,,7.98,8.79,8.385,D:\Desktop\shumo\E题数据\Q3_HybridFinal_outputs\representative_frames\sample_17\vision_rank03.png,0.8099999999999987,missing_aware_local_sensitivity,True,PASS,,3.0
A,4,12,15,13|14|15|16,18,18,missing,0.5500490069389343,-0.3881526827871799,0.0112042427062988,0.0207432480454444,0.0112042427062988,0.0146614507138729,0.030084702598589,1,13,16,,3.94,6.47,5.205,,2.53,missing_aware_local_sensitivity,True,PASS,,1.0
A,4,3,6,4|5|6|7,18,18,missing,0.5505023002624512,-0.3925081134498119,0.0107509493827819,0.0163878173828125,0.0107509493827819,0.0134822522799174,0.0276650352080555,2,4,7,,0.8,1.92,1.36,,1.1199999999999999,missing_aware_local_sensitivity,True,PASS,,2.0
A,4,0,3,1|2|3|4,18,18,missing,0.5571234822273254,-0.3932340275108814,0.0041297674179077,0.0156619033217429,0.0041297674179077,0.0067400846381982,0.0138303804846299,3,1,4,,0.0,1.1,0.55,,1.1,missing_aware_local_sensitivity,True,PASS,,3.0
T,4,24,27,29|30|31|32,18,18,missing,0.3339556455612182,-0.1554676757067442,0.2272976040840149,0.2534282551258802,0.2272976040840149,0.2695356466049949,0.0602256424858955,1,29,32,denied msc certification based,8.96,11.3,10.13,,2.34,missing_aware_local_sensitivity,True,PASS,,1.0
T,1,24,24,29,18,18,missing,0.3834763765335083,-0.1716905284881591,0.1777768731117248,0.2372054023444652,0.1777768731117248,0.2173111068358024,0.0485564755287724,2,29,29,denied,8.96,9.36,9.16,,0.3999999999999986,missing_aware_local_sensitivity,True,PASS,,2.0
T,4,21,24,26|27|28|29,18,18,missing,0.397288054227829,-0.1881993270725011,0.1639651954174041,0.2206966037601232,0.1639651954174041,0.200747962710758,0.0448555698820356,3,26,29,fishery has been denied,8.14,9.36,8.75,,1.2199999999999989,missing_aware_local_sensitivity,True,PASS,,3.0
T,4,33,36,38|39|40|41,18,18,missing,0.4992850422859192,-0.3303224064171314,0.0619682073593139,0.078573524415493,0.0619682073593139,0.0750637947618961,0.0167724207313839,4,38,41,fishery has failed to,12.16,13.2,12.68,,1.0399999999999991,missing_aware_local_sensitivity,True,PASS,,4.0
T,2,27,28,32|33,18,18,missing,0.5071688890457153,-0.3123068004608154,0.0540843605995178,0.096589130371809,0.0540843605995178,0.0701825489948193,0.0156817443545981,5,32,33,based on,10.900000000000002,11.54,11.22,,0.639999999999997,missing_aware_local_sensitivity,True,PASS,,5.0
V,4,41,44,42|43|44|45,18,18,missing,0.5539535880088806,-0.4138232799530029,0.0072996616363525,0.0049273491203785,0.0072996616363525,0.0081208864897489,0.0174063456185228,1,42,45,,13.2,14.76,13.98,D:\Desktop\shumo\E题数据\Q3_HybridFinal_outputs\representative_frames\sample_18\vision_rank01.png,1.5600000000000005,missing_aware_local_sensitivity,True,PASS,,1.0
V,4,32,35,33|34|35|36,18,18,missing,0.5544207692146301,-0.4041885524153709,0.006832480430603,0.0047073784172534,0.006832480430603,0.0076170435001452,0.016326406226982,2,33,36,,11.3,12.04,11.67,D:\Desktop\shumo\E题数据\Q3_HybridFinal_outputs\representative_frames\sample_18\vision_rank02.png,0.7399999999999984,missing_aware_local_sensitivity,True,PASS,,2.0
V,4,44,47,45|46|47|48,18,18,missing,0.5551323890686035,-0.4118435436248779,0.0061208605766296,0.0029476127922534,0.0061208605766296,0.0066121293753385,0.0141724686494279,3,45,48,,13.98,15.22,14.6,D:\Desktop\shumo\E题数据\Q3_HybridFinal_outputs\representative_frames\sample_18\vision_rank03.png,1.2400000000000002,missing_aware_local_sensitivity,True,PASS,,3.0
A,4,6,9,7|8|9|10,19,19,missing,0.4223382472991943,0.3375526316702366,0.0057658553123474,0.0328636284172534,0.0057658553123474,0.0112431267152229,0.0283094626020218,1,7,10,,2.66,3.68,3.17,,1.02,missing_aware_local_sensitivity,True,PASS,,1.0
A,4,14,17,15|16|17|18,19,19,missing,0.4494549334049225,0.4269927141904831,-0.0213508307933807,0.056576454102993,0.0,0.0094294090171655,0.0237426392757078,2,15,18,,5.3,6.74,6.02,,1.4400000000000004,missing_aware_local_sensitivity,True,PASS,,2.0
A,4,21,24,22|23|24|25,19,19,missing,0.4239799678325653,0.3437118382096291,0.0041241347789764,0.026704421877861,0.0041241347789764,0.0085748717586199,0.0215909699780493,3,22,25,,7.78,9.12,8.45,,1.339999999999999,missing_aware_local_sensitivity,True,PASS,,3.0
T,2,1,2,2|3,19,19,missing,0.2601853907108307,-0.0536789952240884,0.167918711900711,0.4240952553115785,0.167918711900711,0.2386012544526408,0.0289686363083622,1,2,3,are surprisingly,0.64,1.52,1.08,,0.88,missing_aware_local_sensitivity,True,PASS,,1.0
T,4,29,32,33|34|35|36,19,19,missing,0.2707839012145996,-0.0219887785645201,0.1573202013969421,0.3924050386520102,0.1573202013969421,0.2227210411722772,0.0270406157534267,2,33,36,for the most part,11.32,11.86,11.59,,0.5399999999999991,missing_aware_local_sensitivity,True,PASS,,2.0
T,3,16,18,19|20|21,19,19,missing,0.2934450805187225,0.0160695909574628,0.1346590220928192,0.3543466691300273,0.1346590220928192,0.1937168002811571,0.0235192038157466,3,19,21,out there love,6.74,7.78,7.26,,1.04,missing_aware_local_sensitivity,True,PASS,,3.0
T,1,31,31,35,19,19,missing,0.3208905458450317,0.1416687339633703,0.10721355676651,0.2287475261241197,0.10721355676651,0.1453381444538633,0.0176455394506396,4,35,35,most,11.56,11.72,11.64,,0.16000000000000014,missing_aware_local_sensitivity,True,PASS,,4.0
T,3,14,16,16|17|18|19,19,19,missing,0.3384328186511993,0.161576096022129,0.0896712839603424,0.208840164065361,0.0896712839603424,0.1244779779712359,0.0151129015667635,5,16,19,some haters out,5.88,6.9,6.390000000000001,,1.0200000000000005,missing_aware_local_sensitivity,True,PASS,,5.0
V,4,33,36,34|35|36|37,19,19,missing,0.4566663801670074,0.4113748211205006,-0.0285622775554656,0.0409585610330104,0.0,0.006826426838835,0.0273545110530837,1,34,37,,11.44,12.0,11.72,D:\Desktop\shumo\E题数据\Q3_HybridFinal_outputs\representative_frames\sample_19\vision_rank01.png,0.5600000000000005,missing_aware_local_sensitivity,True,PASS,,1.0
V,4,30,33,31|32|33|34,19,19,missing,0.4565796852111816,0.4066674158513546,-0.0284755825996398,0.0362511557638645,0.0,0.0060418592939774,0.0242106318195721,2,31,34,,11.26,11.56,11.41,D:\Desktop\shumo\E题数据\Q3_HybridFinal_outputs\representative_frames\sample_19\vision_rank02.png,0.3000000000000007,missing_aware_local_sensitivity,True,PASS,,2.0
V,3,36,38,37|38|39,19,19,missing,0.443049281835556,0.3980445750296116,-0.0149451792240142,0.0276283149421214,0.0,0.0046047191570202,0.0184517968259001,3,37,39,,11.86,12.92,12.39,D:\Desktop\shumo\E题数据\Q3_HybridFinal_outputs\representative_frames\sample_19\vision_rank03.png,1.0600000000000005,missing_aware_local_sensitivity,True,PASS,,3.0
A,4,38,41,39|40|41|42,20,20,missing,0.7203392386436462,0.8245677415370941,0.0008826255798339,0.0211171875,0.0008826255798339,0.0044021568298339,0.0287627001386043,1,39,42,,9.1,9.59,9.345,,0.4900000000000002,missing_aware_local_sensitivity,True,PASS,,1.0
A,4,35,38,36|37|38|39,20,20,missing,0.7198626399040222,0.8298030550122262,0.001359224319458,0.0158818740248679,0.001359224319458,0.0040062033236026,0.0261756292075148,2,36,39,,8.64,9.2,8.92,,0.5599999999999987,missing_aware_local_sensitivity,True,PASS,,2.0
A,4,25,28,26|27|28|29,20,20,missing,0.7339794635772705,0.8642504886031152,-0.0127575993537902,0.018565559566021,0.0,0.0030942599276701,0.0202171966812533,3,26,29,,6.34,7.58,6.96,,1.2400000000000002,missing_aware_local_sensitivity,True,PASS,,3.0
T,4,15,18,16|17|18|19,20,20,missing,0.6502737998962402,0.7445423889994621,0.0709480643272399,0.101142540037632,0.0709480643272399,0.0878051543335119,0.0249962295665161,1,16,19,"more , and we",3.44,4.713333333333333,4.076666666666666,,1.273333333333333,missing_aware_local_sensitivity,True,PASS,,1.0
T,4,18,21,19|20|21|22,20,20,missing,0.6764956116676331,0.8035385745406152,0.0447262525558471,0.0421463544964789,0.0447262525558471,0.0517506449719269,0.014732290054638,2,19,22,we ' ll have,4.64,5.08,4.859999999999999,,0.4400000000000004,missing_aware_local_sensitivity,True,PASS,,2.0
T,4,0,3,1|2|3|4,20,20,missing,0.6836036443710327,0.7969394534468651,0.0376182198524475,0.048745475590229,0.0376182198524475,0.0457424657841523,0.0130218913041963,3,1,4,"and of course ,",0.0,0.98,0.49,,0.98,missing_aware_local_sensitivity,True,PASS,,3.0
T,4,39,42,40|41|42|43,20,20,missing,0.6859980225563049,0.7890204544305802,0.0352238416671752,0.0566644746065139,0.0352238416671752,0.0446679207682609,0.0127159915640199,4,40,43,the day today .,9.2,9.72,9.46,,0.5200000000000014,missing_aware_local_sensitivity,True,PASS,,4.0
T,4,23,26,24|25|26|27,20,20,missing,0.687106192111969,0.8048144153594972,0.0341156721115112,0.0408705136775969,0.0341156721115112,0.0409274243911107,0.0116511530947333,5,24,27,live updates and a,5.44,6.84,6.140000000000001,,1.3999999999999995,missing_aware_local_sensitivity,True,PASS,,5.0
V,4,11,14,12|13|14|15,20,20,missing,0.7129342555999756,0.8023067171216012,0.0082876086235046,0.0433782119154929,0.0082876086235046,0.0155173106094201,0.0189315418388457,1,12,15,,2.48,3.44,2.96,D:\Desktop\shumo\E题数据\Q3_HybridFinal_outputs\representative_frames\sample_20\vision_rank01.png,0.96,missing_aware_local_sensitivity,True,PASS,,1.0
V,4,6,9,7|8|9|10,20,20,missing,0.7127071022987366,0.8042864534497262,0.0085147619247436,0.0413984755873679,0.0085147619247436,0.0154145078559716,0.0188061196779413,2,7,10,,1.58,2.22,1.9,D:\Desktop\shumo\E题数据\Q3_HybridFinal_outputs\representative_frames\sample_20\vision_rank02.png,0.6400000000000001,missing_aware_local_sensitivity,True,PASS,,2.0
V,4,14,17,15|16|17|18,20,20,missing,0.7135127782821655,0.8048583450555802,0.0077090859413146,0.0408265839815139,0.0077090859413146,0.0145135166049003,0.0177068857967986,3,15,18,,3.16,4.64,3.9,D:\Desktop\shumo\E题数据\Q3_HybridFinal_outputs\representative_frames\sample_20\vision_rank03.png,1.4799999999999995,missing_aware_local_sensitivity,True,PASS,,3.0
