scenario_id,scenario,modality_combination,missing_rate_percent,missing_rate_target,position,runtime_seconds,accuracy_r1,macro_f1_r1,weighted_f1,mae_r1,pearson_r1,recall_negative,recall_neutral,recall_positive,f1_negative,f1_neutral,f1_positive,mae_negative,mae_neutral,mae_positive,composite_score,task_loss,weight_text,missing_region_weight_text,weight_audio,missing_region_weight_audio,weight_vision,missing_region_weight_vision,accuracy_q2d_v1,macro_f1_q2d_v1,mae_q2d_v1,pearson_q2d_v1,accuracy_gain_vs_v1,macro_f1_gain_vs_v1,mae_reduction_vs_v1,pearson_gain_vs_v1
1,T_10_Head,T,10,0.1,Head,0.46135950088500977,0.6112637362637363,0.6060462589630048,0.620649681426248,0.5761399269104004,0.6698592629618324,0.6650485436893204,0.5978260869565217,0.5857988165680473,0.657074340527578,0.49327354260089684,0.6677908937605397,0.701421320438385,0.34924519062042236,0.6233018040657043,0.6737806539712767,1.2548021575906774,0.5073852260557653,0.43419287793307126,0.2501564378105624,,0.24245834186759557,,0.6085164835164835,0.6046519259715569,0.6098181009292603,0.6514983005812958,0.0027472527472528485,0.0013943329914478664,0.03367817401885986,0.01836096238053664
2,T_10_Middle,T,10,0.1,Middle,0.4613199234008789,0.6126373626373627,0.6061125337086296,0.6208417275335119,0.5827000141143799,0.6617491392321171,0.6699029126213593,0.5869565217391305,0.591715976331361,0.6540284360189573,0.4954128440366973,0.6688963210702341,0.7168588042259216,0.3537374436855316,0.625576913356781,0.6715664243849957,1.2637310840271332,0.5070565133384556,0.4255782390738132,0.25028610147578995,,0.24265737781356736,,0.6153846153846154,0.6128386146424862,0.6082765460014343,0.6423893476937027,-0.0027472527472527375,-0.006726080933856626,0.025576531887054443,0.019359791538414384
3,T_10_Tail,T,10,0.1,Tail,0.46200084686279297,0.6153846153846154,0.6071893942589365,0.6225479873019597,0.5846772789955139,0.6585856982883123,0.6941747572815534,0.5543478260869565,0.6005917159763313,0.6682242990654206,0.48226950354609927,0.6710743801652893,0.7114431262016296,0.3641020655632019,0.6274939775466919,0.6715668204000066,1.272619868372823,0.5132977070152082,0.44283685225323155,0.24703675102772876,,0.23966554932925024,,0.6057692307692307,0.6032134620389096,0.617245614528656,0.6409819230878532,0.009615384615384692,0.003975932220026901,0.03256833553314209,0.017603775200459082
4,T_20_Head,T,20,0.2,Head,0.4596877098083496,0.5989010989010989,0.5969658139469459,0.6101145370013294,0.5847445130348206,0.6564974554421799,0.6262135922330098,0.6521739130434783,0.5532544378698225,0.6339066339066339,0.5031446540880503,0.6538461538461539,0.7286907434463501,0.3322574198246002,0.6344625353813171,0.6643623826529877,1.2674785931031782,0.49526790285509803,0.4223716613279289,0.2563653626051844,,0.24836672716753047,,0.6112637362637363,0.6077772449560118,0.6171684861183167,0.6383601068111846,-0.01236263736263743,-0.010811431009065897,0.032423973083496094,0.018137348630995254
5,T_20_Middle,T,20,0.2,Middle,0.4601461887359619,0.5975274725274725,0.5936734996371578,0.6083954390525592,0.5925870537757874,0.6405041907948006,0.6359223300970874,0.625,0.5591715976331361,0.6267942583732058,0.4956896551724138,0.6585365853658537,0.7399669885635376,0.3326807916164398,0.64425128698349,0.6585440362585422,1.283714730660994,0.49468068193923465,0.4217100590267973,0.25654999493579894,,0.24876932230583454,,0.6071428571428571,0.6062231792111109,0.6162890791893005,0.6262143332947353,-0.009615384615384581,-0.012549679573953143,0.023702025413513184,0.014289857500065284
6,T_20_Tail,T,20,0.2,Tail,0.4586923122406006,0.5961538461538461,0.5901044670652514,0.603828900516037,0.5933930277824402,0.6512448142516473,0.6844660194174758,0.5489130434782609,0.5680473372781065,0.6573426573426573,0.4675925925925926,0.6453781512605042,0.7054036259651184,0.3489842712879181,0.6581771373748779,0.6599263628858162,1.2815740265689053,0.5012288616787397,0.4346009158705133,0.25308776603176125,,0.2456833763851586,,0.5865384615384616,0.5852811777463947,0.6193830966949463,0.641916474243867,0.009615384615384581,0.004823289318856783,0.025990068912506104,0.009328340007780267
7,T_30_Head,T,30,0.3,Head,0.45719265937805176,0.592032967032967,0.5925312288385899,0.6039765455379694,0.6000410914421082,0.6298770072102461,0.616504854368932,0.6739130434782609,0.5325443786982249,0.635,0.5020242914979757,0.6405693950177936,0.7737587690353394,0.31046783924102783,0.6518033146858215,0.6536068764836084,1.2923155721727309,0.48237012224645864,0.4164777560957271,0.2629306884136532,,0.2546991778720416,,0.5975274725274725,0.5943284571866885,0.6304464936256409,0.6182552774483939,-0.005494505494505475,-0.0017972283480985896,0.030405402183532715,0.011621729761852162
8,T_30_Middle,T,30,0.3,Middle,0.4649968147277832,0.592032967032967,0.5931868294479113,0.6030552234665987,0.5997918248176575,0.6293222839426075,0.6310679611650486,0.6793478260869565,0.5207100591715976,0.6403940886699507,0.5060728744939271,0.6330935251798561,0.7479738593101501,0.3147391378879547,0.664656400680542,0.6536528680377334,1.2999843804390876,0.48127202678448605,0.41839422573700796,0.26331844661582404,,0.2554095265996899,,0.5906593406593407,0.5912310386919027,0.6228823065757751,0.6125354345955539,0.0013736263736263687,0.001955790756008602,0.023090481758117676,0.016786849347053545
9,T_30_Tail,T,30,0.3,Tail,0.46008801460266113,0.5769230769230769,0.5759590593713817,0.5865150985327018,0.5964019298553467,0.6406128222780971,0.6650485436893204,0.5815217391304348,0.5207100591715976,0.6492890995260664,0.46320346320346323,0.6153846153846154,0.7213186621665955,0.32358628511428833,0.6687842607498169,0.64867357882186,1.2908418506056398,0.48813092455168716,0.42952462989917267,0.259638095173376,,0.25223098191320065,,0.5769230769230769,0.5753163682693884,0.6214076280593872,0.6379244190452973,0.0,0.0006426911019933312,0.025005698204040527,0.002688403232799841
10,T_40_Head,T,40,0.4,Head,0.4626340866088867,0.5906593406593407,0.5923569788548692,0.6019416336845743,0.6133733987808228,0.6091985305863948,0.5922330097087378,0.7228260869565217,0.5177514792899408,0.6256410256410256,0.5185185185185185,0.6329113924050633,0.8030503392219543,0.2961328327655792,0.6704704761505127,0.6469392626267493,1.3151146527175064,0.46913151887447657,0.4121820726838431,0.26963590065348114,,0.26123257637638275,,0.5934065934065934,0.5903116516149921,0.6370858550071716,0.60264228799376,-0.0027472527472527375,0.0020453272398770483,0.023712456226348877,0.0065562425926348755
11,T_40_Middle,T,40,0.4,Middle,0.46273231506347656,0.5782967032967034,0.5822474620250077,0.5897600055197739,0.6138603091239929,0.6101029664334502,0.6067961165048543,0.7065217391304348,0.4911242603550296,0.6345177664974619,0.5019305019305019,0.6102941176470589,0.7760204076766968,0.3023435175418854,0.6846120357513428,0.6415067571784576,1.3238566602979387,0.46729268898696685,0.41412690735477153,0.27038925298683014,,0.262318058026203,,0.5782967032967034,0.5792219308469307,0.6241261959075928,0.6037370615560392,0.0,0.0030255311780769123,0.010265886783599854,0.006365904877410955
12,T_40_Tail,T,40,0.4,Tail,2.8602099418640137,0.5673076923076923,0.5675710629704523,0.576866274943325,0.6127064824104309,0.6154875475804672,0.6359223300970874,0.6086956521739131,0.5029585798816568,0.6282973621103117,0.47157894736842104,0.6028368794326241,0.7534942626953125,0.30852198600769043,0.6924924850463867,0.6365327021804503,1.3272830365778325,0.47505971078379156,0.42563180922183014,0.2662068662506228,,0.25873342460384946,,0.5769230769230769,0.5739583320394175,0.6274470090866089,0.6227123470413494,-0.009615384615384581,-0.00638726906896514,0.014740526676177979,-0.00722479946088217
13,T_50_Head,T,50,0.5,Head,0.9135689735412598,0.554945054945055,0.5571780168891642,0.5658224830438862,0.6386943459510803,0.5689959442878829,0.5145631067961165,0.7608695652173914,0.46745562130177515,0.5698924731182796,0.5054151624548736,0.5962264150943396,0.842925488948822,0.29293176531791687,0.7024479508399963,0.6170552252012689,1.3606894959460247,0.4539049692053587,0.40773153506250825,0.2773524901373898,,0.2687425521250981,,0.592032967032967,0.5881189178573182,0.6548550128936768,0.5707353620272972,-0.03708791208791207,-0.03094090096815394,0.016160666942596436,-0.0017394177394143284
14,T_50_Middle,T,50,0.5,Middle,0.5010011196136475,0.5494505494505495,0.5552173078021004,0.5607821586364068,0.6324406266212463,0.5727467387587551,0.5388349514563107,0.7554347826086957,0.4437869822485207,0.5951742627345844,0.49466192170818507,0.5758157389635317,0.8112474679946899,0.2799316346645355,0.7153620719909668,0.6166502634510806,1.3597422877510825,0.4520701317667372,0.40959523196964825,0.2780425710843975,,0.2698873028827886,,0.570054945054945,0.5718881832482782,0.6326484084129333,0.5906726951049515,-0.02060439560439553,-0.016670875446177735,0.00020778179168701172,-0.017925956346196315
15,T_50_Tail,T,50,0.5,Tail,0.4800081253051758,0.5274725274725275,0.5316393684902897,0.5399668970738605,0.6400411128997803,0.5690931278012421,0.5679611650485437,0.625,0.44970414201183434,0.5879396984924623,0.444015444015444,0.562962962962963,0.8055113554000854,0.30366164445877075,0.7223102450370789,0.6037144965326998,1.3756329777476553,0.4612376725235952,0.4216211246538766,0.27319225764259236,,0.2655700673764167,,0.5590659340659341,0.5572130712465592,0.6528968214988708,0.5769634617759145,-0.03159340659340659,-0.025573702756269467,0.012855708599090576,-0.007870333974672405
16,A_10_Head,A,10,0.1,Head,0.4605062007904053,0.6167582417582418,0.6073916083420904,0.6241361801313184,0.5772551894187927,0.6710604371069664,0.6650485436893204,0.5597826086956522,0.6183431952662722,0.6555023923444976,0.48699763593380613,0.6796747967479675,0.7055984139442444,0.39114150404930115,0.6003504991531372,0.6756979726835919,1.268501266018375,0.5178641920722501,,0.24859792878501324,0.282678432544405,0.23353788323839617,,0.6085164835164835,0.6062331205719484,0.6035332083702087,0.6553096989834178,0.008241758241758323,0.001158487770141936,0.026278018951416016,0.015750738123548547
17,A_10_Middle,A,10,0.1,Middle,0.4665060043334961,0.6153846153846154,0.6060114909490459,0.6223965992671375,0.5752851963043213,0.6728720293773564,0.6601941747572816,0.5652173913043478,0.6153846153846154,0.6476190476190476,0.4928909952606635,0.6775244299674267,0.7005429863929749,0.38879403471946716,0.6004664301872253,0.6756266009023943,1.2657452376334222,0.5192880988863371,,0.2464399151416047,0.2646892659334957,0.23427197122768395,,0.6016483516483516,0.5998065893023875,0.6019923090934753,0.6565825748691768,0.013736263736263798,0.006204901646658434,0.026707112789154053,0.016289454508179535
18,A_10_Tail,A,10,0.1,Tail,0.46602320671081543,0.6208791208791209,0.6103482076914495,0.6279955348394138,0.5763781070709229,0.673031486850046,0.6650485436893204,0.5543478260869565,0.6301775147928994,0.657074340527578,0.48687350835322196,0.6870967741935484,0.7048290371894836,0.39327147603034973,0.5977708101272583,0.6780331949325772,1.2676105800565782,0.5167013982961637,,0.2503230918342012,0.2886694634808656,0.23297549840178847,,0.6057692307692307,0.6029132703670159,0.6040035486221313,0.6559696338396883,0.015109890109890167,0.007434937324433566,0.027625441551208496,0.017061853010357675
19,A_20_Head,A,20,0.2,Head,0.46273159980773926,0.614010989010989,0.6051917740019195,0.6215569191842304,0.5779377222061157,0.6702729821597762,0.6650485436893204,0.5597826086956522,0.6124260355029586,0.6555023923444976,0.48470588235294115,0.6753670473083198,0.7059692740440369,0.38956376910209656,0.6024534702301025,0.6742074594426615,1.26922131894709,0.5165172279559417,,0.25056398542034336,0.2756489152410423,0.23291878334718735,,0.6057692307692307,0.6041547550981513,0.6019288897514343,0.6548713640218458,0.008241758241758323,0.001037018903768172,0.023991167545318604,0.015401618137930395
20,A_20_Middle,A,20,0.2,Middle,0.46503114700317383,0.6195054945054945,0.6107418686912175,0.6270955304282412,0.5754742622375488,0.6727285535931334,0.6601941747572816,0.5760869565217391,0.6183431952662722,0.6538461538461539,0.4964871194379391,0.6818923327895595,0.6994935274124146,0.38921910524368286,0.6012818217277527,0.6777877906776656,1.2657692655102237,0.5170376519417594,,0.2496921653165975,0.2660014059329767,0.23327017455032412,,0.6002747252747253,0.598280516901527,0.6014606356620789,0.6560747552947785,0.019230769230769273,0.012461351789690545,0.02598637342453003,0.016653798298354894
21,A_20_Tail,A,20,0.2,Tail,0.46199989318847656,0.6181318681318682,0.6074199179677872,0.6255796029616391,0.5764949321746826,0.6731772385383152,0.6553398058252428,0.5543478260869565,0.6301775147928994,0.6506024096385542,0.4845605700712589,0.6870967741935484,0.706919252872467,0.3915710151195526,0.5976741909980774,0.6766410118116024,1.2675247532980782,0.5138523723527754,,0.2545022552863759,0.2806195485065261,0.23164537563737636,,0.6043956043956044,0.6023409363745499,0.6031867265701294,0.6566639846573096,0.013736263736263798,0.005078981593237275,0.026691794395446777,0.016513253881005663
22,A_30_Head,A,30,0.3,Head,0.4636573791503906,0.6112637362637363,0.6045334593721691,0.6191672412427464,0.5792738795280457,0.6695428131787738,0.6601941747572816,0.5815217391304348,0.5976331360946746,0.6538461538461539,0.4930875576036866,0.6666666666666666,0.708442747592926,0.38963180780410767,0.6037867665290833,0.673062178909666,1.2701672433496831,0.5150620728980735,,0.2526893288069896,0.2731420462239003,0.23224860239059647,,0.6057692307692307,0.6044602514264904,0.5998108983039856,0.6553865036582738,0.005494505494505586,7.320794567866606e-05,0.02053701877593994,0.014156309520500066
23,A_30_Middle,A,30,0.3,Middle,0.4645657539367676,0.6195054945054945,0.6116200866105556,0.6270837032699551,0.5756769180297852,0.6719437038004252,0.6601941747572816,0.5869565217391305,0.6124260355029586,0.6538461538461539,0.5023255813953489,0.6786885245901639,0.700093686580658,0.3886203467845917,0.6016785502433777,0.6777942447266367,1.266341432110294,0.5145349877316322,,0.25334331143022687,0.2670268927468609,0.23212170083814102,,0.6016483516483516,0.5993832689574298,0.6015740036964417,0.6553879554053926,0.017857142857142905,0.012236817653125787,0.025897085666656494,0.0165557483950326
24,A_30_Tail,A,30,0.3,Tail,0.46543335914611816,0.6167582417582418,0.6060922297873078,0.6245217625330913,0.5764783024787903,0.6732889170032562,0.6504854368932039,0.5543478260869565,0.6301775147928994,0.648910411622276,0.48226950354609927,0.6870967741935484,0.7114561796188354,0.3884909152984619,0.5965500473976135,0.6759949885973022,1.2665111049190982,0.510032068948416,,0.26006746363788297,0.2793452090023886,0.22990046086064578,,0.5989010989010989,0.5976735739024437,0.6025729179382324,0.6569299287550714,0.017857142857142905,0.008418655884864124,0.02609461545944214,0.016358988248184825
25,A_40_Head,A,40,0.4,Head,0.4656858444213867,0.6126373626373627,0.6063792074947681,0.6204214771395946,0.5801329016685486,0.6690361346012907,0.6553398058252428,0.5978260869565217,0.5946745562130178,0.6490384615384616,0.5034324942791762,0.6666666666666666,0.7117586135864258,0.38942453265190125,0.6037288904190063,0.6736687677109763,1.2709110097570733,0.5129506604876773,,0.25577529356769924,0.2726462795057549,0.23127404512549155,,0.6002747252747253,0.5995183294604782,0.6001802682876587,0.6545949052952017,0.01236263736263743,0.006860878034289919,0.020047366619110107,0.014441229306089043
26,A_40_Middle,A,40,0.4,Middle,0.46236109733581543,0.6167582417582418,0.6091882305980221,0.6243630178078995,0.5755869150161743,0.6716794617627082,0.6553398058252428,0.592391304347826,0.606508875739645,0.6474820143884892,0.5046296296296297,0.6754530477759473,0.7028207182884216,0.386566162109375,0.6009408831596375,0.6764409072783951,1.2660754932152045,0.5115824218776213,,0.2576519100098285,0.2688712751448146,0.23076567384647356,,0.5989010989010989,0.5967053488061892,0.6006461977958679,0.654992756290597,0.017857142857142905,0.012482881791832878,0.025059282779693604,0.016686705472111263
27,A_40_Tail,A,40,0.4,Tail,0.4619762897491455,0.6222527472527473,0.6132178704294747,0.6302041301462408,0.5767431855201721,0.6728285336774469,0.6504854368932039,0.5869565217391305,0.6242603550295858,0.648910411622276,0.5023255813953489,0.6884176182707994,0.713834285736084,0.38614070415496826,0.5969505310058594,0.6790128557132362,1.2657474737900953,0.5063429446033022,,0.26543443223962665,0.2798296874819931,0.22822261742314787,,0.6002747252747253,0.5987800935200815,0.6024479866027832,0.6563385252214889,0.02197802197802201,0.014437776909393185,0.025704801082611084,0.01649000845595794
28,A_50_Head,A,50,0.5,Head,0.4656946659088135,0.6098901098901099,0.6045138861588898,0.6178299369755876,0.5785137414932251,0.6710884068331101,0.6553398058252428,0.6032608695652174,0.5857988165680473,0.6490384615384616,0.5034013605442177,0.66110183639399,0.710022509098053,0.3890204131603241,0.6015194654464722,0.6731636222627586,1.2687256362412003,0.5097357774717705,,0.2604483698016972,0.273699832063184,0.22981586583264274,,0.6002747252747253,0.6001497965595058,0.5988118648529053,0.6546372888615919,0.009615384615384692,0.004364089599383947,0.020298123359680176,0.016451117971518214
29,A_50_Middle,A,50,0.5,Middle,0.4609999656677246,0.614010989010989,0.6070746306673459,0.6221162068318844,0.5759181976318359,0.6711567348584672,0.6553398058252428,0.592391304347826,0.6005917159763313,0.6490384615384616,0.5,0.6721854304635762,0.7070152759552002,0.3843216001987457,0.6003199219703674,0.6750674054982142,1.2659126074759515,0.5083740706194976,,0.2623264107142033,0.2708700968746395,0.22929952767675005,,0.6057692307692307,0.6032037699454369,0.5996749997138977,0.6546959801519895,0.008241758241758323,0.0038708607219090085,0.023756802082061768,0.016460754706477676
30,A_50_Tail,A,50,0.5,Tail,0.4581794738769531,0.6167582417582418,0.6082016091688883,0.625104599527075,0.5768786072731018,0.6719912631484082,0.6407766990291263,0.5869565217391305,0.6183431952662722,0.6439024390243903,0.4976958525345622,0.6830065359477124,0.7156594395637512,0.3852303624153137,0.5966255068778992,0.6761645612461261,1.2649803986916175,0.5025137831065591,,0.27099777952345344,0.28153512367216343,0.2264884398273831,,0.6002747252747253,0.599092427292086,0.6011713743209839,0.6563250794008032,0.016483516483516536,0.00910918187680232,0.02429276704788208,0.015666183747604978
31,V_10_Head,V,10,0.1,Head,0.46094226837158203,0.6181318681318682,0.6088151582577338,0.6254024630255722,0.5753674507141113,0.673182768370093,0.6650485436893204,0.5652173913043478,0.6183431952662722,0.6539379474940334,0.491725768321513,0.6807817589576547,0.6936798095703125,0.38108572363853455,0.6090227365493774,0.6770851611304145,1.2654720950912643,0.5166957462860429,,0.24046275225068614,,0.24284150555893053,0.2865919378512075,0.6071428571428571,0.6051706060744184,0.6034820675849915,0.6560204452207024,0.010989010989011061,0.003644552183315386,0.028114616870880127,0.0171623231493907
32,V_10_Middle,V,10,0.1,Middle,0.4640941619873047,0.6195054945054945,0.6097079306144982,0.6267004243798057,0.5745376348495483,0.6734929416299379,0.6601941747572816,0.5652173913043478,0.6242603550295858,0.6522781774580336,0.4928909952606635,0.6839546191247974,0.7021717429161072,0.38523757457733154,0.599799633026123,0.6777984554500203,1.2652113267353602,0.5182002949975759,,0.24122846692269365,,0.24057123644146663,0.26865076420197426,0.6057692307692307,0.6040716507755731,0.6034591197967529,0.6562492298249462,0.013736263736263798,0.005636279838925118,0.02892148494720459,0.017243711804991735
33,V_10_Tail,V,10,0.1,Tail,0.4615671634674072,0.6153846153846154,0.6055350027541674,0.6224901913009704,0.5787116885185242,0.6709463676459073,0.6601941747572816,0.5597826086956522,0.6183431952662722,0.6476190476190476,0.48931116389548696,0.6796747967479675,0.7026987671852112,0.39266833662986755,0.6044237017631531,0.6747405224029621,1.2690622832748917,0.5163964191065701,,0.2403712363772467,,0.24323234533531513,0.29189746549438733,0.6071428571428571,0.6045704766043749,0.6047806739807129,0.6555342031430014,0.008241758241758323,0.0009645261497924773,0.02606898546218872,0.015412164502905945
34,V_20_Head,V,20,0.2,Head,0.45656609535217285,0.6195054945054945,0.6107418686912175,0.6270955304282412,0.5753769874572754,0.672668846791175,0.6601941747572816,0.5760869565217391,0.6183431952662722,0.6538461538461539,0.4964871194379391,0.6818923327895595,0.6906840205192566,0.3759157061576843,0.6136835813522339,0.6777809702088655,1.265797007214892,0.5139788676158077,,0.23912191196447385,,0.2468992269727737,0.27697254778390906,0.6071428571428571,0.6063074117309886,0.6022813320159912,0.6559322353418405,0.01236263736263743,0.0044344569602289274,0.02690434455871582,0.01673661144933447
35,V_20_Middle,V,20,0.2,Middle,0.45870137214660645,0.6195054945054945,0.6105041240642936,0.6269653136877213,0.5735014081001282,0.6742020608269649,0.6650485436893204,0.5706521739130435,0.6183431952662722,0.6555023923444976,0.49411764705882355,0.6818923327895595,0.7009758949279785,0.38332003355026245,0.5993406772613525,0.6782611358408442,1.2648418971470423,0.5151736091743192,,0.23978133771919707,,0.2450450481916923,0.26817108419844743,0.603021978021978,0.6018192168546448,0.6031133532524109,0.6561949250904306,0.016483516483516536,0.008684907209648762,0.029611945152282715,0.01800713573653423
36,V_20_Tail,V,20,0.2,Tail,0.4590005874633789,0.6153846153846154,0.6055555555555555,0.6224162742019884,0.5804117918014526,0.669859330216577,0.6650485436893204,0.5543478260869565,0.6183431952662722,0.6523809523809524,0.4857142857142857,0.6785714285714286,0.7045303583145142,0.39328861236572266,0.6066313982009888,0.6743322259723993,1.2707292679901963,0.5132520141994745,,0.23886904185079877,,0.24787895132191376,0.282914611326164,0.6071428571428571,0.605624509713465,0.6055746674537659,0.6547348792012404,0.008241758241758323,-6.895415790952875e-05,0.025162875652313232,0.015124451015336549
37,V_30_Head,V,30,0.3,Head,0.4677271842956543,0.6167582417582418,0.6087312566441422,0.6244843603641792,0.5753967761993408,0.6721842809264513,0.6650485436893204,0.5760869565217391,0.6094674556213018,0.6555023923444976,0.49417249417249415,0.6765188834154351,0.6875966191291809,0.37245261669158936,0.6174931526184082,0.6764687134822638,1.2662734749552969,0.5114002485809752,,0.23784631553422184,,0.2507534424378582,0.2733547174660753,0.6085164835164835,0.6079036146689423,0.6008172035217285,0.6560031344033074,0.008241758241758323,0.0008276419751999109,0.025420427322387695,0.016181146523143952
38,V_30_Middle,V,30,0.3,Middle,0.45508861541748047,0.614010989010989,0.605642083089626,0.6216735755780001,0.5731487274169922,0.6745234384376532,0.6650485436893204,0.5652173913043478,0.6094674556213018,0.6555023923444976,0.48711943793911006,0.67430441898527,0.6996697783470154,0.38088271021842957,0.6007037162780762,0.675781733683151,1.264876997077858,0.5124949397307649,,0.2385061705140615,,0.24899889712736079,0.2674949862191733,0.603021978021978,0.6015641031503977,0.6025230884552002,0.6559455948324294,0.010989010989011061,0.004077979939228316,0.029374361038208008,0.018577843605223743
39,V_30_Tail,V,30,0.3,Tail,0.4585878849029541,0.6126373626373627,0.6033279102870578,0.6199054269389509,0.5816859006881714,0.6695784876435369,0.6601941747572816,0.5597826086956522,0.6124260355029586,0.6476190476190476,0.48699763593380613,0.6753670473083198,0.7063888311386108,0.3921090066432953,0.6088852286338806,0.6729121150846418,1.2718187662271352,0.5106154383060783,,0.2376360001419654,,0.2517485615519564,0.2787790667286235,0.6071428571428571,0.6054139467033556,0.6053116917610168,0.6545578624663808,0.005494505494505586,-0.0020860364162977874,0.02362579107284546,0.015020625177156077
40,V_40_Head,V,40,0.4,Head,0.4565887451171875,0.6126373626373627,0.6046959298557921,0.6201739553515605,0.5757818818092346,0.6718006313360839,0.6650485436893204,0.5706521739130435,0.6035502958579881,0.6523809523809524,0.49065420560747663,0.6710526315789473,0.684826135635376,0.36849841475486755,0.6221635937690735,0.6743016574732068,1.2670166178064033,0.5095313172343465,,0.23693500180497354,,0.25353367113109715,0.2703824743470638,0.6057692307692307,0.6052196431756162,0.5997984409332275,0.6558246485866562,0.006868131868131955,-0.0005237133198240373,0.02401655912399292,0.015975982749427686
41,V_40_Middle,V,40,0.4,Middle,0.4611225128173828,0.6126373626373627,0.6043961776580424,0.6202218703755764,0.5738073587417603,0.6745502301771668,0.6650485436893204,0.5652173913043478,0.606508875739645,0.6539379474940334,0.48711943793911006,0.6721311475409836,0.6987588405609131,0.37953799962997437,0.6034095287322998,0.6750786627229962,1.2656698030429883,0.5105235841311634,,0.23756165736884244,,0.25191476751044506,0.2661870818555683,0.6016483516483516,0.6010142963361877,0.6024937033653259,0.6557273838025893,0.010989010989011061,0.003381881321854685,0.028686344623565674,0.01882284637457743
42,V_40_Tail,V,40,0.4,Tail,0.4570000171661377,0.6167582417582418,0.6079261014334251,0.623866045920113,0.5819188356399536,0.6703835775353046,0.6699029126213593,0.5652173913043478,0.6124260355029586,0.6555819477434679,0.491725768321513,0.6764705882352942,0.7062775492668152,0.3917106091976166,0.6096715331077576,0.6752737438784134,1.2719663971073025,0.5082867183935138,,0.23655291281469343,,0.25516036715352897,0.27596553778446953,0.6071428571428571,0.606177121705072,0.6054717898368835,0.6546457746573692,0.009615384615384692,0.001748979728353084,0.02355295419692993,0.01573780287793547
43,V_50_Head,V,50,0.5,Head,0.46074652671813965,0.6112637362637363,0.6040096325901009,0.6189588760693411,0.5760393738746643,0.6721902351041102,0.6650485436893204,0.5760869565217391,0.5976331360946746,0.6523809523809524,0.4918793503480278,0.6677685950413224,0.679536759853363,0.3646962642669678,0.6280117630958557,0.6738626198332648,1.2667289120810372,0.5079972437325532,,0.23621497093824861,,0.2557877836909344,0.267259721715742,0.6002747252747253,0.6003238772604599,0.6004495024681091,0.6552057022246738,0.010989010989011061,0.003685755329640994,0.024410128593444824,0.016984532879436465
44,V_50_Middle,V,50,0.5,Middle,0.457167387008667,0.6098901098901099,0.6021045164432249,0.6170519668077626,0.574393093585968,0.6744341021574575,0.6699029126213593,0.5652173913043478,0.5976331360946746,0.6524822695035462,0.48826291079812206,0.6655683690280065,0.6962811946868896,0.376581609249115,0.6077905893325806,0.673741090990534,1.2664080478332855,0.5090874165507737,,0.23684521511897833,,0.25406736505372035,0.2637139477307283,0.603021978021978,0.6017811127522278,0.6028106212615967,0.6554051039547146,0.006868131868131955,0.0003234036909971483,0.028417527675628662,0.01902899820274284
45,V_50_Tail,V,50,0.5,Tail,0.4568209648132324,0.6126373626373627,0.6045077275288024,0.6195272717154334,0.5813099145889282,0.6711505287276781,0.6747572815533981,0.5597826086956522,0.6035502958579881,0.6587677725118484,0.48699763593380613,0.6677577741407529,0.7036168575286865,0.3891564607620239,0.6113719344139099,0.6736314118410501,1.2715145663900689,0.5066621979854126,,0.23577471293424213,,0.25756308252729004,0.272313857581545,0.6043956043956044,0.6034136560698247,0.6062724590301514,0.6539186886577767,0.008241758241758323,0.0010940714589777745,0.024962544441223145,0.017231840069901416
46,T+A_10_Head,T+A,10,0.1,Head,0.4700000286102295,0.6126373626373627,0.6065227651353337,0.6217626438548753,0.5761488676071167,0.6689684217578791,0.6650485436893204,0.5869565217391305,0.5946745562130178,0.6586538461538461,0.4897959183673469,0.671118530884808,0.7033047080039978,0.35348108410835266,0.619867205619812,0.6740197317487175,1.2569782537418408,0.5025334373574055,0.40009990995399125,0.2569575933317578,0.33350541102836323,0.24050896767257288,,0.6085164835164835,0.6051493828636825,0.609052836894989,0.6507563901247435,0.004120879120879217,0.00137338227165118,0.032903969287872314,0.01821203163313556
47,T+A_10_Middle,T+A,10,0.1,Middle,0.46257472038269043,0.6071428571428571,0.6013089785287501,0.6159189479151668,0.5814489722251892,0.6629285770309993,0.6650485436893204,0.5869565217391305,0.5828402366863905,0.6508313539192399,0.4897959183673469,0.6632996632996633,0.7144578099250793,0.3533931374549866,0.6245329976081848,0.6693910221568858,1.2618945509522825,0.5038629637937933,0.40255107939492707,0.25466886671515576,0.3228793782669131,0.24146815966146812,,0.6098901098901099,0.6079543366981098,0.6057694554328918,0.6436930581369198,-0.0027472527472528485,-0.0066453581693597386,0.024320483207702637,0.019235518894079484
48,T+A_10_Tail,T+A,10,0.1,Tail,0.4631509780883789,0.6167582417582418,0.6068731989356092,0.6234399560083811,0.5839017033576965,0.6598563054372867,0.6893203883495146,0.5380434782608695,0.6153846153846154,0.668235294117647,0.47596153846153844,0.6764227642276422,0.7116078734397888,0.3710959851741791,0.621915876865387,0.6722134612529763,1.2723622832979475,0.5074275325802178,0.4019686597161712,0.25538556453417316,0.33289531085281693,0.23718690943866425,,0.603021978021978,0.600665462110887,0.6165470480918884,0.641198156528633,0.013736263736263798,0.006207736824722199,0.032645344734191895,0.018658148908653693
49,T+A_20_Head,T+A,20,0.2,Head,0.4621124267578125,0.5947802197802198,0.5930050647031778,0.6063716865603659,0.5877699255943298,0.6535115202731151,0.6262135922330098,0.6413043478260869,0.5502958579881657,0.6339066339066339,0.4947589098532495,0.6503496503496503,0.7357110977172852,0.3368247449398041,0.6342138051986694,0.6613433740562674,1.2715763456218845,0.4884541261495632,0.395682355071327,0.26589230403691266,0.33278707072757174,0.24565357390918366,,0.6112637362637363,0.6078913690758592,0.6156448125839233,0.6368300226668351,-0.016483516483516536,-0.014886304372681347,0.027874886989593506,0.016681497606280016
50,T+A_20_Middle,T+A,20,0.2,Middle,0.4671010971069336,0.592032967032967,0.5897654855768395,0.6031583980192639,0.5932185649871826,0.6414332951049773,0.6359223300970874,0.6358695652173914,0.5414201183431953,0.6267942583732058,0.49471458773784355,0.647787610619469,0.7395026087760925,0.3343110978603363,0.6450069546699524,0.6563730565130974,1.2816420439835434,0.4885154348958683,0.3980967193562662,0.2650624972083985,0.3265044696200165,0.24642206707660133,,0.603021978021978,0.6026814671150137,0.613166868686676,0.6275648687091866,-0.01098901098901095,-0.012915981538174193,0.019948303699493408,0.013868426395790667
51,T+A_20_Tail,T+A,20,0.2,Tail,0.46266746520996094,0.6043956043956044,0.5972173090220912,0.6121713764999058,0.5922104716300964,0.6526898329500173,0.6747572815533981,0.5597826086956522,0.5857988165680473,0.6525821596244131,0.4790697674418605,0.66,0.7096877694129944,0.3536856174468994,0.6504597067832947,0.6642248139560869,1.2794195374289712,0.49194469947479097,0.39960769796307627,0.26642123388839634,0.33157364361417024,0.2416340633602851,,0.5837912087912088,0.5823564897654973,0.6179320216178894,0.6439424635926096,0.02060439560439553,0.014860819256593993,0.02572154998779297,0.008747369357407608
52,T+A_30_Head,T+A,30,0.3,Head,0.4701662063598633,0.5796703296703297,0.5810149970329611,0.5920775281927977,0.6055452823638916,0.6236089531705669,0.6067961165048543,0.6684782608695652,0.514792899408284,0.625,0.49101796407185627,0.6270270270270271,0.7848637700080872,0.31609830260276794,0.6538253426551819,0.6456114631048068,1.2990333431369656,0.4734602934919459,0.3920575014262929,0.275412978290462,0.3334638778803459,0.251126728217592,,0.603021978021978,0.6011495160514836,0.6273565888404846,0.6168991529381411,-0.02335164835164827,-0.02013451901852248,0.021811306476593018,0.006709800232425733
53,T+A_30_Middle,T+A,30,0.3,Middle,0.4630002975463867,0.5837912087912088,0.5858069319918939,0.5951650388125496,0.6029766798019409,0.627613181028565,0.6262135922330098,0.6793478260869565,0.5059171597633136,0.6354679802955665,0.499001996007984,0.6229508196721312,0.755465030670166,0.3142082393169403,0.6672394275665283,0.6490547738027552,1.3010533170385674,0.4719143393010522,0.3942151475007936,0.27642220858982863,0.32928806047264514,0.25166345047085537,,0.592032967032967,0.5925611625812341,0.6195748448371887,0.6144714425107113,-0.008241758241758212,-0.0067542305893402155,0.016598165035247803,0.013141738517853718
54,T+A_30_Tail,T+A,30,0.3,Tail,0.46431756019592285,0.5892857142857143,0.5884036307490238,0.5992247382082309,0.5972985029220581,0.6405648888587604,0.6601941747572816,0.6032608695652174,0.5384615384615384,0.6570048309178744,0.47844827586206895,0.629757785467128,0.7369034886360168,0.32576170563697815,0.6600326895713806,0.6547886832298697,1.2887634929719862,0.4744084665185012,0.3948396714352771,0.2795933614300381,0.3348738419310631,0.2459981753279883,,0.5728021978021978,0.5719690649065751,0.6192619800567627,0.6409001114043693,0.016483516483516536,0.016434565842448734,0.02196347713470459,-0.0003352225456089153
55,T+A_40_Head,T+A,40,0.4,Head,0.46875429153442383,0.5659340659340659,0.5685589470193777,0.5782559377269861,0.6214537620544434,0.5987826968454856,0.5631067961165048,0.7119565217391305,0.4881656804733728,0.599483204134367,0.4962121212121212,0.609981515711645,0.8222749829292297,0.2982030510902405,0.6750304698944092,0.6315311139451953,1.3261408753447481,0.45748905299020626,0.3881407844264146,0.286129009270581,0.3355573429344518,0.2563819369200808,,0.5947802197802198,0.5936445594174634,0.6336536407470703,0.6010674316468793,-0.028846153846153855,-0.02508561239808571,0.012199878692626953,-0.002284734801393684
56,T+A_40_Middle,T+A,40,0.4,Middle,0.46974754333496094,0.5576923076923077,0.5630374925613243,0.5707049556769344,0.6200712323188782,0.6040571251792075,0.5825242718446602,0.7065217391304348,0.46153846153846156,0.6138107416879796,0.483271375464684,0.5920303605313093,0.7943243980407715,0.29912787675857544,0.6885842680931091,0.6295241286649701,1.3291526600554748,0.45436275581292696,0.38897438658071903,0.2888433658336912,0.33353843653155696,0.25679387180032665,,0.5741758241758241,0.5765301112755615,0.6202423572540283,0.607132407823446,-0.016483516483516425,-0.013492618714237237,0.00017112493515014648,-0.0030752826442385084
57,T+A_40_Tail,T+A,40,0.4,Tail,0.46608996391296387,0.5576923076923077,0.5591659729672891,0.5690746628062349,0.617687463760376,0.6106935745604111,0.6213592233009708,0.6086956521739131,0.4911242603550296,0.6213592233009708,0.45901639344262296,0.5971223021582733,0.7808405160903931,0.312925785779953,0.6841567754745483,0.6304140084916373,1.3267310307576106,0.4570477636991357,0.39059327923453846,0.29263976696916266,0.33843196312831586,0.2503124717890973,,0.5769230769230769,0.5745599174915624,0.6249976754188538,0.6245162584471479,-0.019230769230769162,-0.01539394452427334,0.007310211658477783,-0.013822683886736797
58,T+A_50_Head,T+A,50,0.5,Head,0.47901368141174316,0.5357142857142857,0.5405948441865696,0.5462073653261585,0.6469579935073853,0.5582086719504673,0.5097087378640777,0.7771739130434783,0.42011834319526625,0.5660377358490566,0.49225473321858865,0.5634920634920635,0.8652971982955933,0.29471173882484436,0.7056426405906677,0.6047162843372151,1.3712082590375627,0.43835999183908714,0.3824870113582048,0.299804545790181,0.3399230120051259,0.2618354631898637,,0.5865384615384616,0.5834012254272312,0.6510130763053894,0.570767563459141,-0.050824175824175866,-0.042806381240661606,0.00405508279800415,-0.01255889150867373
59,T+A_50_Middle,T+A,50,0.5,Middle,0.4680006504058838,0.5260989010989011,0.5338970452439464,0.5352565128043104,0.6453061103820801,0.5574583610324527,0.5194174757281553,0.7771739130434783,0.39349112426035504,0.5846994535519126,0.48392554991539766,0.533066132264529,0.844283938407898,0.2791925370693207,0.7233400344848633,0.6005880676453184,1.372613597702194,0.43532681029985104,0.3833402432469879,0.302424455625908,0.3382438619428546,0.26224874144642807,,0.5604395604395604,0.5641828033248945,0.6283461451530457,0.5926636252950332,-0.03434065934065933,-0.030285758080948022,-0.016959965229034424,-0.03520526426258053
60,T+A_50_Tail,T+A,50,0.5,Tail,0.47318100929260254,0.5206043956043956,0.5257032709058295,0.532217408188319,0.6510680317878723,0.5527297794567115,0.5533980582524272,0.6413043478260869,0.4349112426035503,0.5816326530612245,0.44696969696969696,0.5485074626865671,0.8439905643463135,0.30961713194847107,0.7193666100502014,0.5955036921760781,1.3824905471487359,0.43877419571470033,0.3859773756582526,0.30651253734455103,0.34287067123606235,0.25471327021727624,,0.5576923076923077,0.5562274071627776,0.6498461961746216,0.5797172194788971,-0.03708791208791207,-0.030524136256948164,-0.0012218356132507324,-0.02698744002218556
61,T+V_10_Head,T+V,10,0.1,Head,0.4720029830932617,0.6043956043956044,0.600591290326321,0.613682415980416,0.5758810043334961,0.6701771298236697,0.6699029126213593,0.5978260869565217,0.5680473372781065,0.6587112171837709,0.4888888888888889,0.6541737649063032,0.6878835558891296,0.34261831641197205,0.6346023082733154,0.6708009224419408,1.255378558085515,0.5034446478760343,0.4136375712550335,0.2470080773155142,,0.24954726907452826,0.3216983892927609,0.6071428571428571,0.6045382620361472,0.6088355183601379,0.6519773812714779,-0.0027472527472527375,-0.003946971709826275,0.032954514026641846,0.018199748552191863
62,T+V_10_Middle,T+V,10,0.1,Middle,0.46537303924560547,0.603021978021978,0.5978298873035716,0.6117084274979012,0.5802583694458008,0.6632487270523139,0.6553398058252428,0.592391304347826,0.5769230769230769,0.645933014354067,0.49099099099099097,0.6565656565656566,0.7175701856613159,0.34561827778816223,0.6243044137954712,0.6676702839739824,1.2619289867170564,0.5042811306295463,0.4091754917320347,0.2479001676572964,,0.24781869843662976,0.3170411766323584,0.6112637362637363,0.6098964831584776,0.6076491475105286,0.6426969891674769,-0.008241758241758323,-0.012066595854905993,0.027390778064727783,0.020551737884836996
63,T+V_10_Tail,T+V,10,0.1,Tail,0.47551393508911133,0.6126373626373627,0.6045114217550451,0.6198181360227855,0.5858489871025085,0.6579065692753688,0.6941747572815534,0.5489130434782609,0.5976331360946746,0.6682242990654206,0.47754137115839246,0.6677685950413224,0.7056003212928772,0.36833518743515015,0.6312742829322815,0.6699430894917351,1.2739922109541002,0.5090854031245596,0.42221775713326043,0.243814510569082,,0.24710008794462218,0.32388267257722353,0.6071428571428571,0.6045039710011361,0.6176337599754333,0.640574496547895,0.005494505494505586,7.450753909066243e-06,0.031784772872924805,0.017332072727473835
64,T+V_20_Head,T+V,20,0.2,Head,0.4667222499847412,0.5975274725274725,0.5961590406330747,0.609481157356658,0.5847739577293396,0.6552279097804125,0.6213592233009708,0.657608695652174,0.5502958579881657,0.6336633663366337,0.5010351966873706,0.6537785588752196,0.7083942294120789,0.3189783990383148,0.654124915599823,0.6634974425911283,1.2695216896769765,0.4891900080377154,0.40309747085673425,0.2511388227001188,,0.2596711651665063,0.3214479602165171,0.603021978021978,0.6006622227026192,0.6149747967720032,0.6387034969065843,-0.005494505494505475,-0.004503182069544476,0.030200839042663574,0.01652441287382811
65,T+V_20_Middle,T+V,20,0.2,Middle,0.4680001735687256,0.6085164835164835,0.6059802215302684,0.6185900163647696,0.5899295210838318,0.6420707461564978,0.6359223300970874,0.6630434782608695,0.5621301775147929,0.6390243902439025,0.5180467091295117,0.6608695652173913,0.7401084303855896,0.3201334476470947,0.6452715992927551,0.6649810693771598,1.2822944515354031,0.48961757850769844,0.4054541938914512,0.2519899629998775,,0.25839246176895164,0.31846728752575404,0.603021978021978,0.603905014907872,0.6153410077095032,0.6258192928356686,0.005494505494505475,0.002075206622396464,0.025411486625671387,0.016251453320829223
66,T+V_20_Tail,T+V,20,0.2,Tail,0.46454381942749023,0.5934065934065934,0.5883018869269053,0.6014936672809533,0.5947335958480835,0.6500234183398492,0.6796116504854369,0.5543478260869565,0.5621301775147929,0.6572769953051644,0.4668192219679634,0.6408094435075885,0.6972169876098633,0.3492704927921295,0.6658981442451477,0.6583718416809967,1.2842208264948247,0.49457201262464434,0.41515761123922773,0.24769256522989797,,0.2577354246028534,0.3233082435536416,0.592032967032967,0.5906452789294723,0.6200860738754272,0.6409625995497771,0.0013736263736263687,-0.0023433920025669464,0.02535247802734375,0.009060818790072145
67,T+V_30_Head,T+V,30,0.3,Head,0.46665000915527344,0.5947802197802198,0.5950512031297194,0.6067781725480353,0.6012284755706787,0.626140379668864,0.6067961165048543,0.7010869565217391,0.5295857988165681,0.625,0.5139442231075697,0.6462093862815884,0.7468532919883728,0.29390430450439453,0.6797757148742676,0.6538905776804775,1.2968782723604977,0.4743315860747472,0.39815828673152487,0.25565644735836385,,0.2700119657477571,0.3221189355790732,0.5961538461538461,0.5945611892832019,0.6253524422645569,0.6177032067836815,-0.0013736263736263687,0.0004900138465174786,0.024123966693878174,0.008437172885182531
68,T+V_30_Middle,T+V,30,0.3,Middle,0.46040797233581543,0.5824175824175825,0.5846989760480383,0.5931261989338215,0.5970023274421692,0.6320890676752771,0.6262135922330098,0.6793478260869565,0.5029585798816568,0.6370370370370371,0.5,0.617059891107078,0.7464075088500977,0.2975330054759979,0.6689693927764893,0.6500512125817104,1.2984369770511166,0.47427106697159516,0.4027210100303464,0.25673919556502856,,0.2689897341868487,0.31943165913896115,0.5906593406593407,0.592341798137955,0.6216141581535339,0.6110086884155549,-0.008241758241758212,-0.007642822089916623,0.024611830711364746,0.02108037925972217
69,T+V_30_Tail,T+V,30,0.3,Tail,0.4632225036621094,0.5755494505494505,0.575782615923461,0.5851569287047541,0.597688615322113,0.6397792295308212,0.6650485436893204,0.592391304347826,0.5118343195266272,0.6523809523809524,0.4658119658119658,0.6091549295774648,0.7094357013702393,0.3209557831287384,0.6802297830581665,0.6479704393907572,1.2943331540285885,0.479609156259017,0.41104100821724,0.25227088674291764,,0.2681199627319886,0.3238040310158234,0.5755494505494505,0.5742006021765824,0.6203609704971313,0.6372614946051488,0.0,0.0015820137468786077,0.02267235517501831,0.0025177349256724213
70,T+V_40_Head,T+V,40,0.4,Head,0.4645240306854248,0.5755494505494505,0.5789283901231663,0.5867527778154874,0.6154975891113281,0.6036304556038495,0.5679611650485437,0.7445652173913043,0.4881656804733728,0.612565445026178,0.5131086142322098,0.6111111111111112,0.770005464553833,0.27263951301574707,0.7079747915267944,0.6382356083098393,1.3222594418368496,0.4598119832784904,0.3951637807249847,0.26072559680246554,,0.27946241172772507,0.32208194658489925,0.5989010989010989,0.5974649575833277,0.6316288709640503,0.6004980366825903,-0.02335164835164838,-0.018536567460161413,0.016131281852722168,0.0031324189212592612
71,T+V_40_Middle,T+V,40,0.4,Middle,0.4642021656036377,0.5535714285714286,0.5602274932904808,0.5645172018433,0.6096213459968567,0.6144189266101965,0.5970873786407767,0.7010869565217391,0.4467455621301775,0.6275510204081632,0.4822429906542056,0.5708884688090737,0.7662270069122314,0.27952468395233154,0.6938729286193848,0.6312526832849551,1.322599166042202,0.45898133438238137,0.39920730867062304,0.2621443447238364,,0.278874322532046,0.3203361340369682,0.5728021978021978,0.575288698694711,0.6226070523262024,0.6006792749224534,-0.019230769230769162,-0.015061205404230171,0.012985706329345703,0.013739651687743049
72,T+V_40_Tail,T+V,40,0.4,Tail,0.4760162830352783,0.5631868131868132,0.565426838856229,0.572950767589307,0.6130295395851135,0.6168560982041161,0.6310679611650486,0.625,0.4881656804733728,0.6326034063260341,0.4722792607802875,0.5913978494623656,0.738950252532959,0.30464693903923035,0.7041618824005127,0.6352816425963635,1.3311366327516325,0.4649757580207299,0.40803430226527926,0.25699412169977653,,0.2780301186412298,0.32390986848360287,0.5673076923076923,0.5658130968923002,0.6230702996253967,0.6239773820052258,-0.004120879120879106,-0.00038625803607117426,0.010040760040283203,-0.007121283801109657
73,T+V_50_Head,T+V,50,0.5,Head,0.473050594329834,0.532967032967033,0.5373185990558483,0.5425690182400599,0.640289306640625,0.5631459455062765,0.49514563106796117,0.782608695652174,0.42011834319526625,0.5589041095890411,0.4939965694682676,0.5590551181102362,0.7981734871864319,0.25634223222732544,0.7530765533447266,0.6050004521622373,1.370635918208531,0.4436956958144116,0.3923216212147902,0.26690968060304043,,0.2893946203060203,0.32207514123071596,0.5851648351648352,0.5822664412339454,0.6522800922393799,0.5628357744281901,-0.052197802197802234,-0.04494784217809711,0.011990785598754883,0.00031017107808639643
74,T+V_50_Middle,T+V,50,0.5,Middle,0.46599912643432617,0.532967032967033,0.5415450834700957,0.5418867629872337,0.629239559173584,0.5786916339219849,0.5339805825242718,0.7771739130434783,0.3994082840236686,0.6010928961748634,0.4888888888888889,0.5346534653465347,0.7970519065856934,0.2460097223520279,0.7355855703353882,0.6108643076586464,1.362786814406678,0.44295074285958136,0.39603287902059436,0.268372938513679,,0.28867632354153105,0.3203497778011274,0.570054945054945,0.5736474362508356,0.6292070746421814,0.5859092334014931,-0.03708791208791207,-0.03210235278073992,-3.248453140258789e-05,-0.007217599479508285
75,T+V_50_Tail,T+V,50,0.5,Tail,0.4637737274169922,0.5247252747252747,0.5302683591986721,0.5347518082567275,0.6406822204589844,0.5734910723283325,0.558252427184466,0.6684782608695652,0.4260355029585799,0.5867346938775511,0.4606741573033708,0.5433962264150943,0.7853322625160217,0.2935959994792938,0.7414690852165222,0.6037309915248211,1.377102724798433,0.4502627991391068,0.4055605940677949,0.26242364904310717,,0.28731354362646705,0.3226238878467415,0.5590659340659341,0.5568942182727342,0.6469010710716248,0.5760274520034525,-0.03434065934065933,-0.02662585907406212,0.006218850612640381,-0.002536379675119993
76,A+V_10_Head,A+V,10,0.1,Head,0.4631195068359375,0.6153846153846154,0.6062693903508527,0.6226857900581575,0.5755411386489868,0.6720099954514783,0.6601941747572816,0.5652173913043478,0.6153846153846154,0.6507177033492823,0.49056603773584906,0.6775244299674267,0.6959430575370789,0.3812185823917389,0.6079452633857727,0.6754542387426543,1.2669027755548665,0.5132079743919185,,0.24568917501988982,0.26286405599266915,0.24110284813079605,0.2757019587640483,0.6043956043956044,0.6032529201035016,0.6015726923942566,0.6554060714731913,0.010989010989011061,0.0030164702473510774,0.026031553745269775,0.016603923978287027
77,A+V_10_Middle,A+V,10,0.1,Middle,0.46169209480285645,0.6153846153846154,0.6062693903508527,0.6226857900581575,0.573328971862793,0.6741957234753082,0.6601941747572816,0.5652173913043478,0.6153846153846154,0.6507177033492823,0.49056603773584906,0.6775244299674267,0.7000527381896973,0.38440823554992676,0.5989393591880798,0.6761850179807947,1.2640239288518718,0.5159508637765561,,0.2445765022865969,0.2515425781824599,0.23947263885163841,0.26157574174793197,0.6016483516483516,0.6004401588335189,0.5995050072669983,0.6572008284282679,0.013736263736263798,0.005829231517333833,0.026176035404205322,0.016994895047040326
78,A+V_10_Tail,A+V,10,0.1,Tail,0.4629998207092285,0.6167582417582418,0.6059474198693214,0.6237841954310545,0.5779222846031189,0.6718921892031422,0.6601941747572816,0.5489130434782609,0.6272189349112426,0.6507177033492823,0.48325358851674644,0.6838709677419355,0.7043840885162354,0.39541783928871155,0.6001995205879211,0.6754892723240832,1.2691651595817817,0.511645323016343,,0.2475865114034694,0.27175339694801237,0.2407681647610557,0.2756164113846783,0.6071428571428571,0.605438286610727,0.6034403443336487,0.6555940094530995,0.009615384615384692,0.0005091332585944741,0.025518059730529785,0.016298179750042663
79,A+V_20_Head,A+V,20,0.2,Head,0.46167469024658203,0.6085164835164835,0.6013192191990504,0.6164503540278373,0.5758947730064392,0.6706701370643717,0.6601941747572816,0.5706521739130435,0.5976331360946746,0.6522781774580336,0.4861111111111111,0.6655683690280065,0.6926774978637695,0.3729409873485565,0.615203320980072,0.6721352288611064,1.2678866543612637,0.5093472288073146,,0.24614159549437087,0.2588546671222651,0.24451117815571025,0.26848891129295827,0.6002747252747253,0.60109339456499,0.5985643267631531,0.6546674704164336,0.008241758241758212,0.00022582463406040088,0.022669553756713867,0.016002666647938146
80,A+V_20_Middle,A+V,20,0.2,Middle,0.46200037002563477,0.6153846153846154,0.6065068793282538,0.6228151177994862,0.5721084475517273,0.6749781755780658,0.6553398058252428,0.5706521739130435,0.6153846153846154,0.6490384615384616,0.49295774647887325,0.6775244299674267,0.6970100998878479,0.382580041885376,0.5991601943969727,0.6765417136100897,1.2631986377003428,0.5108983107639122,,0.24616433623422235,0.25267072726125855,0.24293735955492068,0.26088566709873345,0.6016483516483516,0.6012283897131203,0.5983961820602417,0.6565407389894481,0.013736263736263798,0.0052784896151334415,0.026287734508514404,0.01843743658861774
81,A+V_20_Tail,A+V,20,0.2,Tail,0.4706845283508301,0.6167582417582418,0.6062079049982275,0.6239309598147332,0.5793211460113525,0.6710180780322511,0.6553398058252428,0.5543478260869565,0.6272189349112426,0.6490384615384616,0.4857142857142857,0.6838709677419355,0.7081584930419922,0.39319026470184326,0.6021247506141663,0.6752192940295674,1.27024095923036,0.5058620453699991,,0.2500877052718333,0.26522889041517633,0.24405025263469515,0.26918283587638314,0.6071428571428571,0.6065480728412149,0.6024924516677856,0.6552943566141697,0.009615384615384692,-0.00034016784298740443,0.023171305656433105,0.015723721418081427
82,A+V_30_Head,A+V,30,0.3,Head,0.5751323699951172,0.6126373626373627,0.6067062289356625,0.620532690306024,0.5767484307289124,0.6694693398463344,0.6601941747572816,0.5978260869565217,0.591715976331361,0.6522781774580336,0.502283105022831,0.6655574043261231,0.6917791366577148,0.3681848645210266,0.6201785802841187,0.6741408636274305,1.2691717200226835,0.5055291092086048,,0.24682118745737894,0.25764209636497193,0.24764969596182915,0.2655092789047097,0.6016483516483516,0.6023693415531112,0.5950031280517578,0.6549968582398448,0.010989010989011061,0.0043368873825513354,0.01825469732284546,0.014472481606489618
83,A+V_30_Middle,A+V,30,0.3,Middle,0.464813232421875,0.6126373626373627,0.6050840573960811,0.6202320513459024,0.5718535780906677,0.674554455820195,0.6601941747572816,0.5760869565217391,0.6035502958579881,0.6522781774580336,0.4930232558139535,0.6699507389162561,0.696083664894104,0.3791922330856323,0.6010201573371887,0.6754145041225207,1.2635107105904884,0.505959282879771,,0.2483188841305553,0.25395529241702963,0.24572184118099266,0.2597997988678941,0.6016483516483516,0.6017118887964332,0.5979993343353271,0.6553786970878012,0.010989010989011061,0.00337216859964784,0.026145756244659424,0.019175758732393855
84,A+V_30_Tail,A+V,30,0.3,Tail,0.4669992923736572,0.614010989010989,0.6046844252503877,0.6217178083508722,0.5802674293518066,0.6706872289645802,0.6601941747572816,0.5597826086956522,0.6153846153846154,0.6507177033492823,0.48470588235294115,0.6786296900489397,0.7134065628051758,0.38862770795822144,0.6034480929374695,0.6739900416938387,1.2695562105912428,0.49968389699918303,,0.25417048802620507,0.26455315029189835,0.24614560678329286,0.2653261278853062,0.6043956043956044,0.6038535229570369,0.6008702516555786,0.6552500719679318,0.009615384615384692,0.0008309022933508103,0.020602822303771973,0.015437156996648382
85,A+V_40_Head,A+V,40,0.4,Head,0.46215391159057617,0.6112637362637363,0.6067181039358069,0.6188833844514685,0.5776012539863586,0.6687553960883402,0.6601941747572816,0.6141304347826086,0.5798816568047337,0.6522781774580336,0.510158013544018,0.6577181208053692,0.691288411617279,0.3637199103832245,0.6247450709342957,0.6735508712397743,1.2703154375264933,0.5018186006060685,,0.2487992460133309,0.2581862697368559,0.249382150104073,0.2623987206828263,0.5975274725274725,0.5991874326550843,0.5946927070617676,0.6538320116455167,0.013736263736263798,0.007530671280722601,0.017091453075408936,0.014923384442823484
86,A+V_40_Middle,A+V,40,0.4,Middle,0.4609999656677246,0.6153846153846154,0.6083397205528613,0.6233515756511804,0.571446418762207,0.6743323480796918,0.6553398058252428,0.592391304347826,0.6035502958579881,0.6506024096385542,0.5011494252873563,0.6732673267326733,0.6969232559204102,0.3738958537578583,0.6025145649909973,0.6768936361074416,1.2635908362629649,0.5013333992920184,,0.2514487387976832,0.2561850765842654,0.24721786191029843,0.2578086121497628,0.5989010989010989,0.599545062151512,0.5966324806213379,0.6546585823451767,0.016483516483516536,0.008794658401349298,0.02518606185913086,0.01967376573451507
87,A+V_40_Tail,A+V,40,0.4,Tail,0.46160316467285156,0.6181318681318682,0.6082096960109872,0.6259370097079098,0.5799724459648132,0.6710534599855766,0.6553398058252428,0.5652173913043478,0.6242603550295858,0.6490384615384616,0.4894117647058824,0.6861788617886179,0.7141088247299194,0.38399529457092285,0.6049064993858337,0.6760177188683736,1.268332376584902,0.49397992934181323,,0.2582191793299653,0.26553715913948306,0.24780088477516624,0.26230445873070707,0.6043956043956044,0.604529737347805,0.600683331489563,0.6546092503317729,0.013736263736263798,0.003679958663182159,0.020710885524749756,0.016444209653803776
88,A+V_50_Head,A+V,50,0.5,Head,0.4670116901397705,0.6016483516483516,0.598600450374393,0.6103878441594573,0.5746748447418213,0.6714032827425211,0.6504854368932039,0.6195652173913043,0.5621301775147929,0.6473429951690821,0.5010989010989011,0.6473594548551959,0.6828515529632568,0.3551599979400635,0.6282438635826111,0.6700234507961647,1.2676651373014345,0.4974682877343792,,0.2524959800938104,0.26027658518859603,0.2500357370866018,0.2584587145455276,0.592032967032967,0.5959423422738385,0.5931797027587891,0.6531076419529784,0.009615384615384581,0.002658108100554557,0.018504858016967773,0.01829564078954271
89,A+V_50_Middle,A+V,50,0.5,Middle,0.47074460983276367,0.614010989010989,0.6087203708562932,0.6222403722403723,0.5713129639625549,0.6735138870931875,0.6504854368932039,0.6141304347826086,0.591715976331361,0.6504854368932039,0.509009009009009,0.6666666666666666,0.699051022529602,0.36444661021232605,0.6060743927955627,0.6764518980765712,1.2635957225338443,0.4970116200609885,,0.2552004128739331,0.2589993247502967,0.24778797525639745,0.2545240056162645,0.5934065934065934,0.5953345549502039,0.5955700278282166,0.6537347558784606,0.020604395604395642,0.013385815906089227,0.02425706386566162,0.019779131214726853
90,A+V_50_Tail,A+V,50,0.5,Tail,0.4641685485839844,0.6098901098901099,0.6024175168377105,0.6179801257388282,0.5780602097511292,0.6711210674170771,0.6601941747572816,0.5706521739130435,0.6005917159763313,0.6522781774580336,0.4861111111111111,0.6688632619439868,0.7116708755493164,0.37634119391441345,0.6064404249191284,0.6726854893902969,1.2663900616404775,0.4888806153654361,,0.26278100024995976,0.26811076940866463,0.24833838929939556,0.2582260952720159,0.5961538461538461,0.5975467738104344,0.6002314686775208,0.6538028745003189,0.013736263736263798,0.004870743027276081,0.0221712589263916,0.01731819291675818
