modality,window_size,start_unit,end_unit,positions,sample_index,sample_id,baseline,class_probability,hybrid_final_intensity,classification_probability_drop,regression_absolute_delta,positive_classification_drop,combined_raw_score,combined_score,rank,start_position,end_position,readable_evidence,start_s,end_s,representative_time_s,frame_path
A,4,17,20,18|19|20|21,1,01,missing,0.551807701587677,0.08935420552045109,0.017188549041748047,0.03105436804145574,0.017188549041748047,0.022364277048657337,0.09017695282552862,1,18,21,,6.56,7.52,7.039999999999999,
A,2,20,21,21|22,1,01,missing,0.5648611783981323,0.06839099348485472,0.004135072231292725,0.010091156005859372,0.004135072231292725,0.00581693156560262,0.023454957307111696,2,21,22,,7.33,8.14,7.735,
A,1,19,19,20,1,01,missing,0.5654019713401794,0.06789605940282348,0.0035942792892456055,0.009596221923828127,0.0035942792892456055,0.005193649609883627,0.020941767750588595,3,20,20,,7.14,7.33,7.234999999999999,
T,4,1,4,2|3|4|5,1,01,missing,0.5021103620529175,0.07126161518841984,0.06688588857650757,0.012961777709424485,0.06688588857650757,0.06904618486141165,0.06242944749208001,1,2,5,these wear components when,0.92,2.1,1.51,
T,4,4,7,5|6|7|8,1,01,missing,0.5339658856391907,0.04981996955871584,0.035030364990234375,0.008479867920279507,0.035030364990234375,0.03644367631028096,0.032951256918795815,2,5,8,when replacing the timing,1.86,2.94,2.4,
T,1,4,4,5,1,01,missing,0.5426196455955505,0.06095048847943546,0.02637660503387451,0.00265065100044011,0.02637660503387451,0.02681838020061453,0.024248358716957977,3,5,5,when,1.86,2.1,1.98,
T,1,20,20,22,1,01,missing,0.551311194896698,0.07291688667386773,0.01768505573272705,0.014617049194872375,0.01768505573272705,0.020121230598539114,0.018193000984035097,4,22,22,requirements,7.52,8.14,7.83,
T,4,7,10,8|9|10|11,1,01,missing,0.5520755052566528,0.041388216873258374,0.016920745372772217,0.016911620605736977,0.016920745372772217,0.019739348807061713,0.01784771515402041,5,8,11,timing belt is essential,2.72,4.08,3.4000000000000004,
V,1,12,12,13,1,01,missing,0.5642313361167908,0.06421704805046322,0.004764914512634277,0.005917210571467865,0.004764914512634277,0.005751116274545588,0.07195291165300634,1,13,13,,4.56,4.94,4.75,D:\Desktop\shumo\E题数据\Q3_HybridFinal_outputs\representative_frames\sample_01\vision_rank01.png
V,4,10,13,11|12|13|14,1,01,missing,0.5674905180931091,0.06695018806457521,0.001505732536315918,0.008650350585579863,0.001505732536315918,0.002947457633912562,0.03687599912951622,2,11,14,,3.68,5.2,4.44,D:\Desktop\shumo\E题数据\Q3_HybridFinal_outputs\representative_frames\sample_01\vision_rank02.png
V,4,17,20,18|19|20|21,1,01,missing,0.5898956656455994,0.0440567344516516,-0.020899415016174316,0.014243103027343752,0.0,0.002373850504557292,0.029699530921994996,3,18,21,,6.56,7.52,7.039999999999999,D:\Desktop\shumo\E题数据\Q3_HybridFinal_outputs\representative_frames\sample_01\vision_rank03.png
A,4,2,5,3|4|5|6,2,02,missing,0.3867909014225006,-0.16859994279444215,0.007602095603942871,0.012582313477993018,0.007602095603942871,0.009699147850275041,0.03710222134817762,1,3,6,,0.72,1.22,0.97,
A,3,0,2,1|2|3,2,02,missing,0.38663986325263977,-0.19133389616608618,0.007753133773803711,0.010151639893651004,0.007753133773803711,0.009445073756078878,0.03613030985376356,2,1,3,,0.0,0.8,0.4,
A,4,11,14,12|13|14|15,2,02,missing,0.38646864891052246,-0.17496808390915392,0.00792434811592102,0.006214172363281256,0.00792434811592102,0.00896004350980123,0.034274920098317764,3,12,15,,1.9,2.3000000000000003,2.1,
T,4,7,10,8|9|10|11,2,02,missing,0.2544865608215332,-0.31670621452331543,0.13990643620491028,0.13552395825088026,0.13990643620491028,0.162493762580057,0.052011113445240384,1,8,11,’ s happiness -,1.2933333333333332,1.9,1.5966666666666667,
T,1,9,9,10,2,02,missing,0.3047163784503937,-0.2780573727250099,0.0896766185760498,0.09687511645257474,0.0896766185760498,0.1058224713181456,0.03387172820293394,2,10,10,happiness,1.44,1.64,1.54,
T,1,18,18,19,2,02,missing,0.3250534236431122,-0.29420320085287094,0.0693395733833313,0.11302094458043577,0.0693395733833313,0.0881763974800706,0.02822356095218773,3,19,19,.,2.53,2.6,2.565,
T,3,1,3,2|3|4,2,02,missing,0.32353639602661133,-0.22253674845993518,0.07085660099983215,0.04135449218750001,0.07085660099983215,0.07774901636441549,0.024885957751105494,4,2,4,want to live,0.58,0.92,0.75,
T,1,17,17,18,2,02,missing,0.6104155778884888,0.1813294490516186,-0.2160225808620453,0.36251170532405375,0.0,0.06041861755400896,0.01933883197675322,5,18,18,misery,2.46,2.53,2.495,
V,4,0,3,1|2|3|4,2,02,missing,0.38301748037338257,-0.21404587126374244,0.011375516653060913,0.03286361499130727,0.011375516653060913,0.01685278581827879,0.05033296384167934,1,1,4,,0.0,0.92,0.46,D:\Desktop\shumo\E题数据\Q3_HybridFinal_outputs\representative_frames\sample_02\vision_rank01.png
V,4,6,9,7|8|9|10,2,02,missing,0.38199469447135925,-0.20213446574509142,0.012398302555084229,0.020952209472656247,0.012398302555084229,0.015890337467193604,0.04745849082712807,2,7,10,,1.22,1.64,1.43,D:\Desktop\shumo\E题数据\Q3_HybridFinal_outputs\representative_frames\sample_02\vision_rank02.png
V,1,2,2,3,2,02,missing,0.3896418809890747,-0.19523837614655493,0.004751116037368774,0.014056119874119755,0.004751116037368774,0.0070938026830554,0.021186533656588166,3,3,3,,0.72,0.8,0.76,D:\Desktop\shumo\E题数据\Q3_HybridFinal_outputs\representative_frames\sample_02\vision_rank03.png
A,4,20,23,21|22|23|24,3,03,missing,0.5286235213279724,-0.010006562927179018,0.009275257587432861,0.028801038620062176,0.009275257587432861,0.014075430690776557,0.042751548040142036,1,21,24,,4.78,6.1,5.4399999999999995,
A,4,15,18,16|17|18|19,3,03,missing,0.5322521924972534,-0.04779477891549466,0.0056465864181518555,0.008987177368253468,0.0056465864181518555,0.007144449312860767,0.0216999589376171,2,16,19,,3.21,4.62,3.915,
A,4,23,26,24|25|26|27,3,03,missing,0.5457738041877747,-0.0015101953580975314,-0.007875025272369385,0.037297406189143664,0.0,0.006216234364857277,0.018880675690593436,3,24,27,,5.7,6.96,6.33,
T,4,13,16,15|16|17|18|19,3,03,missing,0.44154760241508484,-0.13560433732569216,0.09635117650032043,0.09679673577845097,0.09635117650032043,0.11248396579672892,0.03075740879646148,1,15,19,bankwest who don ',2.86,4.62,3.74,
T,1,16,16,19,3,03,missing,0.44740623235702515,-0.12936815983653066,0.09049254655838013,0.09056055828928947,0.09049254655838013,0.10558597293992837,0.028871234312223517,2,19,19,',4.46,4.62,4.54,
T,3,24,26,27|28|29,3,03,missing,0.44544556736946106,-0.11742925797998903,0.09245321154594421,0.07862165643274784,0.09245321154594421,0.10555682095140219,0.02886326304607924,3,27,29,they take rental,6.87,7.8,7.335,
T,2,26,27,29|30,3,03,missing,0.4653119146823883,-0.08167576847821473,0.07258686423301697,0.042868166930973534,0.07258686423301697,0.07973155872151255,0.021801650823800794,4,29,30,rental yield,7.24,8.28,7.76,
T,4,16,19,19|20|21|22,3,03,missing,0.4840790629386902,-0.07670167692601679,0.05381971597671509,0.037894075378775594,0.05381971597671509,0.06013539520651102,0.016443311901412502,5,19,22,' t take rental,4.46,5.38,4.92,
V,4,15,18,16|17|18|19,3,03,missing,0.5153905153274536,-0.06654728135690091,0.02250826358795166,0.027739679809659717,0.02250826358795166,0.02713154355622828,0.03525738628820522,1,16,19,,3.21,4.62,3.915,D:\Desktop\shumo\E题数据\Q3_HybridFinal_outputs\representative_frames\sample_03\vision_rank01.png
V,4,18,21,19|20|21|22,3,03,missing,0.5178182721138,-0.05789418180882929,0.020080506801605225,0.019086580261588097,0.020080506801605225,0.023261603511869906,0.03022840698323621,2,19,22,,4.46,5.38,4.92,D:\Desktop\shumo\E题数据\Q3_HybridFinal_outputs\representative_frames\sample_03\vision_rank02.png
V,4,12,15,13|14|15|16,3,03,missing,0.5250251293182373,-0.051270316696166975,0.012873649597167969,0.01246271514892578,0.012873649597167969,0.014950768788655599,0.019428493973991625,3,13,16,,2.52,3.56,3.04,D:\Desktop\shumo\E题数据\Q3_HybridFinal_outputs\representative_frames\sample_03\vision_rank03.png
A,4,13,16,14|15|16|17,4,04,missing,0.6602188348770142,-0.28632823894023895,-0.0914844274520874,0.23705415906012062,0.0,0.039509026510020105,0.03279708320266772,1,14,17,,2.84,3.78,3.3099999999999996,
A,4,16,19,17|18|19|20,4,04,missing,0.6356059908866882,-0.21879724650681018,-0.06687158346176147,0.1695231666266918,0.0,0.028253861104448635,0.023453987994470273,2,17,20,,3.6,4.26,3.9299999999999997,
A,4,10,13,11|12|13|14,4,04,missing,0.6142407059669495,-0.18915620768666266,-0.045506298542022705,0.1398821278065443,0.0,0.023313687967757384,0.019353070211579435,3,11,14,,2.32,3.14,2.73,
T,4,22,25,23|24|25|26,4,04,missing,0.36876180768013,0.44661409016847614,0.19997259974479675,0.4958881700485945,0.19997259974479675,0.2826206280862292,0.026655996854281792,1,23,26,] absolutely not .,5.233333333333333,6.22,5.726666666666667,
T,3,20,22,21|22|23,4,04,missing,0.40606069564819336,0.3246183704376221,0.1626737117767334,0.37389245031774043,0.1626737117767334,0.22498912016302347,0.021220352243656357,2,21,23,goodbye ? ],4.26,5.72,4.99,
T,4,9,12,10|11|12|13,4,04,missing,0.41561999917030334,0.3701082957327366,0.1531144082546234,0.41938237561285496,0.1531144082546234,0.22301147085676593,0.02103382582467752,3,10,13,should i kiss my,2.16,2.84,2.5,
T,2,19,20,20|21,4,04,missing,0.43721336126327515,0.21653577082753184,0.1315210461616516,0.2658098507076502,0.1315210461616516,0.17582268794625996,0.01658311018747339,4,20,21,""" goodbye",4.109999999999999,4.746666666666666,4.428333333333333,
T,4,1,4,2|3|4|5,4,04,missing,0.4572453200817108,0.22071521418690684,0.11148908734321594,0.2699892940670252,0.11148908734321594,0.1564873030210535,0.014759450098566579,5,2,5,i blow it at,0.54,1.16,0.85,
V,4,1,4,2|3|4|5,4,04,missing,0.5455275177955627,0.0011432012483477798,0.023206889629364014,0.050417281128466135,0.023206889629364014,0.0316097698174417,0.0680436534341131,1,2,5,,0.54,1.16,0.85,D:\Desktop\shumo\E题数据\Q3_HybridFinal_outputs\representative_frames\sample_04\vision_rank01.png
V,1,3,3,4,4,04,missing,0.5577847957611084,-0.017183794357255082,0.01094961166381836,0.03209028552286327,0.01094961166381836,0.01629799258429557,0.03508329752106074,2,4,4,,0.94,1.08,1.01,D:\Desktop\shumo\E题数据\Q3_HybridFinal_outputs\representative_frames\sample_04\vision_rank02.png
V,2,0,1,1|2,4,04,missing,0.5603336095809937,-0.035965855697542404,0.008400797843933105,0.013308224182575948,0.008400797843933105,0.010618835207695763,0.02285826018093058,3,1,2,,0.0,0.66,0.33,D:\Desktop\shumo\E题数据\Q3_HybridFinal_outputs\representative_frames\sample_04\vision_rank03.png
A,4,4,7,5|6|7|8,5,05,missing,0.5507282018661499,0.4139264759063721,0.03411877155303955,0.08156509375572207,0.03411877155303955,0.0477129538456599,0.0612632041348694,1,5,8,,2.24,3.52,2.88,
A,4,11,14,12|13|14|15,5,05,missing,0.5599555373191833,0.4589544680953026,0.024891436100006104,0.036537101566791574,0.024891436100006104,0.030980953027804698,0.03977939525133479,2,12,15,,4.3,5.34,4.82,
A,4,7,10,8|9|10|11,5,05,missing,0.5703914165496826,0.4570847171187401,0.014455556869506836,0.038406852543354075,0.014455556869506836,0.02085669896006585,0.026779901535822853,3,8,11,,3.5,4.3,3.9,
T,4,0,3,1|2|3|4,5,05,missing,0.46954482793807983,0.4056995662391186,0.11530214548110962,0.08979200342297555,0.11530214548110962,0.13026747938493888,0.10210996230152287,1,1,4,"hi , my name",0.8399999999999994,2.24,1.5399999999999998,
T,1,0,0,1,5,05,missing,0.5392706394195557,0.4494517444610596,0.04557633399963379,0.04603982520103456,0.04557633399963379,0.053249638199806215,0.04173964657045933,2,1,1,hi,0.8399999999999994,1.1599999999999997,0.9999999999999996,
T,1,8,8,9|10,5,05,missing,0.5543597936630249,0.45908641829490665,0.03048717975616455,0.03640515136718753,0.03048717975616455,0.036554704984029136,0.028653348982309833,3,9,10,marketer,3.52,4.1,3.8099999999999996,
T,1,1,1,2,5,05,missing,0.5561273097991943,0.4545330891847611,0.028719663619995117,0.04095848047733308,0.028719663619995117,0.03554607703288396,0.027862737522304847,4,2,2,",",1.1599999999999997,1.48,1.3199999999999998,
T,1,3,3,4,5,05,missing,0.5537911057472229,0.4875726780533791,0.031055867671966553,0.007918891608715062,0.031055867671966553,0.03237568294008573,0.025377629014601374,5,4,4,name,2.1,2.24,2.17,
V,4,0,3,1|2|3|4,5,05,missing,0.5411940217018127,0.41632413508892063,0.04365295171737671,0.07916743457317355,0.04365295171737671,0.05684752414623897,0.07033984333244463,1,1,4,,0.8399999999999994,2.24,1.5399999999999998,D:\Desktop\shumo\E题数据\Q3_HybridFinal_outputs\representative_frames\sample_05\vision_rank01.png
V,4,3,6,4|5|6|7,5,05,missing,0.5609619617462158,0.4751662981748581,0.023885011672973633,0.020325271487236063,0.023885011672973633,0.02727255692084631,0.033745486894954345,2,4,7,,2.1,2.66,2.38,D:\Desktop\shumo\E题数据\Q3_HybridFinal_outputs\representative_frames\sample_05\vision_rank02.png
V,4,6,9,7|8|9|10,5,05,missing,0.5699831247329712,0.5214041292309761,0.014863848686218262,0.025912559568881943,0.014863848686218262,0.019182608614365253,0.023735452069486906,3,7,10,,2.58,4.1,3.34,D:\Desktop\shumo\E题数据\Q3_HybridFinal_outputs\representative_frames\sample_05\vision_rank03.png
A,4,26,29,27|28|29|30,6,06,missing,0.5949263572692871,0.44496430989503866,0.005465328693389893,0.010844566404819456,0.005465328693389893,0.007272756427526468,0.03167335921570818,1,27,30,,5.94,6.38,6.16,
A,3,32,34,33|34|35,6,06,missing,0.5971644520759583,0.4365834583282471,0.00322723388671875,0.019225417971611036,0.00322723388671875,0.006431470215320589,0.028009499348001596,2,33,35,,6.66,7.58,7.12,
A,2,0,1,1|2,6,06,missing,0.5969462990760803,0.4483298723936081,0.0034453868865966797,0.0074790039062500036,0.0034453868865966797,0.004691887537638347,0.020433496001167024,3,1,2,,0.0,0.6466666666666666,0.3233333333333333,
T,4,17,20,18|19|20|21,6,06,missing,0.38868844509124756,0.2206822132110596,0.21170324087142944,0.2351266630887985,0.21170324087142944,0.2508910180528959,0.02580052132735152,1,18,21,"dance , see impressive",3.1,4.34,3.7199999999999998,
T,4,20,23,21|22|23|24,6,06,missing,0.4481273591518402,0.3176892932891846,0.1522643268108368,0.1381195830106735,0.1522643268108368,0.1752842573126157,0.018025456846723947,2,21,24,impressive dance moves then,3.88,5.7,4.79,
T,1,18,18,19,6,06,missing,0.4709613025188446,0.3177552683889866,0.1294303834438324,0.1380536079108715,0.1294303834438324,0.15243931809564432,0.015676184457206786,3,19,19,",",3.3,3.5,3.4,
T,4,8,11,9|10|11|12,6,06,missing,0.4997818171977997,0.3477152674138546,0.10060986876487732,0.1080936088860035,0.10060986876487732,0.1186254702458779,0.012198918075260084,4,9,12,"in that sense ,",1.42,2.04,1.73,
T,4,13,16,14|15|16|17,6,06,missing,0.4974272847175598,0.36812855940461164,0.10296440124511719,0.08768031689524647,0.10296440124511719,0.11757778739432494,0.012091179010045349,5,14,17,like to watch people,2.26,3.1,2.6799999999999997,
V,4,25,28,26|27|28|29,6,06,missing,0.5970902442932129,0.4426546175122261,0.0033014416694641113,0.01315425878763199,0.0033014416694641113,0.005493818134069442,0.03362620467903774,1,26,29,,5.8,6.28,6.04,D:\Desktop\shumo\E题数据\Q3_HybridFinal_outputs\representative_frames\sample_06\vision_rank01.png
V,2,28,29,29|30,6,06,missing,0.5988245010375977,0.4436225208282471,0.0015671849250793457,0.01218635547161101,0.0015671849250793457,0.0035982441703478474,0.02202389886314749,2,29,30,,6.16,6.38,6.27,D:\Desktop\shumo\E题数据\Q3_HybridFinal_outputs\representative_frames\sample_06\vision_rank02.png
V,3,0,2,1|2|3,6,06,missing,0.5977689623832703,0.4510355227828026,0.0026227235794067383,0.00477335351705549,0.0026227235794067383,0.0034182824989159866,0.02092240117060065,3,1,3,,0.0,0.6933333333333334,0.3466666666666667,D:\Desktop\shumo\E题数据\Q3_HybridFinal_outputs\representative_frames\sample_06\vision_rank03.png
A,4,36,39,37|38|39|40,7,07,missing,0.6242141723632812,0.624790413403511,-0.002568483352661133,0.015573990225791867,0.0,0.002595665037631978,0.01754590562822131,1,37,40,,11.72,12.626666666666669,12.173333333333336,
A,4,1,4,2|3|4|5,7,07,missing,0.6271516680717468,0.6243064885973931,-0.005505979061126709,0.015090065419673948,0.0,0.0025150109032789913,0.017000708228184506,2,2,5,,0.72,0.9,0.81,
A,4,44,47,45|46|47|48,7,07,missing,0.6254560947418213,0.6242624514937402,-0.003810405731201172,0.015046028316020976,0.0,0.002507671386003496,0.016951095325284667,3,45,48,,14.22,15.34,14.780000000000001,
T,4,15,18,19|20|21|22,7,07,missing,0.5328524708747864,0.5118574221968651,0.08879321813583374,0.09735900098085404,0.08879321813583374,0.10501971829930941,0.04338701888501105,1,19,22,attendees “ enthusiastically discussed,5.12,7.42,6.27,
T,1,17,17,21,7,07,missing,0.5793761014938354,0.5554556048154832,0.04226958751678467,0.05376081836223601,0.04226958751678467,0.05122972391049067,0.021164644456992194,2,21,21,enthusiastically,5.42,6.68,6.05,
T,4,20,23,24|25|26|27,7,07,missing,0.5845808386802673,0.5682578889966011,0.03706485033035278,0.040958534181118056,0.03706485033035278,0.04389127269387246,0.01813289454680185,3,24,27,topics of growing the,7.7,9.28,8.49,
T,3,40,42,46|47|48,7,07,missing,0.5937897562980652,0.5726133196592331,0.02785593271255493,0.03660310351848606,0.02785593271255493,0.03395644996563594,0.014028500169159824,4,46,48,ways the leading,14.42,15.34,14.879999999999999,
T,3,18,20,22|23|24,7,07,missing,0.5971074104309082,0.5895510637998581,0.024538278579711914,0.01966535937786107,0.024538278579711914,0.027815838476022092,0.01149161632506039,5,22,24,discussed the topics,6.68,8.06,7.37,
V,4,37,40,38|39|40|41,7,07,missing,0.6130969524383545,0.5830839466094971,0.008548736572265625,0.02613247656822204,0.008548736572265625,0.012904149333635966,0.029765357592858026,1,38,41,,12.06,12.78,12.42,D:\Desktop\shumo\E题数据\Q3_HybridFinal_outputs\representative_frames\sample_07\vision_rank01.png
V,4,41,44,42|43|44|45,7,07,missing,0.6172235608100891,0.5842277835249902,0.004422128200531006,0.024988639652729017,0.004422128200531006,0.008586901475985842,0.019806977309316482,2,42,45,,12.78,14.42,13.6,D:\Desktop\shumo\E题数据\Q3_HybridFinal_outputs\representative_frames\sample_07\vision_rank02.png
V,3,16,18,17|18|19,7,07,missing,0.6179995536804199,0.5994937288403511,0.0036461353302001953,0.009722694337368054,0.0036461353302001953,0.005266584386428204,0.012148167500385549,3,17,19,,4.08,5.27,4.675,D:\Desktop\shumo\E题数据\Q3_HybridFinal_outputs\representative_frames\sample_07\vision_rank03.png
A,4,0,3,1|2|3|4,8,08,missing,0.5959575772285461,0.27170440706014637,0.044529616832733154,0.03428242871165277,0.044529616832733154,0.05024335495134195,0.10880362768455197,1,1,4,,0.58,1.42,1.0,
A,1,0,0,1,8,08,missing,0.6201406121253967,0.2673600125253201,0.02034658193588257,0.038626823246479036,0.02034658193588257,0.02678438581029574,0.0580024630975599,2,1,1,,0.58,0.78,0.6799999999999999,
A,4,3,6,4|5|6|7,8,08,missing,0.6220818161964417,0.3225286487579346,0.018405377864837646,0.01654181298613544,0.018405377864837646,0.02116234669586022,0.045827753601599124,3,4,7,,1.22,1.96,1.5899999999999999,
T,4,6,9,7|8|9|10,8,08,missing,0.4572577178478241,0.029453430069237972,0.1832294762134552,0.2765334057025612,0.1832294762134552,0.22931837716388206,0.07034923627612381,1,7,10,the universal design grand,1.85,3.62,2.7350000000000003,
T,4,0,3,1|2|3|4,8,08,missing,0.5396941900253296,0.16126811824142936,0.10079300403594971,0.14471871753036977,0.10079300403594971,0.12491279029101134,0.038320170876720766,2,1,4,that brings us to,0.58,1.42,1.0,
T,2,9,10,10|11,8,08,missing,0.5635144710540771,0.1485318225860596,0.07697272300720215,0.15745501318573954,0.07697272300720215,0.1032152252048254,0.031663891725687766,3,10,11,grand challenge,3.04,4.16,3.6,
T,4,3,6,4|5|6|7,8,08,missing,0.5694180727005005,0.1331558650672436,0.07106912136077881,0.17283097070455553,0.07106912136077881,0.0998742831448714,0.03063897289769267,4,4,7,"to tonight , the",1.22,1.96,1.5899999999999999,
T,1,8,8,9,8,08,missing,0.5717918872833252,0.1892483943641186,0.0686953067779541,0.11673844140768053,0.0686953067779541,0.08815171367923419,0.027042776991805743,5,9,9,design,2.36,3.04,2.7,
V,4,4,7,5|6|7|8,8,08,missing,0.6610844731330872,0.4223513645768166,-0.02059727907180786,0.11636452880501746,0.0,0.01939408813416958,0.04521245007369599,1,5,8,,1.42,2.36,1.89,D:\Desktop\shumo\E题数据\Q3_HybridFinal_outputs\representative_frames\sample_08\vision_rank01.png
V,4,1,4,2|3|4|5,8,08,missing,0.6608352065086365,0.40506164582967763,-0.020348012447357178,0.09907481005787849,0.0,0.016512468342979748,0.038494676593487806,2,2,5,,0.78,1.74,1.26,D:\Desktop\shumo\E题数据\Q3_HybridFinal_outputs\representative_frames\sample_08\vision_rank02.png
V,4,7,10,8|9|10|11,8,08,missing,0.6565914750099182,0.38913576155304913,-0.016104280948638916,0.08314892578125,0.0,0.013858154296875,0.03230680942184264,3,8,11,,1.96,4.16,3.06,D:\Desktop\shumo\E题数据\Q3_HybridFinal_outputs\representative_frames\sample_08\vision_rank03.png
A,4,5,8,6|7|8|9,9,09,missing,0.9306529760360718,-1.8528275826931,-0.0010585784912109375,0.028684050798416294,0.0,0.004780675133069383,0.05353147033008363,1,6,9,,1.16,1.76,1.46,
A,4,0,3,1|2|3|4,9,09,missing,0.935712456703186,-1.9087880006790163,-0.006118059158325195,0.02727636718750004,0.0,0.004546061197916673,0.05090438763588937,2,1,4,,0.6799999999999995,0.6999999999999995,0.6899999999999995,
A,2,4,5,5|6,9,09,missing,0.9299859404563904,-1.870073156929016,-0.000391542911529541,0.011438476562500188,0.0,0.001906412760416698,0.021347001266663605,3,5,6,,0.6999999999999995,1.3,0.9999999999999998,
T,4,1,4,2|3|4|5|6,9,09,missing,0.9160663485527039,-1.738354850268364,0.013528048992156982,0.1431567832231524,0.013528048992156982,0.03738751286268238,0.04485175404078935,1,2,6,uhh ) i did,0.6849999999999995,1.3,0.9924999999999997,
T,4,13,16,15|16|17|18,9,09,missing,0.9228810667991638,-1.7738141705751418,0.0067133307456970215,0.1076974629163745,0.0067133307456970215,0.024662907898426106,0.029586741515907452,2,15,18,would not recommend it,2.88,3.82,3.3499999999999996,
T,4,4,7,6|7|8|9,9,09,missing,0.9242218136787415,-1.788068229174614,0.005372583866119385,0.09344340431690235,0.005372583866119385,0.02094648458560311,0.025128351760204577,3,6,9,did not like this,1.16,1.76,1.46,
T,2,0,1,1|2|3,9,09,missing,0.9226729273796082,-1.807601584649086,0.0069214701652526855,0.07391004884243024,0.0069214701652526855,0.019239811638991057,0.023080949583155323,4,1,3,( uhh,0.6799999999999995,0.6949999999999995,0.6874999999999996,
T,4,8,11,10|11|12|13,9,09,missing,0.9213972687721252,-1.8218557506561281,0.008197128772735596,0.05965588283538814,0.008197128772735596,0.01813977591196695,0.021761296894682095,5,10,13,"movie at all ,",1.76,2.64,2.2,
V,3,15,17,16|17|18,9,09,missing,0.9287952184677124,-1.8618023444175722,0.0007991790771484375,0.019709289073944092,0.0007991790771484375,0.004084060589472452,0.06748115746643657,1,16,18,,2.98,3.82,3.4,D:\Desktop\shumo\E题数据\Q3_HybridFinal_outputs\representative_frames\sample_09\vision_rank01.png
V,3,13,15,14|15|16,9,09,missing,0.9293893575668335,-1.870249305343628,0.00020503997802734375,0.0112623281478883,0.00020503997802734375,0.0020820946693420606,0.034402564595656195,2,14,16,,2.84,3.14,2.99,D:\Desktop\shumo\E题数据\Q3_HybridFinal_outputs\representative_frames\sample_09\vision_rank02.png
V,4,0,3,1|2|3|4,9,09,missing,0.9303112030029297,-1.890838477230072,-0.0007168054580688477,0.009326843738555635,0.0,0.001554473956425939,0.025684658572757202,3,1,4,,0.6799999999999995,0.6999999999999995,0.6899999999999995,D:\Desktop\shumo\E题数据\Q3_HybridFinal_outputs\representative_frames\sample_09\vision_rank03.png
A,4,16,19,17|18|19|20,10,10,missing,0.911637544631958,-1.777949576830864,0.0024966001510620117,0.02771630859374996,0.0024966001510620117,0.0071159849166870055,0.02845451886211458,1,17,20,,4.08,5.26,4.67,
A,4,12,15,13|14|15|16,10,10,missing,0.9115267992019653,-1.780853125667572,0.0026073455810546875,0.024812759757042002,0.0026073455810546875,0.006742805540561688,0.02696229540728273,2,13,16,,3.04,4.08,3.56,
A,4,26,29,27|28|29|30,10,10,missing,0.9185657501220703,-1.835581793642044,-0.004431605339050293,0.029915908217430065,0.0,0.004985984702905011,0.019937337899962507,3,27,30,,7.14,9.0,8.07,
T,4,25,28,27|28|29|30,10,10,missing,0.6929531693458557,-0.834891189134121,0.2211809754371643,0.970774696290493,0.2211809754371643,0.38297675815224647,0.13465519028327244,1,27,30,one was pretty terrible,7.14,9.0,8.07,
T,1,28,28,30,10,10,missing,0.8800020217895508,-1.56730561003685,0.03413212299346924,0.23836027538776383,0.03413212299346924,0.07385883555809655,0.025968874989073753,2,30,30,terrible,8.56,9.0,8.780000000000001,
T,4,11,14,12|13|14|15|16,10,10,missing,0.8906880021095276,-1.6915450201988222,0.02344614267349243,0.11412086522579168,0.02344614267349243,0.04246628687779104,0.014931208796435017,3,12,16,see fluffy chick flicks,2.82,4.08,3.45,
T,4,14,17,15|16|17|18|19,10,10,missing,0.8951734900474548,-1.713102149105072,0.018960654735565186,0.09256373631954196,0.018960654735565186,0.03438794412215551,0.012090851626506801,4,15,19,flicks sometimes so i,3.8,5.22,4.51,
T,4,22,25,24|25|26|27,10,10,missing,0.8986076712608337,-1.7165337135553362,0.01552647352218628,0.08913217186927769,0.01552647352218628,0.030381835500399225,0.010682297955102012,5,24,27,that but this one,6.1,7.38,6.74,
V,4,7,10,8|9|10|11,10,10,missing,0.9163158535957336,-1.7886841041803359,-0.002181708812713623,0.01698178124427807,0.0,0.0028302968740463452,0.023826706412865595,1,8,11,,2.0,2.82,2.41,D:\Desktop\shumo\E题数据\Q3_HybridFinal_outputs\representative_frames\sample_10\vision_rank01.png
V,4,10,13,11|12|13|14,10,10,missing,0.9164588451385498,-1.792643576836586,-0.002324700355529785,0.013022308588027887,0.0,0.0021703847646713146,0.01827127078610942,2,11,14,,2.68,3.8,3.24,D:\Desktop\shumo\E题数据\Q3_HybridFinal_outputs\representative_frames\sample_10\vision_rank02.png
V,4,18,21,19|20|21|22,10,10,missing,0.9156549572944641,-1.792643576836586,-0.0015208125114440918,0.013022308588027887,0.0,0.0021703847646713146,0.01827127078610942,3,19,22,,5.18,5.52,5.35,D:\Desktop\shumo\E题数据\Q3_HybridFinal_outputs\representative_frames\sample_10\vision_rank03.png
A,4,2,5,3|4|5|6,11,11,missing,0.9162359237670898,-1.342847526049614,0.005889296531677246,0.06634318554401375,0.005889296531677246,0.016946494122346202,0.057458520135448554,1,3,6,,0.76,3.46,2.11,
A,4,5,8,6|7|8|9,11,11,missing,0.9192216396331787,-1.355605826830864,0.002903580665588379,0.053584884762763796,0.002903580665588379,0.011834394792715678,0.04012551543575308,2,6,9,,3.32,4.14,3.7299999999999995,
A,3,0,2,1|2|3,11,11,missing,0.9192302227020264,-1.3689800026178358,0.0028949975967407227,0.04021070897579193,0.0028949975967407227,0.009596782426039379,0.03253870165009447,3,1,3,,0.0,0.88,0.44,
T,4,1,4,2|3|4|5,11,11,missing,0.6899349093437195,-0.653151351249218,0.2321903109550476,0.7560393603444098,0.2321903109550476,0.35819687101244924,0.13183105440324291,1,2,5,would be ashamed to,0.64,3.32,1.98,
T,1,3,3,4,11,11,missing,0.8813774585723877,-1.0713157115936278,0.040747761726379395,0.3378749999999999,0.040747761726379395,0.09706026172637938,0.035722134054037014,2,4,4,ashamed,0.88,1.26,1.07,
T,4,4,7,5|6|7|8,11,11,missing,0.8980752825737,-1.2339180983066558,0.02404993772506714,0.17527261328697197,0.02404993772506714,0.05326203993956247,0.0196026025159112,3,5,8,to have made this,1.26,3.86,2.56,
T,1,4,4,5,11,11,missing,0.9115486145019531,-1.355869727230072,0.010576605796813965,0.05332098436355581,0.010576605796813965,0.019463436524073265,0.007163338283851144,4,5,5,to,1.26,3.32,2.29,
T,1,5,5,6,11,11,missing,0.9154505133628845,-1.355517860031128,0.006674706935882568,0.05367285156249979,0.006674706935882568,0.0156201821962992,0.005748863978315761,5,6,6,have,3.32,3.46,3.3899999999999997,
V,4,9,12,10|11|12|13,11,11,missing,0.9217448234558105,-1.4236207037925719,0.00038039684295654297,0.014429992198944142,0.00038039684295654297,0.0027853955427805666,0.04567866392173176,1,10,13,,4.14,4.86,4.5,D:\Desktop\shumo\E题数据\Q3_HybridFinal_outputs\representative_frames\sample_11\vision_rank01.png
V,3,3,5,4|5|6,11,11,missing,0.9207368493080139,-1.403031531906128,0.0013883709907531738,0.006159179687499794,0.0013883709907531738,0.002414900938669806,0.039602794894851606,2,4,6,,0.88,3.46,2.17,D:\Desktop\shumo\E题数据\Q3_HybridFinal_outputs\representative_frames\sample_11\vision_rank02.png
V,3,1,3,2|3|4,11,11,missing,0.9209617972373962,-1.404791297531128,0.0011634230613708496,0.0043994140624996625,0.0011634230613708496,0.0018966587384541267,0.031103961989389542,3,2,4,,0.64,1.26,0.95,D:\Desktop\shumo\E题数据\Q3_HybridFinal_outputs\representative_frames\sample_11\vision_rank03.png
A,4,38,41,39|40|41|42,12,12,missing,0.8734081983566284,-1.110030555343628,0.004095673561096191,0.0211171874999998,0.004095673561096191,0.007615204811096158,0.022506831222710466,1,39,42,,11.5,12.3,11.9,
A,4,22,25,23|24|25|26,12,12,missing,0.8834641575813293,-1.1686307291746139,-0.005960285663604736,0.03748298633098601,0.0,0.006247164388497668,0.01846357097416074,2,23,26,,7.7,8.43,8.065,
A,4,11,14,12|13|14|15,12,12,missing,0.8738394379615784,-1.1184774088621139,0.0036644339561462402,0.01267033398151396,0.0036644339561462402,0.005776156286398567,0.017071500751305143,3,12,15,,4.06,5.76,4.91,
T,4,36,39,38|39|40|41,12,12,missing,0.746336042881012,-0.5790212242960929,0.13116782903671265,0.5521265185475349,0.13116782903671265,0.22318891546130182,0.04556728707192058,1,38,41,scores is very low,11.24,12.1,11.67,
T,1,39,39,41,12,12,missing,0.7548556327819824,-0.5756337506532669,0.12264823913574219,0.5555139921903609,0.12264823913574219,0.21523390450080232,0.04394315503405418,2,41,41,low,11.9,12.1,12.0,
T,4,31,34,32|33|34|35|36,12,12,missing,0.8487561345100403,-0.9790159830808639,0.028747737407684326,0.15213175976276394,0.028747737407684326,0.054103030701478316,0.011045926390832132,3,32,36,"credit sag , and",9.4,10.82,10.11,
T,4,20,23,21|22|23|24,12,12,missing,0.8494157195091248,-0.9949418405056,0.028088152408599854,0.13620590233802787,0.028088152408599854,0.050789136131604504,0.010369346261933653,4,21,24,perhaps by fault of,7.02,8.14,7.58,
T,4,12,15,13|14|15|16,12,12,missing,0.8542516231536865,-1.0011890944004058,0.023252248764038086,0.12995864844322202,0.023252248764038086,0.044912023504575085,0.009169447612503222,5,13,16,by no fault of,4.8,5.92,5.359999999999999,
V,4,26,29,27|28|29|30,12,12,missing,0.8791338205337524,-1.157368293619156,-0.001629948616027832,0.026220550775528206,0.0,0.0043700917959213674,0.03335812268051732,1,27,30,,8.43,9.2,8.815,D:\Desktop\shumo\E题数据\Q3_HybridFinal_outputs\representative_frames\sample_12\vision_rank01.png
V,3,29,31,30|31|32,12,12,missing,0.8768725991249084,-1.1419702369928362,0.0006312727928161621,0.010822494149208328,0.0006312727928161621,0.002435021817684217,0.018587196863886643,2,30,32,,9.0,9.72,9.36,D:\Desktop\shumo\E题数据\Q3_HybridFinal_outputs\representative_frames\sample_12\vision_rank02.png
V,4,12,15,13|14|15|16,12,12,missing,0.876790463924408,-1.1234047311306,0.0007134079933166504,0.007743011713027936,0.0007134079933166504,0.0020039099454879734,0.015296400378748333,3,13,16,,4.8,5.92,5.359999999999999,D:\Desktop\shumo\E题数据\Q3_HybridFinal_outputs\representative_frames\sample_12\vision_rank03.png
A,4,0,3,1|2|3|4,13,13,missing,0.6999947428703308,0.12169538337886335,0.0030274391174316406,0.00898581127822401,0.0030274391174316406,0.0045250743304689756,0.034436775717062044,1,1,4,,0.0,0.94,0.47,
A,4,21,24,22|23|24|25,13,13,missing,0.7001357078552246,0.13775324470698835,0.002886474132537842,0.007072050049900996,0.002886474132537842,0.004065149140854675,0.030936647444089912,2,22,25,,6.02,6.96,6.49,
A,2,17,18,18|19,13,13,missing,0.7013249397277832,0.12469798884689812,0.001697242259979248,0.0059832058101892405,0.001697242259979248,0.0026944432283441217,0.02050528463412592,3,18,19,,4.82,5.08,4.95,
T,4,4,7,5|6|7|8,13,13,missing,0.6725943088531494,0.13582851448059086,0.030427873134613037,0.005147319823503499,0.030427873134613037,0.03128575977186362,0.03915451937434134,1,5,8,could take a set,0.94,1.54,1.24,
T,4,1,4,2|3|4|5,13,13,missing,0.6771489381790161,0.1283165095984936,0.025873243808746338,0.0023646850585937462,0.025873243808746338,0.026267357985178628,0.032873926816646776,2,2,5,"example , i could",0.12,1.08,0.6000000000000001,
T,1,4,4,5,13,13,missing,0.682452917098999,0.12239930573999885,0.020569264888763428,0.008281888917088503,0.020569264888763428,0.02194957970827818,0.02747017333807373,3,5,5,could,0.94,1.08,1.01,
T,1,22,22,23,13,13,missing,0.6932210326194763,0.11676804768443111,0.009801149368286133,0.013913146972656248,0.009801149368286133,0.012120007197062174,0.015168340487013189,4,23,23,two,6.42,6.7,6.5600000000000005,
T,4,15,18,16|17|18|19,13,13,missing,0.6955103278160095,0.10767226448059085,0.00751185417175293,0.02300893017649651,0.00751185417175293,0.01134667586783568,0.014200506663133508,5,16,19,i can find a,4.65,5.08,4.865,
V,4,4,7,5|6|7|8,13,13,missing,0.7005302309989929,0.11922072639465334,0.0024919509887695312,0.01146046826243402,0.0024919509887695312,0.004402029032508535,0.024456469525045432,1,5,8,,0.94,1.54,1.24,D:\Desktop\shumo\E题数据\Q3_HybridFinal_outputs\representative_frames\sample_13\vision_rank01.png
V,4,9,12,10|11|12|13,13,13,missing,0.7015591859817505,0.11499728620946409,0.0014629960060119629,0.015683908447623268,0.0014629960060119629,0.004076980747282508,0.02265059014008633,2,10,13,,1.7,4.0,2.85,D:\Desktop\shumo\E题数据\Q3_HybridFinal_outputs\representative_frames\sample_13\vision_rank02.png
V,1,24,24,25,13,13,missing,0.7010090947151184,0.1374342979282141,0.002013087272644043,0.0067531032711267425,0.002013087272644043,0.0031386044844985,0.017437228232583143,3,25,25,,6.84,6.96,6.9,D:\Desktop\shumo\E题数据\Q3_HybridFinal_outputs\representative_frames\sample_13\vision_rank03.png
A,4,26,29,27|28|29|30,14,14,missing,0.6197146773338318,0.2281612171173096,0.013055205345153809,0.027254375487566013,0.013055205345153809,0.017597601259748144,0.02818375838679849,1,27,30,,7.025,8.506666666666666,7.765833333333333,
A,4,31,34,32|33|34|35,14,14,missing,0.6217712759971619,0.2208581736624241,0.01099860668182373,0.019951332032680513,0.01099860668182373,0.014323828687270482,0.022940588375492146,2,32,35,,8.653333333333334,9.56,9.106666666666667,
A,4,9,12,10|11|12|13,14,14,missing,0.6228691339492798,0.18118646272420885,0.00990074872970581,0.01972037890553474,0.00990074872970581,0.013187478547294934,0.021120646139323202,3,10,13,,1.98,2.36,2.17,
T,3,9,11,11|12|13|14|15,14,14,missing,0.5847671627998352,0.2716934246361256,0.04800271987915039,0.07078658300638202,0.04800271987915039,0.059800483713547396,0.024531419008007756,1,11,15,vettese limited and,2.0,3.28,2.6399999999999997,
T,4,1,4,2|3|4|5,14,14,missing,0.5820496678352356,0.2537218020796776,0.05072021484375,0.052814960449934,0.05072021484375,0.059522708252072336,0.02441746965822944,2,2,5,is the co -,0.66,0.96,0.81,
T,4,18,21,22|23|24|25|26,14,14,missing,0.5826739072799683,0.2507741892874241,0.050095975399017334,0.04986734765768053,0.050095975399017334,0.058407200008630755,0.02395986466195827,3,22,26,final examination ( ufe,5.44,7.025,6.2325,
T,3,4,6,5|6|7,14,14,missing,0.5884160399436951,0.23849984016418457,0.04435384273529053,0.03759299853444098,0.04435384273529053,0.05061934249103069,0.02076512134091671,4,5,7,- founder of,0.86,1.52,1.19,
T,4,6,9,7|8|9|10|11|12|13,14,14,missing,0.5942082405090332,0.2674039959251881,0.03856164216995239,0.0664971542954445,0.03856164216995239,0.04964450121919314,0.020365220901644367,5,7,13,of rossen and vettese,1.22,2.36,1.79,
V,4,28,31,29|30|31|32,14,14,missing,0.6422734260559082,0.19193203962743285,-0.009503543376922607,0.008974802002310739,0.0,0.0014958003337184566,0.02324917989990571,1,29,32,,8.1,8.8,8.45,D:\Desktop\shumo\E题数据\Q3_HybridFinal_outputs\representative_frames\sample_14\vision_rank01.png
V,3,0,2,1|2|3,14,14,missing,0.6448239088058472,0.19208600837886336,-0.012054026126861572,0.008820833250880233,0.0,0.0014701388751467055,0.022850324615961835,2,1,3,,0.0,0.76,0.38,D:\Desktop\shumo\E题数据\Q3_HybridFinal_outputs\representative_frames\sample_14\vision_rank02.png
V,4,13,16,14|15|16|17,14,14,missing,0.6432732939720154,0.1938237957298756,-0.010503411293029785,0.007083045899867996,0.0,0.0011805076499779993,0.018348595135906257,3,14,17,,2.36,3.68,3.02,D:\Desktop\shumo\E题数据\Q3_HybridFinal_outputs\representative_frames\sample_14\vision_rank03.png
A,4,0,3,1|2|3|4,15,15,missing,0.7771167159080505,0.8318707581400872,0.02029705047607422,0.09573134666681293,0.02029705047607422,0.036252274920543046,0.04282374223624015,1,1,4,,6.0,6.98,6.49,
A,4,4,7,5|6|7|8,15,15,missing,0.7868460416793823,0.8711575471997262,0.010567724704742432,0.05644455760717393,0.010567724704742432,0.01997515097260475,0.02359605619938827,2,5,8,,6.98,7.3143125,7.14715625,
A,4,11,14,12|13|14|15,15,15,missing,0.7887231111526489,0.8814521868467331,0.00869065523147583,0.046149917960166986,0.00869065523147583,0.016382308224836994,0.01935193711822782,3,12,15,,7.3143125,7.3143125,7.3143125,
T,4,15,18,18|19|20|21,15,15,missing,0.6561122536659241,0.6818068089127541,0.14130151271820068,0.24579529589414595,0.14130151271820068,0.182267395367225,0.05913327075744833,1,18,21,power to transform lives,7.3143125,7.3143125,7.3143125,
T,1,16,16,19,15,15,missing,0.72013920545578,0.7807495882153511,0.07727456092834473,0.14685251659154896,0.07727456092834473,0.10174998036026955,0.03301089109265234,2,19,19,to,7.3143125,7.3143125,7.3143125,
T,4,12,15,15|16|17|18,15,15,missing,0.7356275916099548,0.8325747073531151,0.06178617477416992,0.09502739745378497,0.06178617477416992,0.07762407434980075,0.025183689033219502,3,15,18,believed in its power,7.3143125,7.3143125,7.3143125,
T,1,17,17,20,15,15,missing,0.7531503438949585,0.8237318958282471,0.04426342248916626,0.10387020897865296,0.04426342248916626,0.061575123985608424,0.019976905201439975,4,20,20,transform,7.3143125,7.3143125,7.3143125,
T,3,8,10,9|10|11|12|13,15,15,missing,0.7530698180198669,0.8579153216123582,0.04434394836425781,0.06968678319454191,0.04434394836425781,0.0559584122300148,0.018154667404378745,5,9,13,prioritize education because,7.3143125,7.3143125,7.3143125,
V,4,2,5,3|4|5|6,15,15,missing,0.7895519137382507,0.9005896380186081,0.007861852645874023,0.027012466788291944,0.007861852645874023,0.012363930443922682,0.05710606032956656,1,3,6,,6.48,7.29,6.885,D:\Desktop\shumo\E题数据\Q3_HybridFinal_outputs\representative_frames\sample_15\vision_rank01.png
V,4,5,8,6|7|8|9,15,15,missing,0.7932295799255371,0.9217947923183442,0.0041841864585876465,0.005807312488555927,0.0041841864585876465,0.005152071873346968,0.023796197217061506,2,6,9,,7.28,7.3143125,7.2971562500000005,D:\Desktop\shumo\E题数据\Q3_HybridFinal_outputs\representative_frames\sample_15\vision_rank02.png
V,3,0,2,1|2|3,15,15,missing,0.7940486073493958,0.9171313704490662,0.003365159034729004,0.010470734357833855,0.003365159034729004,0.005110281427701313,0.023603177066951128,3,1,3,,6.0,6.74,6.37,D:\Desktop\shumo\E题数据\Q3_HybridFinal_outputs\representative_frames\sample_15\vision_rank03.png
A,3,0,2,1|2|3,16,16,missing,0.9414951801300049,-1.9344807506561281,0.0033579468727111816,0.030795898437499858,0.0033579468727111816,0.008490596612294492,0.08748447073677365,1,1,3,,0.0,0.62,0.31,
A,3,8,10,9|10|11,16,16,missing,0.9443724155426025,-1.940463781929016,0.0004807114601135254,0.02481286716461195,0.0004807114601135254,0.004616189320882184,0.04756378120394413,2,9,11,,1.62,2.44,2.0300000000000002,
A,4,3,6,4|5|6|7,16,16,missing,0.9465472102165222,-1.9888575514316558,-0.0016940832138061523,0.023580902338027787,0.0,0.003930150389671298,0.04049504910626094,3,4,7,,0.62,1.1700000000000002,0.895,
T,4,7,10,8|9|10|11,16,16,missing,0.9224563837051392,-1.6763231119871138,0.022396743297576904,0.28895353710651417,0.022396743297576904,0.0705556661486626,0.054568569149470746,1,8,11,is a terrible movie,1.1700000000000002,2.44,1.8050000000000002,
T,4,3,6,4|5|6|7,16,16,missing,0.9226862192153931,-1.7461858287811278,0.022166907787322998,0.21909082031250016,0.022166907787322998,0.058682044506073026,0.04538537268877681,2,4,7,"a terrible , this",0.62,1.1700000000000002,0.895,
T,4,0,3,1|2|3|4,16,16,missing,0.9254546761512756,-1.7614957037925723,0.01939845085144043,0.20378094530105573,0.01939845085144043,0.053361941734949715,0.041270743605172924,3,1,4,it ' s a,0.0,0.78,0.39,
T,2,6,7,7|8,16,16,missing,0.9346336722373962,-1.865497809267044,0.010219454765319824,0.09977883982658398,0.010219454765319824,0.02684926140308382,0.020765529651429238,4,7,8,this is,1.16,1.62,1.3900000000000001,
T,1,9,9,10,16,16,missing,0.9388672709465027,-1.8783441842556,0.005985856056213379,0.08693246483802808,0.005985856056213379,0.020474600195884728,0.015835292862840914,5,10,10,terrible,1.76,2.06,1.9100000000000001,
V,4,4,7,5|6|7|8,16,16,missing,0.94661545753479,-2.003111610031128,-0.0017623305320739746,0.03783496093749994,0.0,0.006305826822916656,0.056107585348258195,1,5,8,,0.78,1.62,1.2000000000000002,D:\Desktop\shumo\E题数据\Q3_HybridFinal_outputs\representative_frames\sample_16\vision_rank01.png
V,4,7,10,8|9|10|11,16,16,missing,0.9462548494338989,-1.995544531917572,-0.0014017224311828613,0.030267882823943992,0.0,0.005044647137323999,0.04488594085403946,2,8,11,,1.1700000000000002,2.44,1.8050000000000002,D:\Desktop\shumo\E题数据\Q3_HybridFinal_outputs\representative_frames\sample_16\vision_rank02.png
V,4,0,3,1|2|3|4,16,16,missing,0.9451915621757507,-1.988505469417572,-0.00033843517303466797,0.02322882032394391,0.0,0.003871470053990652,0.03444732032413083,3,1,4,,0.0,0.78,0.39,D:\Desktop\shumo\E题数据\Q3_HybridFinal_outputs\representative_frames\sample_16\vision_rank03.png
A,4,7,10,8|9|10|11,17,17,missing,0.9045658111572266,1.1899830091238024,-0.0041106343269348145,0.027892242193222394,0.0,0.004648707032203732,0.03490273861931677,1,8,11,,3.08,5.08,4.08,
A,3,17,19,18|19|20,17,17,missing,0.9001398682594299,1.136926139974594,0.0003153085708618164,0.02516462695598598,0.0003153085708618164,0.0045094130635261465,0.0338569121246976,2,18,20,,7.6,8.22,7.91,
A,4,0,3,1|2|3|4,17,17,missing,0.8996445536613464,1.174233192706108,0.0008106231689453125,0.012142425775528043,0.0008106231689453125,0.0028343607981999863,0.021280530996489914,3,1,4,,0.0,2.12,1.06,
T,4,9,12,10|11|12|13,17,17,missing,0.8388097286224365,0.8865994798183442,0.061645448207855225,0.2754912871122358,0.061645448207855225,0.1075606627265612,0.040078373213667425,1,10,13,"simple , easy and",4.44,6.6,5.52,
T,4,12,15,13|14|15|16,17,17,missing,0.8577104210853577,0.99491313996315,0.04274475574493408,0.16717762696743,0.04274475574493408,0.07060769357283908,0.02630926049574912,2,13,16,and will make people,6.58,7.34,6.96,
T,4,6,9,7|8|9|10,17,17,missing,0.8651525378227234,1.0248290481805804,0.03530263900756836,0.1372617187499996,0.03530263900756836,0.05817959213256829,0.021678403124344235,3,7,10,your presentations is simple,2.94,4.76,3.8499999999999996,
T,4,19,22,20|21|22|23,17,17,missing,0.8727318644523621,1.0530733723878862,0.027723312377929688,0.10901739454269377,0.027723312377929688,0.04589287813504532,0.01710022838388017,4,20,23,into a design guru,7.98,8.79,8.385,
T,4,15,18,16|17|18|19,17,17,missing,0.8728165030479431,1.109209831380844,0.027638673782348633,0.05288093554973594,0.027638673782348633,0.036452163040637954,0.013582506445708001,5,16,19,people think you turned,7.08,7.98,7.53,
V,4,16,19,17|18|19|20,17,17,missing,0.9025603532791138,1.196494270825386,-0.0021051764488220215,0.034403503894806065,0.0,0.005733917315801011,0.024844879269452086,1,17,20,,7.34,8.22,7.78,D:\Desktop\shumo\E题数据\Q3_HybridFinal_outputs\representative_frames\sample_17\vision_rank01.png
V,4,10,13,11|12|13|14,17,17,missing,0.9023218154907227,1.1959662552118302,-0.0018666386604309082,0.0338754882812502,0.0,0.0056459147135417,0.024463566824903037,2,11,14,,4.76,6.9,5.83,D:\Desktop\shumo\E题数据\Q3_HybridFinal_outputs\representative_frames\sample_17\vision_rank02.png
V,4,19,22,20|21|22|23,17,17,missing,0.9011058807373047,1.193854622387886,-0.0006507039070129395,0.03176385545730609,0.0,0.005293975909551015,0.022938627309070057,3,20,23,,7.98,8.79,8.385,D:\Desktop\shumo\E题数据\Q3_HybridFinal_outputs\representative_frames\sample_17\vision_rank03.png
A,4,12,15,13|14|15|16,18,18,missing,0.5500490069389343,-0.38815268278717996,0.011204242706298828,0.020743248045444473,0.011204242706298828,0.014661450713872906,0.030084702598589093,1,13,16,,3.94,6.47,5.205,
A,4,3,6,4|5|6|7,18,18,missing,0.5505023002624512,-0.3925081134498119,0.010750949382781982,0.01638781738281253,0.010750949382781982,0.013482252279917404,0.027665035208055532,2,4,7,,0.8,1.92,1.3599999999999999,
A,4,0,3,1|2|3|4,18,18,missing,0.5571234822273254,-0.39323402751088143,0.004129767417907715,0.015661903321742998,0.004129767417907715,0.006740084638198215,0.01383038048462999,3,1,4,,0.0,1.1,0.55,
T,4,24,27,29|30|31|32,18,18,missing,0.33395564556121826,-0.1554676757067442,0.2272976040840149,0.25342825512588024,0.2272976040840149,0.26953564660499496,0.060225642485895556,1,29,32,denied msc certification based,8.96,11.3,10.13,
T,1,24,24,29,18,18,missing,0.3834763765335083,-0.17169052848815916,0.17777687311172485,0.23720540234446527,0.17777687311172485,0.2173111068358024,0.04855647552877242,2,29,29,denied,8.96,9.36,9.16,
T,4,21,24,26|27|28|29,18,18,missing,0.397288054227829,-0.18819932707250117,0.16396519541740417,0.22069660376012326,0.16396519541740417,0.20074796271075807,0.04485556988203562,3,26,29,fishery has been denied,8.14,9.36,8.75,
T,4,33,36,38|39|40|41,18,18,missing,0.4992850422859192,-0.3303224064171314,0.061968207359313965,0.07857352441549303,0.061968207359313965,0.07506379476189613,0.016772420731383953,4,38,41,fishery has failed to,12.16,13.2,12.68,
T,2,27,28,32|33,18,18,missing,0.5071688890457153,-0.31230680046081544,0.05408436059951782,0.096589130371809,0.05408436059951782,0.07018254899481932,0.015681744354598133,5,32,33,based on,10.900000000000002,11.54,11.22,
V,4,41,44,42|43|44|45,18,18,missing,0.5539535880088806,-0.41382327995300294,0.007299661636352539,0.00492734912037851,0.007299661636352539,0.008120886489748957,0.01740634561852286,1,42,45,,13.2,14.76,13.98,D:\Desktop\shumo\E题数据\Q3_HybridFinal_outputs\representative_frames\sample_18\vision_rank01.png
V,4,32,35,33|34|35|36,18,18,missing,0.5544207692146301,-0.40418855241537094,0.006832480430603027,0.004707378417253494,0.006832480430603027,0.007617043500145276,0.01632640622698205,2,33,36,,11.3,12.04,11.67,D:\Desktop\shumo\E题数据\Q3_HybridFinal_outputs\representative_frames\sample_18\vision_rank02.png
V,4,44,47,45|46|47|48,18,18,missing,0.5551323890686035,-0.4118435436248779,0.006120860576629639,0.0029476127922534734,0.006120860576629639,0.006612129375338551,0.014172468649427998,3,45,48,,13.98,15.22,14.600000000000001,D:\Desktop\shumo\E题数据\Q3_HybridFinal_outputs\representative_frames\sample_18\vision_rank03.png
A,4,6,9,7|8|9|10,19,19,missing,0.42233824729919434,0.33755263167023664,0.005765855312347412,0.03286362841725349,0.005765855312347412,0.011243126715222995,0.028309462602021825,1,7,10,,2.66,3.68,3.17,
A,4,14,17,15|16|17|18,19,19,missing,0.4494549334049225,0.4269927141904831,-0.021350830793380737,0.056576454102993,0.0,0.0094294090171655,0.023742639275707886,2,15,18,,5.3,6.74,6.02,
A,4,21,24,22|23|24|25,19,19,missing,0.4239799678325653,0.3437118382096291,0.00412413477897644,0.02670442187786104,0.00412413477897644,0.008574871758619946,0.021590969978049365,3,22,25,,7.78,9.12,8.45,
T,2,1,2,2|3,19,19,missing,0.2601853907108307,-0.05367899522408841,0.16791871190071106,0.42409525531157855,0.16791871190071106,0.2386012544526408,0.02896863630836226,1,2,3,are surprisingly,0.64,1.52,1.08,
T,4,29,32,33|34|35|36,19,19,missing,0.2707839012145996,-0.02198877856452016,0.15732020139694214,0.39240503865201026,0.15732020139694214,0.2227210411722772,0.027040615753426797,2,33,36,for the most part,11.32,11.86,11.59,
T,3,16,18,19|20|21,19,19,missing,0.29344508051872253,0.01606959095746281,0.1346590220928192,0.3543466691300273,0.1346590220928192,0.1937168002811571,0.02351920381574665,3,19,21,out there love,6.74,7.78,7.26,
T,1,31,31,35,19,19,missing,0.32089054584503174,0.14166873396337035,0.10721355676651001,0.22874752612411978,0.10721355676651001,0.1453381444538633,0.017645539450639652,4,35,35,most,11.56,11.72,11.64,
T,3,14,16,16|17|18|19,19,19,missing,0.33843281865119934,0.16157609602212908,0.08967128396034241,0.20884016406536104,0.08967128396034241,0.12447797797123591,0.015112901566763542,5,16,19,some haters out,5.88,6.9,6.390000000000001,
V,4,33,36,34|35|36|37,19,19,missing,0.45666638016700745,0.4113748211205006,-0.028562277555465698,0.04095856103301049,0.0,0.006826426838835081,0.027354511053083782,1,34,37,,11.44,12.0,11.719999999999999,D:\Desktop\shumo\E题数据\Q3_HybridFinal_outputs\representative_frames\sample_19\vision_rank01.png
V,4,30,33,31|32|33|34,19,19,missing,0.45657968521118164,0.40666741585135463,-0.028475582599639893,0.03625115576386451,0.0,0.006041859293977418,0.024210631819572195,2,31,34,,11.26,11.56,11.41,D:\Desktop\shumo\E题数据\Q3_HybridFinal_outputs\representative_frames\sample_19\vision_rank02.png
V,3,36,38,37|38|39,19,19,missing,0.44304928183555603,0.3980445750296116,-0.014945179224014282,0.02762831494212148,0.0,0.004604719157020247,0.018451796825900185,3,37,39,,11.86,12.92,12.39,D:\Desktop\shumo\E题数据\Q3_HybridFinal_outputs\representative_frames\sample_19\vision_rank03.png
A,4,38,41,39|40|41|42,20,20,missing,0.7203392386436462,0.8245677415370941,0.0008826255798339844,0.021117187500000023,0.0008826255798339844,0.004402156829833989,0.028762700138604335,1,39,42,,9.1,9.59,9.344999999999999,
A,4,35,38,36|37|38|39,20,20,missing,0.7198626399040222,0.8298030550122262,0.0013592243194580078,0.01588187402486796,0.0013592243194580078,0.004006203323602667,0.026175629207514862,2,36,39,,8.64,9.2,8.92,
A,4,25,28,26|27|28|29,20,20,missing,0.7339794635772705,0.8642504886031152,-0.012757599353790283,0.018565559566021017,0.0,0.0030942599276701697,0.020217196681253383,3,26,29,,6.34,7.58,6.96,
T,4,15,18,16|17|18|19,20,20,missing,0.6502737998962402,0.7445423889994621,0.07094806432723999,0.10114254003763201,0.07094806432723999,0.08780515433351199,0.02499622956651613,1,16,19,"more , and we",3.44,4.713333333333333,4.076666666666666,
T,4,18,21,19|20|21|22,20,20,missing,0.6764956116676331,0.8035385745406152,0.04472625255584717,0.042146354496478966,0.04472625255584717,0.051750644971926996,0.014732290054638084,2,19,22,we ' ll have,4.64,5.08,4.859999999999999,
T,4,0,3,1|2|3|4,20,20,missing,0.6836036443710327,0.7969394534468651,0.03761821985244751,0.048745475590229015,0.03761821985244751,0.04574246578415234,0.013021891304196384,3,1,4,"and of course ,",0.0,0.98,0.49,
T,4,39,42,40|41|42|43,20,20,missing,0.6859980225563049,0.7890204544305802,0.03522384166717529,0.056664474606513915,0.03522384166717529,0.04466792076826095,0.012715991564019903,4,40,43,the day today .,9.2,9.72,9.46,
T,4,23,26,24|25|26|27,20,20,missing,0.687106192111969,0.8048144153594972,0.03411567211151123,0.040870513677596976,0.03411567211151123,0.040927424391110724,0.011651153094733323,5,24,27,live updates and a,5.44,6.84,6.140000000000001,
V,4,11,14,12|13|14|15,20,20,missing,0.7129342555999756,0.8023067171216012,0.008287608623504639,0.04337821191549296,0.008287608623504639,0.015517310609420132,0.018931541838845795,1,12,15,,2.48,3.44,2.96,D:\Desktop\shumo\E题数据\Q3_HybridFinal_outputs\representative_frames\sample_20\vision_rank01.png
V,4,6,9,7|8|9|10,20,20,missing,0.7127071022987366,0.8042864534497262,0.008514761924743652,0.04139847558736798,0.008514761924743652,0.015414507855971649,0.01880611967794138,2,7,10,,1.58,2.22,1.9000000000000001,D:\Desktop\shumo\E题数据\Q3_HybridFinal_outputs\representative_frames\sample_20\vision_rank02.png
V,4,14,17,15|16|17|18,20,20,missing,0.7135127782821655,0.8048583450555802,0.007709085941314697,0.04082658398151395,0.007709085941314697,0.014513516604900356,0.017706885796798646,3,15,18,,3.16,4.64,3.9,D:\Desktop\shumo\E题数据\Q3_HybridFinal_outputs\representative_frames\sample_20\vision_rank03.png
