bootstrap_repeat,mean_D_zero_minus_missing
0,0.011281865847109865
1,-0.22794937576057034
2,-0.28434718761125494
3,-0.07838502660261346
4,-0.1586310702032708
5,-0.35750571036265283
6,-0.19114688886197206
7,-0.10562577934909481
8,-0.11815507753709903
9,-0.3628164758051603
10,0.0010939813878055225
11,-0.009312578451703916
12,0.3802139734236833
13,-0.21772784261290404
14,-0.15189965672572808
15,0.14216109663223608
16,0.13775805455062035
17,0.0888581587943027
18,0.4992482185584388
19,-0.33059396339939895
20,0.06423503779875434
21,-0.22341508087026726
22,-0.14068457471690132
23,-0.19183334448721975
24,0.0958677872085239
25,-0.13520193030739527
26,0.09880868753146772
27,-0.020357968744288343
28,-0.23250084173030944
29,0.09030924871390028
30,-0.08887334155241601
31,0.2617237469235745
32,-0.5246795681734759
33,-0.03987994965805453
34,-0.043319459577463686
35,-0.29917286434415397
36,-0.2866209048040925
37,-0.2725821979723757
38,-0.32277547820672436
39,-0.2977702844497706
40,0.4019931660476956
41,0.14837283200847187
42,0.024412584825595645
43,0.04871228954681979
44,0.20107086696660537
45,-0.24777916428368074
46,0.2082636594863271
47,-0.042890133125260826
48,0.115291964654349
49,0.017431682465531513
50,0.008334725606250348
51,-0.16972417847522714
52,-0.3204307674059435
53,-0.16495560501909476
54,-0.2187622888421759
55,-0.11609617323915086
56,0.22915485847350361
57,-0.24873701811984858
58,-0.3090703166145648
59,-0.019698280155398474
60,-0.18221267708365044
61,0.1895778292412185
62,-0.6236443343321358
63,-0.037929395033502324
64,-0.3142498481490907
65,-0.09336164673482093
66,-0.031189855247683033
67,0.13899559964282723
68,-0.05775258694414688
69,-0.2723393838012788
70,-0.3001468175004001
71,0.23875405718841614
72,-0.09421805849906051
73,-0.009120864406263866
74,0.5654659881700682
75,-0.2280062412292487
76,-0.25308926222731976
77,0.12456941286638472
78,0.039027394853881146
79,0.17125787078081123
80,0.12125261871583225
81,-0.14120314477273258
82,-0.15025417664118368
83,0.11195210499646178
84,-0.11018382814655421
85,-0.3198105899586096
86,-0.19649543097295244
87,-0.1766598647781132
88,-0.2593945017245914
89,-0.30349039988322035
90,0.006088735018922049
91,0.17319399976142955
92,-0.10530837056937264
93,-0.13346888104778515
94,-0.04712361354192341
95,-0.02787819557312929
96,-0.08628235509559917
97,-0.30519628331206433
98,-0.05038037327562049
99,0.1273668527084395
100,-0.2405376290277792
101,-0.1059669086182765
102,0.004110966850414452
103,0.16606868543281347
104,-0.2177849589607836
105,-0.2763286674525307
106,-0.23515491882045636
107,-0.1381765107890127
108,-0.15408360376827793
109,0.5988265117717787
110,-0.16046913145692857
111,-0.2846077999811104
112,-0.01812640834965415
113,0.10254033517095519
114,-0.4074799455250582
115,-0.38463460495536056
116,-0.09299516360719494
117,-0.12821397285821726
118,-0.310576338270486
119,-0.12445589808285645
120,0.20659191538530136
121,-0.15535455278898008
122,-0.04427274754395574
123,-0.01821590213007512
124,-0.037449005259938814
125,0.002793099545062012
126,-0.08435454717132557
127,-0.2955415590633017
128,-0.4436810640760101
129,-0.35818066075192606
130,-0.31763543146470424
131,-0.13881297523257916
132,-0.21585104113859593
133,0.2783819994004583
134,-0.05564249123447769
135,-0.047474280442076494
136,-0.06332960960499259
137,-0.16906213637719758
138,-0.29843237167976366
139,0.15606797381539758
140,-0.2870017317026059
141,-0.22365979096560754
142,-0.2588762744299399
143,-0.10682038011973038
144,0.09752752759669171
145,-0.17206467556524982
146,-0.28115575614481914
147,-0.11895806062088699
148,0.1562708725019544
149,0.38300664218998587
150,0.21445064081644222
151,-0.19362350918224347
152,-0.04566424378052778
153,-0.3460812673418531
154,-0.12329771911404953
155,0.15190264120794617
156,0.04755235041306753
157,-0.05957469914354484
158,-0.13325860463383055
159,-0.133299152564799
160,-0.37228385969110833
161,0.17653078797013938
162,-0.17041574384178879
163,-0.3796968289333687
164,-0.17951509358218212
165,-0.3319285875082888
166,-0.08907255325870027
167,0.1747314039370447
168,-0.25908519890243203
169,-0.1368451017334809
170,0.08711698648137786
171,0.025009858785191123
172,-0.18832485354818626
173,0.124504290098626
174,-0.22926396566364543
175,-0.24827865333961194
176,-0.21118802533406772
177,-0.0402248392572117
178,-0.2552241059911833
179,-0.29837941054375633
180,-0.35281399088483617
181,-0.1764376595096536
182,-0.31597132610758183
183,0.2300964097843984
184,-0.22001843340756932
185,-0.16808426524086476
186,-0.17568791242841875
187,0.01769608962894659
188,-0.10119159456033813
189,-0.3712955788208468
190,0.3618111222825107
191,0.24325347885408793
192,-0.22087321998501125
193,0.1805440272826504
194,-0.20002156019922313
195,-0.10555240613453552
196,0.23486124143090206
197,-0.0048440596170412666
198,0.10675603204310845
199,-0.0326924455131142
200,-0.044565905772505576
201,-0.12824556807954826
202,-0.3265954905455631
203,0.3034100477732118
204,-0.16980598426554896
205,-0.43210023259548663
206,-0.3917153830708886
207,0.09930472705602178
208,-0.11225551824407935
209,-0.014868500423576939
210,-0.06308231930668014
211,-0.008751954057242809
212,-0.29149861420501355
213,-0.3237504770254071
214,0.10788978193321581
215,-0.05642908047686486
216,-0.2832467168441784
217,0.2814238165993235
218,-0.17308219998767332
219,0.06481621177558015
220,0.018672048341073725
221,-0.17343733293623248
222,0.1380144586501011
223,-0.054527244938504915
224,-0.15031429562782864
225,0.10096732081632677
226,0.002705468978341464
227,-0.0705025778597337
228,0.026285485935942005
229,-0.2561831295048203
230,-0.04884145789220723
231,-0.06363783474882506
232,0.06052803932726344
233,-0.3311763931055193
234,-0.28028523987020393
235,0.1120703113534436
236,-0.3271195892957234
237,-0.1918265674116163
238,-0.0951162440789998
239,-0.17069810444984757
240,0.002184791908993936
241,0.13746656241863023
242,-0.28145644405847303
243,0.2456725326754191
244,0.18960569611432243
245,-0.05032569650088959
246,-0.055425509835756344
247,-0.3935769326046908
248,-0.015113856715312811
249,-0.21243154476544998
250,-0.5076448358659027
251,-0.015492293575253975
252,0.07835460034959257
253,-0.3006959471076687
254,-0.18913214688990843
255,-0.26515034537323845
256,0.19497724116239715
257,0.21689439554691586
258,-0.4610238849580201
259,-0.22783936318547224
260,0.36232305734379033
261,-0.02295245470291064
262,-0.30232490348730956
263,-0.03179331068443999
264,-0.1719111806754512
265,-0.09878946905590384
266,-0.18703891147559326
267,0.17631265162760043
268,-0.1868513764030301
269,-0.3697382153176021
270,-0.10843711100477219
271,0.04656888667321101
272,-0.22923597174439936
273,-0.0820921088717165
274,-0.21213462941452269
275,0.05287756365531339
276,-0.03666166246916783
277,0.19009928587257893
278,-0.3885274607306161
279,-0.0738061605726073
280,0.09118147901045887
281,-0.37152150786416854
282,0.3298253582273478
283,-0.2018002463245445
284,0.03782706422954681
285,-0.41688825941195884
286,-0.22010583038337442
287,-0.013043140721698798
288,0.13968650424744697
289,0.017982310950776972
290,-0.22914132553208996
291,0.5868365545384687
292,-0.06948204167200894
293,0.24189233410531844
294,0.06324138545761081
295,0.081422240420317
296,-0.27499765688606387
297,0.2644331212559707
298,-0.2804323548926812
299,0.19690932663109564
300,0.36370497492822224
301,-0.2056363975912625
302,0.03864009627328986
303,-0.16717862878674034
304,-0.23540312157497564
305,-0.011172923312418927
306,0.04343897834779464
307,-0.10589672176680971
308,0.005057620759834757
309,0.10420594318723031
310,0.37996606957041695
311,-0.3867204188978562
312,0.22202916824720273
313,-0.18462779757426345
314,0.18674415258247157
315,0.08108123929698369
316,-0.30236336523481183
317,0.15456022698935046
318,-0.17479109245137373
319,0.017198646646804462
320,-0.04141862871735363
321,-0.5472780844117325
322,0.03651790317510521
323,-0.12948451279887574
324,0.05312597123581404
325,0.3130009692355426
326,-0.0650792776903091
327,-0.15519585796309582
328,0.016708734443208285
329,-0.21089796938226488
330,0.11806741899457797
331,0.19390428851078362
332,0.07136603350757152
333,0.11310741601848828
334,-0.03638657392118435
335,0.23606818694897455
336,0.01400281736095009
337,-0.0416020751741705
338,-0.1567362136022788
339,-0.07465417971635457
340,-0.07677719403622617
341,-0.15167046794391803
342,-0.03364673961422789
343,-0.14402695216688605
344,-0.12299843514086294
345,0.10606731670686478
346,-0.05474303042869934
347,-0.46978317626543586
348,0.060702039284052704
349,-0.027053262519774503
350,-0.057498771151339854
351,-0.2493811912580273
352,-0.09697773490865819
353,-0.05754374633050332
354,-0.062117526166848736
355,-0.1271770563534346
356,-0.2375274888104307
357,-0.1537106973785544
358,-0.19223475444089433
359,-0.022781114244149473
360,0.08093480514820975
361,0.32755646659326
362,-0.20848435847021812
363,-0.09715557780489625
364,-0.2963598426201868
365,-0.21921125285848053
366,-0.03337545500460368
367,-0.0071767422772381125
368,-0.08627279534703473
369,0.1373614226167269
370,0.6072998610024278
371,-0.14245707035800173
372,0.22240340289069385
373,-0.3245916896916835
374,-0.05452570987180709
375,-0.3711275229648217
376,-0.11018666941447913
377,0.2396408471566248
378,-0.24378695511973425
379,-0.11788197745449264
380,-0.18884196254453553
381,0.25400937670646745
382,-0.2686755781646726
383,-0.2577081612681012
384,-0.15724525245521603
385,0.07742941618672003
386,0.17556479050728224
387,-0.2749277915181289
388,0.10239632881721007
389,-0.26178124415604526
390,0.08738291319837692
391,-0.36377749392836467
392,-0.24732815939942152
393,-0.10353563772421948
394,-0.1631128972353153
395,-0.2498041484818828
396,-0.2247535866503749
397,0.06522533703330004
398,-0.2314479296702276
399,0.07311341137569072
400,-0.20633432106630004
401,-0.10130875235792859
402,-0.2479520095907519
403,-0.2466102035431931
404,-0.03131954452560725
405,0.03947913690613298
406,0.2750410654260013
407,-0.1172161765820918
408,-0.05751026683826355
409,0.0668727907898728
410,-0.025784679106930063
411,-0.12172509942463014
412,-0.2420350730058482
413,-0.22389582790478954
414,-0.0775987276624146
415,-0.0420942709651334
416,-0.12752508543816674
417,-0.3935158440032947
418,-0.3614432510250343
419,0.23162817988532652
420,-0.18932653715507217
421,0.24259402613805497
422,-0.22558117235259323
423,0.1339568453100128
424,-0.16650522023443498
425,-0.20550886542566169
426,0.08713632061496052
427,-0.2582643400679453
428,-0.19000908889660212
429,0.07894150764114233
430,-0.21313180009178145
431,-0.058794462015947
432,0.32874347807994553
433,-0.2075095943267125
434,-0.33576708074205625
435,-0.3828919579585215
436,-0.07168248330303152
437,-0.15439890922963492
438,-0.05910944404211489
439,0.020979887713753288
440,0.12950823200609665
441,0.03729545035041832
442,-0.40837390830379305
443,-0.08601707636315624
444,-0.09682193183767805
445,-0.29222298153262455
446,0.19253644189714308
447,-0.4503506967507078
448,-0.16132770889563022
449,-0.2986063439200834
450,-0.053860040189696735
451,0.14321122684416912
452,-0.0345417558632203
453,0.11938192095103302
454,-0.12265901540588899
455,0.08575181494310923
456,-0.3752115317729776
457,0.376161267652379
458,-0.40001614033582966
459,-0.036049748204614984
460,0.05357272509218252
461,-0.11063325844199755
462,0.12088165889475129
463,-0.13616286185432155
464,0.308809387770447
465,-0.4025804697878634
466,-0.1753196443428561
467,0.39902709328758673
468,-0.08614843101308466
469,-0.16304012107389115
470,-0.09777936676593664
471,0.16697096827417054
472,0.20505969028809545
473,-0.10682727482855407
474,0.20885048367391412
475,0.21880687476676514
476,-0.2532665776961347
477,-0.05231009024790024
478,-0.32399198801536255
479,0.1912749523951094
480,0.15212510832032505
481,-0.12828924607593997
482,-0.06406777962036024
483,0.056853271529129584
484,-0.22135768383146234
485,-0.17961226340771852
486,-0.42274892777702144
487,-0.1435100295190852
488,-0.2385606717265783
489,-0.33278465772467164
490,-0.22025421382526927
491,-0.20367268682437134
492,-0.14729200177387358
493,-0.18040154854985574
494,0.11907402377777797
495,0.0819837926001215
496,-0.053673298883750706
497,-0.11575665114040071
498,-0.15954813751508715
499,-0.1367077978121395
500,0.08164391736992987
501,-0.04076583043305548
502,-0.2927007946614231
503,-0.09941358181169885
504,-0.24207737781901786
505,-0.2846569397477413
506,-0.08285785751978472
507,0.33159984637414625
508,0.14795078195850475
509,-0.31922542751124117
510,-0.1467925323447128
511,-0.3569611576428786
512,-0.1693959421926832
513,-0.15003372252563502
514,0.003906310472773524
515,-0.4455681665688044
516,0.23792261107978874
517,-0.13349472498637044
518,-0.10760844415198276
519,0.5809143822319247
520,-0.15339679044877108
521,-0.15758580315652382
522,0.4616191332556368
523,-0.44143540545087756
524,0.06972228935527558
525,-0.16478179434922302
526,0.06594667503578268
527,0.2501304387403999
528,0.022859844414368675
529,-0.01697306341370284
530,0.06824098784520266
531,0.04362647778582646
532,0.0019587060531254447
533,-0.23901305969546222
534,-0.3331825109288116
535,-0.052759762865117424
536,-0.2504878062166654
537,0.6198650375013018
538,0.26273754508045083
539,0.20275606995304954
540,-0.2017099224130485
541,0.12608656250485792
542,-0.22327898855114353
543,-0.1246397877103054
544,-0.48949355646598364
545,0.39580908531890796
546,-0.020954255398200863
547,0.1085503253060896
548,-0.4898400391159228
549,-0.04563788703937141
550,-0.04337171935164373
551,0.12969023066421423
552,-0.046220180851142594
553,-0.04733197773899733
554,0.3418310807544998
555,-0.1625978269274634
556,-0.22841690577250257
557,-0.1240012444090391
558,0.171827303785131
559,-0.11618122110535199
560,0.2521923144305068
561,0.2494011079191902
562,-0.38109029348348544
563,-0.01709800601428111
564,0.1775089929516469
565,-0.16909311812757769
566,0.23665643957820495
567,0.3564201120135627
568,0.24753411754437277
569,-0.15870043945890283
570,0.2999493790536909
571,-0.0709790198724356
572,-0.2571990505170974
573,-0.03619495174138779
574,-0.1509949404606643
575,0.07944009038459193
576,-0.06767615465380022
577,-0.08717257427128579
578,0.17131741988054383
579,-0.0018615575024621173
580,-0.32846083938871984
581,0.17024837033964066
582,-0.24035463965617743
583,0.04701577418132838
584,-0.3556450649375965
585,-0.07998391451413689
586,-0.07062637692509768
587,-0.3148670486558449
588,-0.07240280575993478
589,-0.3014136230330166
590,0.041289177533147293
591,0.14262177917466864
592,-0.24646632780049177
593,-0.10375264715455632
594,0.01554831360027485
595,-0.27463874555160095
596,0.2500114538284994
597,-0.14945067130800294
598,-0.5057940063858057
599,-0.2221200685019208
600,-0.39330760189738506
601,0.055069300700291375
602,-0.10129136888021183
603,-0.13911833960889802
604,-0.2581162353028772
605,0.17460291580081438
606,-0.1079327556823264
607,0.01519208010612108
608,-0.1339268647631219
609,-0.0012987315043262546
610,-0.32768127647530826
611,0.009009929270669292
612,-0.008204200345026062
613,-0.014852401445984934
614,-0.0677773987394971
615,-0.3009614662460442
616,-0.0857741937168508
617,-0.16134036847592162
618,-0.30077403667650104
619,-0.15714788287200962
620,0.05601313276335365
621,-0.22305448580255569
622,-0.17756685333419855
623,-0.13554801690560742
624,0.3864037783238157
625,0.09070886293847724
626,-0.13958080658601515
627,-0.10266164744000199
628,-0.06332117807420161
629,0.05043573435998264
630,-0.432691447533827
631,0.18545558868837253
632,-0.24420703754271228
633,0.07267934146940996
634,-0.023160404406289813
635,-0.2505381385243814
636,-0.29907567638934335
637,0.05928744205079344
638,0.032321000614621016
639,0.09907746035123517
640,-0.4946079211708402
641,0.47691816802888476
642,-0.19455423262484112
643,-0.12659572703626176
644,-0.05056941652543729
645,-0.05982466762585259
646,0.049473990197248956
647,-0.3742495183093568
648,0.08244716915460854
649,-0.3486712100377802
650,-0.12793715381815438
651,0.2792811567591132
652,-0.12757663300618935
653,0.12778212060559077
654,-0.30065374983722226
655,-0.3494896163334891
656,-0.029408260727005097
657,0.11524191786195631
658,-0.0778054141328014
659,-0.4058346580535729
660,-0.28928007203953104
661,-0.18833991049438148
662,-0.342985248842548
663,0.03814884473539221
664,0.017093753160611812
665,-0.008971990438308644
666,-0.21734353696390277
667,0.32547888341957426
668,-0.27118641776991836
669,0.13012011366298953
670,0.13467875574100663
671,0.08281583869078507
672,-0.17840420333893656
673,0.2514725771014341
674,0.15590702825623753
675,-0.35056219381252957
676,-0.02785054446130132
677,-0.2275785313960498
678,-0.10020893730988763
679,0.08182689445790443
680,-0.08567943459087458
681,-0.3410004809271496
682,-0.049521856547351806
683,0.03163805288318718
684,-0.06328730145038423
685,-0.09360033274213708
686,-0.1754340357652398
687,-0.44770496320982245
688,-0.18463589532404623
689,0.007387516402949968
690,-0.11322935779383371
691,-0.2702161879111475
692,0.30383918383403447
693,-0.16175171405246255
694,0.21184218623291867
695,-0.2925879069136517
696,0.08174928072575441
697,0.004157801854854811
698,0.06278800147595362
699,0.15543682405415207
700,-0.0881078978114035
701,-0.18307353212535984
702,-0.06419066458482077
703,-0.2753917877705532
704,-0.32309984546288917
705,-0.005213871446002768
706,-0.36906141697081335
707,0.10263904305822277
708,-0.20590039082945333
709,-0.23230657323331474
710,-0.22195674136398083
711,-0.365563838093109
712,0.0005767419358502419
713,-0.10501991734555403
714,0.1001703221586378
715,-0.032654203991220876
716,-0.2582143344895829
717,0.19268268205375347
718,0.35704056462551775
719,-0.36168870055521857
720,-0.37354114730539006
721,0.023845885717872616
722,-0.32221550568113827
723,0.16939975983073832
724,-0.01675485737780778
725,0.38369650014050694
726,-0.353926379043165
727,0.05349373723478756
728,-0.2454487600771099
729,-0.20075248557478112
730,-0.27907982501900763
731,-0.08050996128852617
732,0.06924309717863379
733,0.02805453480053368
734,0.06679787272928017
735,-0.0676061878078759
736,0.0663770131914926
737,-0.10055642916182687
738,-0.024933312270655282
739,0.24952332504063648
740,0.2434079485125112
741,0.11315267898267882
742,-0.2883135963171605
743,0.2421636318999255
744,0.10001344706849855
745,-0.1498672420380126
746,-0.21073774733559875
747,-0.2781875857450056
748,-0.1326097258299854
749,0.07841846210566536
750,0.04317842743557101
751,-0.14856669792277705
752,-0.030273401151326693
753,-0.24435932807997748
754,0.02132066256952086
755,0.019585702358111176
756,-0.05894332555843165
757,0.08258768476574285
758,-0.07416352232314975
759,-0.09082167995861093
760,0.13616055656421447
761,0.019155680087432504
762,0.06633872925870345
763,0.07471350267640516
764,-0.37727055277869964
765,-0.1462236304126904
766,0.15764929109020434
767,0.2669294759852011
768,-0.15012518145554957
769,-0.036588270438812076
770,-0.3637866180542321
771,-0.1785643085367701
772,-0.2616441218906739
773,-0.05540089666273954
774,-0.02858021345648781
775,-0.1526686211600059
776,-0.09622239696325513
777,-0.03426975009631204
778,0.26713722775868637
779,-0.2823794486331103
780,-0.3384041479977934
781,0.35896069235740186
782,-0.15265946032283523
783,-0.049587446850627194
784,-0.4154716839406773
785,-0.10493226585462877
786,-0.09794658841800125
787,-0.3383580265868064
788,0.3070395388947975
789,0.32707116227903604
790,-0.3049705626916313
791,-0.08160813822340789
792,-0.09540150111085935
793,0.04026085964779629
794,-0.28320021892529906
795,0.15448793230117927
796,-0.015697487074796127
797,0.03564916354714848
798,-0.1710897624637547
799,-0.02425270536075
800,0.17873567045545313
801,-0.10365212278873454
802,-0.174175801998819
803,0.02201424564169795
804,-0.34875976231768663
805,0.09365946994643917
806,-0.40171508528950806
807,0.15856489877951388
808,-0.10634009262822543
809,-0.4156231292189413
810,0.17285585040140725
811,0.11416603791787641
812,0.6577638805537491
813,-0.01503706805809116
814,-0.4369412124561611
815,0.04980989275740677
816,-0.12784994931920998
817,-0.14441065329046524
818,-0.2542153239045945
819,0.33764036704711825
820,-0.260209847466209
821,-0.16385081885663247
822,-0.1756653456692675
823,-0.22785414573015564
824,-0.09901132016307158
825,-0.07031972638696188
826,-0.29538029294026463
827,0.28900748116288416
828,-0.09632656896366469
829,0.029594740389147247
830,-0.2973061863192234
831,-0.33360338395381284
832,0.015356079619721498
833,-0.25682439971626436
834,-0.013982816902863616
835,-0.09828727794270788
836,0.13650139699901398
837,-0.2512802475341933
838,-0.041968447814508356
839,0.1131744432584935
840,-0.19949578077948094
841,-0.07744659831899955
842,-0.38010509076150434
843,-0.19065862186188037
844,-0.053418707812691535
845,-0.0015613301809694268
846,-0.11498295708821864
847,-0.07737308124494931
848,-0.13440269844629874
849,0.28317306099979933
850,0.0046123959269225336
851,0.10196581013258486
852,-0.14015283631624545
853,-0.13850507069623882
854,0.005184743977783079
855,-0.11840800328281885
856,0.002026038163571495
857,-0.2735929927882295
858,-0.25695267501467234
859,0.2945231350339631
860,-0.33306075704334415
861,-0.199448478606934
862,0.3060461036417358
863,-0.020462935286723567
864,-0.06350307534101332
865,0.0971609483536882
866,0.2129943002545678
867,-0.1546841358246125
868,-0.20886945513988145
869,0.23187954987938714
870,-0.0869251315629729
871,-0.22666740316559514
872,-0.0754409034128301
873,-0.1867848895347188
874,-0.03127677694854676
875,-0.07259296473892195
876,-0.2789304866910953
877,0.12480205505151555
878,-0.03178429385965998
879,0.021670566358605644
880,-0.0922468764815724
881,-0.14877336303449856
882,-0.31190297138143624
883,0.1350581494926975
884,-0.12209589643968735
885,-0.14778171236067705
886,-0.1696552581155016
887,0.06798411270466638
888,-0.07012051227961859
889,-0.35813242311206417
890,-0.03379248462242975
891,-0.2918113610668815
892,0.004737051700444332
893,-0.27581453651635784
894,-0.16686898473127795
895,-0.03791039894974398
896,-0.04289444982401826
897,-0.10890045682013376
898,-0.27364356985335725
899,-0.15093247819878164
900,0.0346747873799604
901,-0.41347895015536257
902,0.1213563645368148
903,-0.3318403213122171
904,0.11256590928610355
905,-0.20142456401892997
906,-0.2789823093131598
907,0.133208792124173
908,-0.3360759947898791
909,0.3998087440308511
910,0.0404095528278605
911,-0.23899785477999613
912,-0.18724098196832256
913,-0.1621136191670905
914,-0.2825244591231942
915,0.0018019424786803154
916,-0.2925745243423197
917,-0.0392166186074724
918,0.17994544085413022
919,0.10623965468054655
920,-0.03526334764875335
921,-0.1365249957941643
922,-0.18499514708465944
923,-0.5625657524739814
924,-0.04143152216266215
925,0.08616168144237168
926,-0.20830370782827667
927,-0.24663171576129944
928,0.055871453363864315
929,-0.0660450723540541
930,0.01020646236387972
931,-0.025492700049327327
932,0.1604541994417905
933,-0.241267246314105
934,-0.14004865804531733
935,0.012631234371118237
936,0.029571665846137823
937,-0.09120016656721965
938,-0.21358530543979984
939,-0.14480514534506583
940,-0.22264568685840494
941,-0.019940480371153375
942,-0.11365014691447953
943,-0.06504169771332927
944,-0.07581624431082297
945,-0.29280493723148143
946,0.02219260754858623
947,-0.26864768058356636
948,0.10633684651353086
949,-0.026503471428429327
950,-0.18661441273359472
951,-0.0734904544407093
952,-0.32550438110684005
953,0.05419324488557421
954,0.003227971112495669
955,-0.38063680000941763
956,-0.20188309800445234
957,-0.39798144070111197
958,-0.0009844877616060508
959,0.09394115725199101
960,0.23616263769426948
961,0.24725483163490652
962,-0.2876419042888182
963,-0.03085977094872891
964,-0.35914491007536176
965,-0.21902864998341046
966,0.1835233302980019
967,-0.3304618449737885
968,0.06077506337589782
969,0.11520591729537949
970,-0.18540879232238508
971,-0.20100514108864978
972,0.040731250378633475
973,0.06117985200978632
974,-0.055560163610152986
975,0.026022380484988224
976,0.0035755520484257405
977,0.08352009687859299
978,-0.17492042921046325
979,-0.27575202944044946
980,-0.021399755487668252
981,-0.20193509184368755
982,0.05072620678662161
983,-0.1369654973342285
984,-0.08038160655343048
985,0.18873314023826554
986,-0.2279368720493831
987,-0.13947363480152328
988,-0.22932317203567987
989,0.1549199514750227
990,-0.06826855346940561
991,-0.14355164932663994
992,-0.01027793310430439
993,-0.18974643864557414
994,-0.24534589327741874
995,0.14519025253231602
996,0.2682323202297289
997,-0.0855737324020511
998,-0.01823464231235874
999,0.5550200908320799
1000,-0.30083777553960794
1001,-0.029556896949199572
1002,-0.13426769613204323
1003,0.1670668093716859
1004,-0.06630608435378821
1005,-0.374318993236242
1006,-0.06272621062956014
1007,0.2245405803680302
1008,0.1276503492640875
1009,-0.286598257638659
1010,-0.11062867547934589
1011,-0.28425970425072994
1012,-0.22608837765283776
1013,0.037147963282575205
1014,0.16663772378750585
1015,-0.08687454133382377
1016,-0.18552816109088227
1017,-0.21285937501742028
1018,-0.166555504415423
1019,-0.11794566659473897
1020,0.36731575084415446
1021,-0.20109855232310975
1022,-0.3351691797867061
1023,-0.09212892215545895
1024,0.041410484386713534
1025,-0.061242020860985125
1026,-0.19438921203101636
1027,-0.4172972010338368
1028,-0.10176617497209464
1029,-0.04526919470608096
1030,-0.026653963890641265
1031,0.08839779317886412
1032,-0.04378455552919274
1033,0.37395714048735257
1034,-0.3182124040726036
1035,0.08250827030145982
1036,-0.023347780496138316
1037,-0.22006772597981444
1038,-0.1941392731555316
1039,-0.3096928344692749
1040,-0.2937898331833362
1041,-0.19432564197962773
1042,-0.13712639938711388
1043,-0.03551447912120214
1044,-0.20918639391710325
1045,-0.03010316570352001
1046,-0.11363449321445578
1047,-0.09846744201318236
1048,0.02792030329631421
1049,0.008338120654003968
1050,0.12200710028988025
1051,-0.006809191733153268
1052,-0.19622516891742928
1053,0.3417879828816691
1054,-0.32806386619696676
1055,-0.11145240033110894
1056,0.31126440116744447
1057,-0.22771398474898985
1058,-0.26022054659845784
1059,-0.5221324397588091
1060,0.1972697934336025
1061,-0.15848218791803756
1062,-0.05437571107010768
1063,-0.5048593498839269
1064,-0.2990495974443383
1065,0.4183683357026806
1066,-0.4245964514786372
1067,0.05120531529845162
1068,-0.1276369936339531
1069,-0.299450467325577
1070,-0.16019764666495118
1071,0.011342712183760524
1072,-0.028073708650292385
1073,-0.19023039241676962
1074,-0.03564076469177151
1075,0.21597180364813187
1076,0.04563439843881273
1077,-0.031003194243099445
1078,-0.24986093692527958
1079,0.38001247591672926
1080,-0.12120009435839284
1081,-0.3334515436528791
1082,0.1380028382168817
1083,0.23501786472640732
1084,-0.04741751156120424
1085,-0.11341160688173908
1086,0.04508069889326024
1087,-0.1511556911748215
1088,-0.3208689879110856
1089,-0.18814128169326644
1090,-0.3883770547190676
1091,-0.350368210918592
1092,-0.10390050323170665
1093,-0.361803074349373
1094,-0.23936499820249893
1095,-0.5313167719757509
1096,0.09240534000411946
1097,-0.09933263033646439
1098,-0.17716780583213576
1099,-0.1934236644697118
1100,-0.27786144434343857
1101,-0.23706438894395715
1102,-0.1905425511481725
1103,-0.23685440236116503
1104,-0.23965048710866388
1105,0.26234044995810585
1106,0.18451866174442288
1107,-0.4249148088567859
1108,-0.07699502357858119
1109,-0.44308769219179894
1110,0.18694469052135873
1111,0.008308969769117392
1112,-0.02335324083832114
1113,0.015849183311095513
1114,0.38242032147508054
1115,-0.11051093604798555
1116,-0.318153373485217
1117,-0.06080580694307578
1118,-0.05051206368340964
1119,-0.2248545052711537
1120,-0.1297905412619937
1121,0.01306351597313127
1122,0.24892421549784646
1123,-0.1881645754747308
1124,-0.2349184585225762
1125,0.017150786625539104
1126,-0.2542598498809813
1127,-0.21164461782722938
1128,-0.18844108949409188
1129,-0.05012156676850916
1130,0.2359511200590716
1131,-0.24256714286603537
1132,-0.12937896021933093
1133,-0.3072518643966562
1134,0.0816410874238383
1135,-0.2150478549779989
1136,-0.22047766221969967
1137,-0.1888125897435955
1138,0.007468692138909906
1139,-0.15919593223850578
1140,0.036156655606582606
1141,-0.15249038072428786
1142,0.1338703222887654
1143,0.10770863191241745
1144,-0.20466272467879018
1145,-0.23426117011325842
1146,0.08406150790832509
1147,0.017976576383428148
1148,-0.17727093334530314
1149,-0.04395505399347213
1150,-0.02609360306675525
1151,-0.1884346489527717
1152,-0.24059839899280677
1153,-0.0013601237735271917
1154,-0.32492390616546707
1155,-0.22860093873039716
1156,-0.23524481649904463
1157,0.01681211808551803
1158,0.42063056810710314
1159,0.06876538104249595
1160,-0.4253427893139972
1161,-0.08390477375626963
1162,-0.1418903946214689
1163,0.2991718675274204
1164,0.43019174970776575
1165,0.25254052517613035
1166,0.23210644711527822
1167,0.15854019787662355
1168,-0.3484533717317689
1169,-0.02682290697997
1170,-0.1740135340472135
1171,-0.19426770974040353
1172,-0.18207262103451147
1173,-0.17655947671393563
1174,-0.13572612441347495
1175,-0.1763321585402109
1176,-0.10425629304719228
1177,-0.2720098571593017
1178,0.004191362776184948
1179,-0.18892866113840887
1180,-0.11185463111005269
1181,-0.05335316489634376
1182,0.010032189205712274
1183,0.16500529252899543
1184,-0.2769228681875024
1185,-0.2345425986105924
1186,0.0351361252848249
1187,0.25850576363398964
1188,-0.15928108969041574
1189,-0.23100425698877666
1190,-0.20782262801637763
1191,-0.1944276880505856
1192,-0.43842109399718543
1193,-0.20018884188130515
1194,0.019519732291981024
1195,-0.20160328308734451
1196,-0.3442540819049182
1197,-0.12026035633711504
1198,0.230906871409741
1199,-0.05471975651747124
1200,-0.21218854281640265
1201,0.053530905507780786
1202,0.13321147222208476
1203,-0.2319047374090471
1204,-0.18075847095901768
1205,0.02171687124103602
1206,-0.04628789158660498
1207,-0.21478325725524183
1208,-0.1717464672997063
1209,-0.3106766848940592
1210,0.10566265024958298
1211,0.3768828582645594
1212,-0.06458945957882352
1213,0.5152655651295606
1214,-0.2230637108395834
1215,-0.20089206147647426
1216,-0.0991560948982099
1217,0.1839601258147015
1218,-0.010965695384547582
1219,-0.08350834154163911
1220,-0.04458014953825987
1221,-0.2611126215966979
1222,-0.03942853084674639
1223,0.45380971777942997
1224,0.20246434216744932
1225,-0.23142205863574455
1226,0.023683726109921772
1227,-0.21191028371780635
1228,-0.2451375128210403
1229,-0.26685318013264064
1230,-0.276388339934609
1231,-0.27912110039049215
1232,0.04164143183241874
1233,0.12058567921206313
1234,-0.31494380797326865
1235,-0.19591869686402963
1236,0.015695313000185843
1237,-0.24693105492786924
1238,-0.24921340315566662
1239,-0.4215963865079185
1240,-0.08379314459464443
1241,0.13165064661263282
1242,-0.3040233608197604
1243,-0.23093851635834226
1244,-0.2489370506544425
1245,-0.2379737628933214
1246,-0.0651890213803901
1247,-0.3697171993159956
1248,0.08244371580562046
1249,-0.2348643369122604
1250,-0.21957664275148925
1251,-0.1963737437836835
1252,-0.27733114912804135
1253,0.2052047449886078
1254,-0.24750016932990188
1255,-0.3056949293639811
1256,-0.013741489987215074
1257,-0.20562454828323973
1258,-0.15268064981444845
1259,-0.12272498918648823
1260,-0.17092182166498054
1261,-0.2553696339419064
1262,0.19108916969749618
1263,0.06699680979457161
1264,0.02932954184117581
1265,-0.28079643359631445
1266,-0.02777982522819358
1267,-0.2252059509696863
1268,0.06690349195058133
1269,-0.3080390796315132
1270,-0.14939121234744573
1271,-0.41043463585404844
1272,-0.1838484472570151
1273,-0.10908013938796382
1274,-0.06955849947719887
1275,-0.24910205831516694
1276,0.0387352811226124
1277,-0.04579909774118363
1278,0.012463105445484537
1279,-0.0794872073139448
1280,-0.010096619798966797
1281,0.052088711184329124
1282,-0.013293775567102208
1283,-0.14370232251203507
1284,0.05586094647849233
1285,-0.13758358026416964
1286,-0.1511612811052308
1287,-0.11365394966615791
1288,-0.18226772429863775
1289,-0.1397705336854827
1290,0.1955477713945355
1291,-0.24124941660168153
1292,-0.0899748958759792
1293,0.06567647772011101
1294,-0.2625468040008687
1295,0.14835198387087115
1296,0.08697272563448931
1297,-0.06529776904978139
1298,-0.2695170025449671
1299,-0.2937531434560005
1300,0.008658004549454675
1301,-0.16977017544073128
1302,-0.0918287800605949
1303,-0.2857503333965055
1304,-0.08139092348476062
1305,-0.055909555764366514
1306,-0.03563511710288344
1307,-0.1255928057447481
1308,-0.3256375983849515
1309,-0.47350812650354446
1310,-0.01605837787520874
1311,-0.1375402605787331
1312,0.03334375780636867
1313,-0.30462356551574005
1314,-0.24474811071345562
1315,0.2647202376401825
1316,0.2751293645963323
1317,-0.306505027518067
1318,0.26738245983530073
1319,-0.33634223618727266
1320,-0.08399028921659714
1321,-0.08936193957889522
1322,-0.25356480000708104
1323,-0.2591560540250347
1324,-0.1478930569638603
1325,-0.187261926521895
1326,-0.1852837375575352
1327,-0.1182474499759714
1328,-0.17420666760487669
1329,-0.09819938553307059
1330,0.014838639078087048
1331,-0.08336372222035095
1332,-0.03692330815623185
1333,-0.1753724929288479
1334,0.15988839397512425
1335,-0.39239954607144684
1336,-0.3061427446734567
1337,-0.3930506537213003
1338,0.06973618083958384
1339,0.05623952561431677
1340,0.08185583434152961
1341,0.07790630984915889
1342,-0.29186469520906405
1343,-0.0371252638282802
1344,0.21078114219933763
1345,0.08957451738235758
1346,-0.08642499613130636
1347,0.18849349923138115
1348,-0.16829527398789135
1349,0.1650175306390216
1350,0.25210625240205264
1351,0.1772819723241966
1352,-0.19250495712557714
1353,-0.23317435008144147
1354,0.038642250281159106
1355,-0.21734447460549736
1356,-0.021053832425258847
1357,-0.0482237177034391
1358,0.08440809027544262
1359,-0.23999337035532267
1360,-0.18191651040923656
1361,-0.2622740188340238
1362,-0.2019485581405204
1363,-0.149742988819666
1364,0.5461925203425605
1365,-0.18688881894446704
1366,-0.03987061364451188
1367,-0.03779966910339857
1368,-0.06274926738456824
1369,-0.5619608959589422
1370,-0.1397463624996372
1371,-0.12210857145549024
1372,0.07268465594876562
1373,-0.16742104386337064
1374,-0.39957773744711633
1375,-0.37339018715947403
1376,-0.10936667261328065
1377,-0.4024999914212489
1378,-0.2043048260886071
1379,-0.10768552754434338
1380,-0.19111530749663833
1381,-0.3767085262901707
1382,-0.05298915417060602
1383,-0.18876320660436172
1384,0.1983611868581702
1385,-0.2626113358180639
1386,0.05856190462012342
1387,-0.11849900079276748
1388,-0.009969383445103949
1389,-0.11630141650795249
1390,0.32620459653550693
1391,-0.276662285400332
1392,-0.15808690851381357
1393,0.22238579915119097
1394,-0.31102323830569545
1395,0.4945368569325165
1396,-0.03109603890212562
1397,0.06450085902441811
1398,0.06859415624013353
1399,-0.0989506827001898
1400,-0.011714035384697494
1401,0.14443044912605144
1402,-0.3128213989931058
1403,-0.08175672051023232
1404,-0.21938409953022456
1405,-0.32757761094681054
1406,-0.19849198151841196
1407,0.21339989989889419
1408,-0.311923542838827
1409,0.2854542482116826
1410,0.09067520717717621
1411,0.18827536121279922
1412,0.006751935246558894
1413,-0.2469310520672494
1414,0.022930950289195742
1415,0.03330821366703699
1416,-0.1362625686187613
1417,-0.08959018070356356
1418,-0.14586908546309615
1419,0.21912488125102755
1420,-0.32332921797284037
1421,-0.04140524054295467
1422,-0.33135344526635124
1423,0.13938569292048003
1424,0.010448120680108525
1425,-0.1971758756017192
1426,-0.0707334216915642
1427,-0.27389583971396086
1428,-0.2780854543860008
1429,-0.16341886890455556
1430,-0.19424588142677957
1431,-0.1040179697898704
1432,-0.28678049759261853
1433,-0.07174251624654691
1434,-0.0659534436787196
1435,0.04178944326034023
1436,-0.20476577426823503
1437,0.2561036970867656
1438,-0.09028244554964998
1439,0.05854315242716705
1440,-0.29496588189497325
1441,-0.3988765623950591
1442,0.11551252318232845
1443,-0.1707385356936717
1444,-0.5247041012445948
1445,0.2113566056791816
1446,0.1743913822911169
1447,-0.3775860389270213
1448,-0.09884172401678443
1449,-0.04800424109056865
1450,-0.18101442962363914
1451,0.03505479875410442
1452,0.27458020309951414
1453,-0.041616307843596934
1454,-0.15599763712907042
1455,-0.2349816010291999
1456,-0.07996320836290355
1457,-0.2016433407775805
1458,-0.2806958568956431
1459,-0.1007989390057137
1460,-0.13905428974307588
1461,0.23398119346446827
1462,0.25464191878425807
1463,-0.3754413294178321
1464,-0.10072583433941824
1465,-0.036009915699219186
1466,-0.2594731059648546
1467,0.4006762348868335
1468,-0.15563597265084844
1469,-0.15431813383286336
1470,0.0058263467836216715
1471,-0.22311728070338324
1472,0.1444099546727755
1473,-0.1620641686177217
1474,0.15421236112624942
1475,-0.2687169995898382
1476,-0.36850530875848203
1477,-0.014154554755564352
1478,-0.19007236288225104
1479,0.040812751261334435
1480,-0.38255624803321026
1481,0.13734321677814043
1482,0.040992689966983485
1483,-0.10850021171273258
1484,0.12919346384101293
1485,-0.06941589410681007
1486,-0.18242644501138455
1487,0.011034231407105818
1488,0.19669143415405177
1489,-0.18688705325642185
1490,-0.3063522412851082
1491,-0.1665716224819637
1492,-0.10011387322387351
1493,-0.10983828892161483
1494,0.10314462466484771
1495,-0.025292909334172897
1496,-0.06716080476723545
1497,-0.03944358169051945
1498,-0.02881006135382404
1499,-0.3366246439054973
1500,-0.23540117500532898
1501,-0.07742179896736828
1502,-0.3927977133131715
1503,0.12014548515483274
1504,-0.19876089826173318
1505,-0.28907251527779476
1506,-0.11198159333073904
1507,-0.10016569382832535
1508,-0.12936935148237902
1509,-0.04898500963651211
1510,-0.1626326442028226
1511,-0.12197795202482449
1512,-0.13759066361395186
1513,0.2471845752670984
1514,-0.2512155172217166
1515,0.20053959031786778
1516,-0.021115854691147077
1517,-0.22351065384523092
1518,0.01568900079463893
1519,-0.17788662691521873
1520,-0.37077504330636346
1521,0.06503130952894441
1522,-0.011401748286332542
1523,-0.062827563285763
1524,-0.1270852881808472
1525,-0.04627516742042604
1526,-0.09470472091044489
1527,-0.16239063306722823
1528,-0.07744282650836799
1529,0.272313834473525
1530,0.42534936831948683
1531,0.19646561867436838
1532,-0.1937037831548883
1533,0.06445488150418165
1534,-0.2023642856969628
1535,0.1502371971998229
1536,-0.060614989215310534
1537,0.19010842337309594
1538,-0.1367479647734656
1539,-0.08510181237062825
1540,0.13507290253820917
1541,-0.004834920023310115
1542,0.040066034830032404
1543,0.14986588730863806
1544,-0.1387668628841552
1545,0.08860953611093696
1546,-0.20518416392844377
1547,-0.03992632611968544
1548,-0.015046515188813085
1549,-0.04894605064764486
1550,0.16190840069073723
1551,0.05425143270997937
1552,-0.23978789920410246
1553,-0.11664847709165659
1554,-0.22613474534385178
1555,-0.14941366277274729
1556,-0.3048423160443753
1557,-0.07279205142972585
1558,-0.4423139250914142
1559,0.2907799677196026
1560,-0.14707096197711894
1561,-0.23933756770077697
1562,-0.06693051720006714
1563,-0.27085501798417505
1564,-0.40018821722691755
1565,-0.11264509171988446
1566,-0.011495448589133306
1567,-0.10116229279763556
1568,0.266058639517949
1569,0.07543673739025156
1570,-0.16348240404003986
1571,-0.25541630543511634
1572,0.02832559780530882
1573,-0.3131928544925062
1574,-0.2706544312136729
1575,-0.12183081159547737
1576,0.11597751355709786
1577,-0.05838271954359769
1578,-0.19263430001833604
1579,-0.09634092005194458
1580,-0.12705118352163117
1581,-0.10099231466562275
1582,-0.1588205114442873
1583,0.2021374436367728
1584,-0.005315157289402389
1585,-0.07464306347481757
1586,0.016721621937589762
1587,-0.2691176657144997
1588,-0.3511119493217323
1589,0.29677905401180155
1590,-0.2769601573779839
1591,-0.35793317147234666
1592,-0.26395419498125655
1593,0.11974721350109677
1594,-0.07226765310200092
1595,-0.14179503113121303
1596,0.1640941448788918
1597,-0.10457657114007973
1598,-0.20305434146919055
1599,-0.014138390453130041
1600,-0.26397736186869347
1601,-0.0739037479603463
1602,0.09298040653079337
1603,-0.2725825088284169
1604,-0.2604142614943368
1605,-0.48961838276201447
1606,-0.25023605274450955
1607,0.16667079587929082
1608,0.4302641835736736
1609,0.06962692865362728
1610,-0.23051688788853578
1611,-0.20339792561312356
1612,-0.0370211095268277
1613,-0.14298976029906688
1614,0.18330494583473833
1615,-0.3331904179857184
1616,-0.2697726348599382
1617,-0.5551076351321259
1618,-0.2069263747276285
1619,-0.10131623569157053
1620,-0.0842865806246977
1621,-0.058733259944643894
1622,-0.14546651358779794
1623,-0.10798283861686547
1624,0.15263401844489652
1625,-0.2563857959965834
1626,-0.18526934975976053
1627,-0.10623434572152472
1628,-0.15897929607899394
1629,-0.4189340119874541
1630,-0.2148048847303779
1631,-0.28592569311468624
1632,-0.33139341624988494
1633,0.1552642835734567
1634,-0.006008577024133294
1635,-0.1672578382996633
1636,-0.03785727492696445
1637,0.04228127699694431
1638,-0.0206260235993633
1639,-0.385786075927207
1640,-0.37787714521326277
1641,-0.0031971055608007006
1642,0.25755168949417473
1643,-0.14426850967530797
1644,-0.21004858049099526
1645,-0.001308364663899723
1646,0.25890306018387466
1647,-0.025594094093982132
1648,-0.0429587811283676
1649,0.12427783145935425
1650,-0.030987040600624943
1651,-0.3659124414250268
1652,0.21509048340114165
1653,0.39321167201843116
1654,-0.2273492959408561
1655,0.03111189239899772
1656,-0.11116812664884283
1657,0.05328470783667747
1658,0.019280720035252507
1659,0.06740821397251363
1660,0.295296658908632
1661,-0.1591408652855995
1662,-0.14347437658122528
1663,0.10854670983387846
1664,-0.21103190260766508
1665,-0.09113324883852106
1666,-0.020220057280780763
1667,-0.08038782293263134
1668,-0.19054111823243552
1669,-0.08627154212017223
1670,0.101829190000764
1671,0.19159188882077313
1672,0.19567624283695217
1673,-0.17076229335873028
1674,-0.04758055571983658
1675,-0.13360930862742057
1676,-0.16337589232142166
1677,-0.024219436770982306
1678,-0.20408360128470004
1679,-0.11674210522724697
1680,0.1920652197169573
1681,-0.0822190452881681
1682,-0.28737217365254103
1683,0.09108541561515773
1684,-0.3670766703894568
1685,-0.2695185649233733
1686,0.06638105104258991
1687,-0.05513943903157822
1688,0.1869914484432884
1689,-0.046227366341007325
1690,0.09293343575160186
1691,0.022566392373392606
1692,0.37229882785103363
1693,-0.26590739540616215
1694,-0.2670468249537307
1695,-0.26629586662891824
1696,-0.29756274927943116
1697,-0.16388099691004698
1698,-0.3194150561786085
1699,-0.16159070467423356
1700,0.19250930332469238
1701,-0.3566218101673271
1702,0.055882029415234576
1703,-0.17462312971850574
1704,-0.05592220599130041
1705,0.25055412800531407
1706,0.2545266604974684
1707,0.008632281557600548
1708,-0.3844759306628136
1709,-0.2430405044234783
1710,-0.05940846352152607
1711,0.03143057963357958
1712,-0.352473869959827
1713,0.10723705527403594
1714,-0.21100308010795002
1715,-0.2860981572871551
1716,-0.25383078245776336
1717,-0.13846975659571714
1718,-0.08356369256332365
1719,0.004128857622922598
1720,-0.05531811604732445
1721,0.15194999451197427
1722,-0.17674568030486937
1723,-0.2040213960661547
1724,0.5710196173904959
1725,-0.03856964378660387
1726,0.03658288450752538
1727,-0.24183462084940058
1728,0.1548897438846977
1729,-0.09052192286255299
1730,0.06287516922171883
1731,-0.18200330711085488
1732,-0.4294764085017974
1733,0.033564833752277194
1734,0.5561526674859408
1735,-0.2836348996850497
1736,0.04321036084483024
1737,-0.3340692494631756
1738,0.1066820652373378
1739,0.02883022426294993
1740,-0.29254209439417733
1741,0.07793379995610804
1742,-0.1745758939712811
1743,-0.13160918673156963
1744,-0.11994560790146351
1745,0.12329475697132292
1746,-0.1735147243823821
1747,0.3008561630422759
1748,-0.2525097681295508
1749,-0.0065171342467660685
1750,-0.016915794970756057
1751,-0.28753557516578576
1752,0.2604036075415216
1753,-0.2675056222976925
1754,0.039199352292033085
1755,-0.42099510124907563
1756,-0.1889933075293901
1757,-0.43537616505302185
1758,0.1696089811484428
1759,-0.2328814012343512
1760,-0.01442545469692826
1761,-0.10009766376676855
1762,-0.438646319565256
1763,0.027352625944535587
1764,-0.05310332101101249
1765,-0.31333956438959387
1766,0.13822034922822787
1767,-0.22372087852371147
1768,-0.09749302136980563
1769,-0.20117189497288696
1770,-0.32669601398058634
1771,-0.09720083050386188
1772,0.38613719221691717
1773,0.06783597594365168
1774,-0.31440644922182515
1775,-0.08491921138982818
1776,-0.3794340307661824
1777,-0.2935908657695045
1778,0.006995149896884667
1779,-0.05506768328038204
1780,-0.10268346077892145
1781,-0.02641100752536787
1782,-0.1940094621498054
1783,-0.02710089192902446
1784,0.09451317289400481
1785,-0.06698465442775134
1786,-0.2693714980172246
1787,-0.1588754499122063
1788,-0.12466350345317335
1789,-0.14137547830152572
1790,-0.11448581800161982
1791,-0.0645586950060227
1792,-0.13668778061591808
1793,-0.29401745400379936
1794,-0.05526458212900589
1795,-0.23235257256480996
1796,-0.10881429915613358
1797,-0.12879173193336435
1798,0.05665269479434877
1799,-0.1798068615430255
1800,0.07321815071395973
1801,0.2880506325326278
1802,0.003755446055907123
1803,-0.2908541829640814
1804,-0.08293778042022006
1805,-0.19158886252235469
1806,0.4514769920696535
1807,-0.0555567341218586
1808,-0.22833540862367802
1809,-0.2138579087132457
1810,-0.1166444819308763
1811,0.11998045281536955
1812,0.11671943947092313
1813,-0.21595375347752024
1814,-0.15620243256912256
1815,-0.12754588607582176
1816,-0.2349521815638658
1817,0.09963500828815158
1818,-0.07708647494280967
1819,-0.0043411705168278705
1820,-0.05335458268116525
1821,-0.012346907546444304
1822,0.1798768692460746
1823,-0.22100911871684498
1824,-0.16456087642410516
1825,-0.1972494625094241
1826,0.13856522243673305
1827,-0.15519129565878512
1828,0.18917778894581125
1829,0.025713575847178257
1830,-0.019979618293248957
1831,0.11895556959102638
1832,0.3515666879138256
1833,-0.1482494300547735
1834,-0.3228360360188752
1835,-0.19956159202142246
1836,0.09821978908920152
1837,-0.007346858288430136
1838,0.31311971625657536
1839,0.15917637911755053
1840,-0.23340204506703394
1841,0.04939461835682539
1842,-0.10386912473051442
1843,-0.34501417887004826
1844,0.01911551571098283
1845,0.0500590263322511
1846,0.25987311217929215
1847,0.08723143100372888
1848,0.2808046660703544
1849,0.05966817479402869
1850,-0.07890845748063545
1851,0.14866780920260927
1852,-0.2607831348400038
1853,-0.2942244321845904
1854,-0.25636975803339035
1855,0.009916310816812973
1856,-0.4812810101823027
1857,0.13201576144647037
1858,-0.3316242147287361
1859,-0.2066635453789765
1860,-0.04865839144466196
1861,-0.14478991939907915
1862,-0.20396169411918877
1863,-0.20660685697143974
1864,-0.025951170348563982
1865,-0.14448458531513672
1866,-0.10367582344015801
1867,0.20547719110820822
1868,-0.3859953516554217
1869,0.08439497633064873
1870,-0.19488266573623084
1871,0.041823838309840114
1872,-0.0573948645206526
1873,-0.16602828087078175
1874,-0.36282629832292607
1875,-0.4112139072960486
1876,-0.3150098281395539
1877,-0.2995068244803133
1878,-0.05952765270703848
1879,-0.14151683236417142
1880,-0.17108907165596993
1881,-0.2899754500375025
1882,-0.31999402481315353
1883,0.018992505183080703
1884,-0.12261110403582981
1885,-0.2690257173854676
1886,-0.2587436452855723
1887,0.1431255381448585
1888,0.2526933120985523
1889,-0.20066455136256114
1890,-0.22392709058181903
1891,0.01133173846447996
1892,0.07421490517733367
1893,0.294794896849175
1894,0.09150500849015274
1895,-0.16902414826662088
1896,-0.08437902658272675
1897,-0.37914851668959454
1898,-0.3530293355620732
1899,-0.19683267571930788
1900,0.25080219673763043
1901,0.07707281105704879
1902,-0.025703963573459356
1903,0.11481516285868329
1904,-0.11709404908191845
1905,-0.02751130353371243
1906,-0.04634110706964575
1907,-0.05937656353490139
1908,0.05119030286935858
1909,-0.09701121253045049
1910,-0.09474387190254398
1911,0.324598379648063
1912,-0.03538042954186646
1913,-0.11048083384450923
1914,-0.026491224412193915
1915,-0.13302385522836083
1916,-0.18205067825134516
1917,0.2138430841828079
1918,-0.11821646978428008
1919,-0.3488860282077877
1920,-0.0074107322754702505
1921,0.32074894622358846
1922,0.1553142174420067
1923,-0.03191199306559596
1924,-0.36509901052462373
1925,-0.06623821759367018
1926,-0.37303062393348013
1927,-0.1982181539075745
1928,-0.3259104795093126
1929,-0.06760425607268819
1930,-0.08544970934653726
1931,-0.3434665268096954
1932,-0.37964302801638816
1933,0.1250973262066359
1934,-0.09885492062641171
1935,-0.09319468312839513
1936,0.22541173663555097
1937,-0.24467239388727807
1938,0.1010222803650173
1939,-0.21226869747415927
1940,0.3576121290599497
1941,-0.10764130112362195
1942,-0.14710453781243732
1943,-0.18347084908314423
1944,0.11777062841397186
1945,-0.06182093661997263
1946,-0.20710207526457994
1947,0.12014151558830853
1948,-0.2032581605286266
1949,-0.26357900448118743
1950,-0.15721665511794936
1951,-0.175289417549466
1952,-0.3296608028341393
1953,-0.2554867208203362
1954,-0.1795461931131492
1955,-0.18039874408913634
1956,-2.0288849800639068e-05
1957,-0.1568459682928138
1958,-0.05406665554811503
1959,-0.2865515607576879
1960,-0.27941917184660675
1961,0.08723277116951567
1962,-0.13769623348390783
1963,-0.18771600639867167
1964,-0.012462408785491132
1965,-0.030819566996127826
1966,-0.06273901765782347
1967,-0.11295293461950764
1968,-0.07428175153952808
1969,-0.03394261225961866
1970,-0.2828832346781378
1971,-0.10089414260786489
1972,-0.0964108523726293
1973,-0.0043023884573542915
1974,-0.17709426214083088
1975,0.1006546394639905
1976,-0.13657781892490986
1977,-0.020259397481570494
1978,-0.2459625031691555
1979,-0.16217604261084378
1980,-0.3274259682424096
1981,0.002123075082902088
1982,0.06067609289547267
1983,-0.18436538763515825
1984,-0.12870785360640055
1985,0.17010368455683406
1986,0.11868647165003905
1987,0.18181140126636766
1988,-0.07977898138628452
1989,-0.28165038142729554
1990,0.15040430931299678
1991,0.0859766087862957
1992,0.00917878457695072
1993,-0.4125000119000365
1994,0.14640622573537168
1995,-0.117253073701993
1996,-0.3871752292944475
1997,-0.1721785705153945
1998,-0.05517671233285469
1999,-0.12609928092630088
