w2026,w2027,w2028,clean_valid_mae,clean_valid_pearson,q2c2_mae,q2c2_pearson,seed2028_clean_pearson,seed2028_q2c2_pearson,clean_pearson_preserved,q2c2_pearson_preserved,feasible,mean_mae,mean_pearson
0.1,0.0,0.9,0.5763591455930209,0.6726189765783035,0.575969565542681,0.6722739521391697,0.6722288750072771,0.6720929511659574,True,True,True,0.576164355567851,0.6724464643587367
0.2,0.0,0.8,0.5764189730510934,0.6726849900565095,0.5759844028124624,0.6721632894500379,0.6722288750072771,0.6720929511659574,True,True,True,0.576201687931778,0.6724241397532738
0.0,0.0,1.0,0.5765798228004804,0.6722288750072771,0.5763042371629103,0.6720929511659574,0.6722288750072771,0.6720929511659574,True,True,True,0.5764420299816954,0.6721609130866173
0.3,0.0,0.7,0.5767301049738467,0.6724475099207726,0.5763620511522477,0.6717787186912629,0.6722288750072771,0.6720929511659574,True,True,True,0.5765460780630471,0.6721131143060177
0.1,0.1,0.8,0.5773662923988733,0.6722814068386336,0.5769330297102094,0.6720348951409674,0.6722288750072771,0.6720929511659574,True,True,True,0.5771496610545414,0.6721581509898005
0.0,0.1,0.9,0.5773784588858649,0.6721533213540486,0.5769234508371507,0.6720921726788969,0.6722288750072771,0.6720929511659574,True,True,True,0.5771509548615078,0.6721227470164728
0.4,0.0,0.6,0.5775276515387244,0.6719269921698995,0.5770824679169209,0.6711379003425347,0.6722288750072771,0.6720929511659574,True,True,True,0.5773050597278226,0.6715324462562171
0.2,0.1,0.7,0.5776796338690834,0.672106342983947,0.5772694513395483,0.6717051527898255,0.6722288750072771,0.6720929511659574,True,True,True,0.5774745426043159,0.6719057478868862
0.3,0.1,0.6,0.5784091323982556,0.6716481993480197,0.5779683769960071,0.6711201838752912,0.6722288750072771,0.6720929511659574,True,True,True,0.5781887546971314,0.6713841916116554
0.0,0.2,0.8,0.5786149979006131,0.6717493034698351,0.5781017178552673,0.6717806443313705,0.6722288750072771,0.6720929511659574,True,True,True,0.5783583578779402,0.6717649739006029
0.5,0.0,0.5,0.578678686560674,0.6711435905226488,0.5781166330848676,0.670258268929275,0.6722288750072771,0.6720929511659574,True,True,True,0.5783976598227708,0.6707009297259618
0.1,0.2,0.7,0.5788912447476453,0.6716383925140332,0.5784192826546118,0.6715070133534196,0.6722288750072771,0.6720929511659574,True,True,True,0.5786552637011286,0.6715727029337264
0.4,0.1,0.5,0.5795333246976793,0.6709267812804411,0.578982823257936,0.6702970314783172,0.6722288750072771,0.6720929511659574,True,True,True,0.5792580739778077,0.6706119063793792
0.2,0.2,0.6,0.5795714329109415,0.6712444927919748,0.5790902630729153,0.670979282881252,0.6722288750072771,0.6720929511659574,True,True,True,0.5793308479919284,0.6711118878366134
0.0,0.3,0.7,0.580278622125695,0.6710475098224031,0.5797748571744368,0.6711892786158238,0.6722288750072771,0.6720929511659574,True,True,True,0.5800267396500659,0.6711183942191135
0.3,0.2,0.5,0.5805698620626233,0.6705870473957725,0.5800815696007275,0.6702140983203243,0.6722288750072771,0.6720929511659574,True,True,True,0.5803257158316755,0.6704005728580484
0.1,0.3,0.6,0.5809056057420733,0.6707195189181058,0.5804123305698563,0.670719968926062,0.6722288750072771,0.6720929511659574,True,True,True,0.5806589681559648,0.6707197439220839
0.6,0.0,0.4,0.5802049645560455,0.6701170164419454,0.5794527016608306,0.6691569198253824,0.6722288750072771,0.6720929511659574,False,False,False,0.579828833108438,0.6696369681336639
0.5,0.1,0.4,0.5810264879735288,0.6699614901188471,0.5802809791169579,0.6692524317373354,0.6722288750072771,0.6720929511659574,False,False,False,0.5806537335452433,0.6696069609280912
0.7,0.0,0.3,0.5820172864043123,0.6688664222082323,0.5810773798567725,0.6678505132653273,0.6722288750072771,0.6720929511659574,False,False,False,0.5815473331305424,0.6683584677367798
0.2,0.3,0.5,0.5818957403998126,0.6701278337210537,0.581386066042478,0.6700140346255409,0.6722288750072771,0.6720929511659574,False,False,False,0.5816409032211454,0.6700709341732973
0.4,0.2,0.4,0.5820316798452821,0.6696851335704195,0.5813366293351327,0.6692278297014052,0.6722288750072771,0.6720929511659574,False,False,False,0.5816841545902074,0.6694564816359123
0.0,0.4,0.6,0.5824293982892574,0.6700770247291985,0.5819369990074773,0.6703470189474648,0.6722288750072771,0.6720929511659574,False,True,False,0.5821831986483674,0.6702120218383316
0.6,0.1,0.3,0.5826993470540741,0.6687712056919477,0.58185477329343,0.6680027185343126,0.6722288750072771,0.6720929511659574,False,False,False,0.5822770601737521,0.6683869621131302
0.3,0.3,0.4,0.5832389150224216,0.6692911944353499,0.5826232728168314,0.669087473860287,0.6722288750072771,0.6720929511659574,False,False,False,0.5829310939196265,0.6691893341478184
0.1,0.4,0.5,0.5833647452581386,0.6695526874785764,0.5828956680724873,0.6697014179633501,0.6722288750072771,0.6720929511659574,False,False,False,0.583130206665313,0.6696270527209633
0.5,0.2,0.3,0.5836593650240492,0.6685573448438019,0.5828628386932816,0.6680364771803,0.6722288750072771,0.6720929511659574,False,False,False,0.5832611018586654,0.6682969110120509
0.8,0.0,0.2,0.584190447763591,0.6674103058233619,0.5831180995339768,0.6663551948084093,0.6722288750072771,0.6720929511659574,False,False,False,0.5836542736487839,0.6668827503158856
0.7,0.1,0.2,0.584818780491804,0.667374190045307,0.5838509654281013,0.6665637439834351,0.6722288750072771,0.6720929511659574,False,False,False,0.5843348729599527,0.666968967014371
0.2,0.4,0.4,0.5846382420018806,0.6687830239087668,0.5841409112846931,0.6688357432198898,0.6722288750072771,0.6720929511659574,False,False,False,0.584389576643287,0.6688093835643283
0.4,0.3,0.3,0.58485661792968,0.6682278953011547,0.5841461152723457,0.6679559466702889,0.6722288750072771,0.6720929511659574,False,False,False,0.5845013666010128,0.6680919209857218
0.0,0.5,0.5,0.5850291038648441,0.668865242714124,0.5846334087747684,0.6692808221944063,0.6722288750072771,0.6720929511659574,False,False,False,0.5848312563198063,0.6690730324542651
0.6,0.2,0.2,0.585751417496211,0.6672216937471088,0.5848118561594514,0.6666555916887892,0.6722288750072771,0.6720929511659574,False,False,False,0.5852816368278312,0.666938642717949
0.3,0.4,0.3,0.5862546704668593,0.6677860168834687,0.5856833234726836,0.6677653092236561,0.6722288750072771,0.6720929511659574,False,False,False,0.5859689969697714,0.6677756630535624
0.1,0.5,0.4,0.5862299992856417,0.6681640621386727,0.585890902028543,0.6684770201738167,0.6722288750072771,0.6720929511659574,False,False,False,0.5860604506570923,0.6683205411562447
0.9,0.0,0.1,0.5868059704305378,0.6657664362027241,0.5854824399637908,0.664686531253191,0.6722288750072771,0.6720929511659574,False,False,False,0.5861442051971644,0.6652264837279576
0.5,0.3,0.2,0.5868529467341992,0.6669556864887494,0.586055605088671,0.6666346959390429,0.6722288750072771,0.6720929511659574,False,False,False,0.5864542759114351,0.6667951912138961
0.8,0.1,0.1,0.587559380836703,0.6657880109766938,0.5862415355131922,0.6649508138219473,0.6722288750072771,0.6720929511659574,False,False,False,0.5869004581749476,0.6653694123993206
0.2,0.5,0.3,0.5878122084948061,0.6672349599113211,0.5874365659872292,0.6674687569823384,0.6722288750072771,0.6720929511659574,False,False,False,0.5876243872410176,0.6673518584468298
0.7,0.2,0.1,0.5884361635893584,0.6656955338402152,0.5872045320417091,0.6651002099338242,0.6722288750072771,0.6720929511659574,False,False,False,0.5878203478155337,0.6653978718870197
0.4,0.4,0.2,0.5881760104549127,0.6665791421178906,0.5875556211278151,0.6665050448131669,0.6722288750072771,0.6720929511659574,False,False,False,0.5878658157913639,0.6665420934655287
0.0,0.6,0.4,0.5880091181536625,0.6674378239171314,0.5878448641821469,0.6680156760738625,0.6722288750072771,0.6720929511659574,False,False,False,0.5879269911679047,0.6677267499954969
0.6,0.3,0.1,0.5894874169644746,0.6654916947693946,0.5884001084609964,0.665138482133871,0.6722288750072771,0.6720929511659574,False,False,False,0.5889437627127355,0.6653150884516328
1.0,0.0,0.0,0.5898934507967679,0.6639517968975472,0.5881461019885882,0.6628594608269816,0.6722288750072771,0.6720929511659574,False,False,False,0.5890197763926781,0.6634056288622644
0.1,0.6,0.3,0.5895236086919085,0.6665780517574289,0.5893852560172114,0.6670704781279723,0.6722288750072771,0.6720929511659574,False,False,False,0.5894544323545599,0.6668242649427005
0.3,0.5,0.2,0.5896451022148459,0.6660951259857503,0.5892796018831568,0.6662706422785476,0.6722288750072771,0.6720929511659574,False,False,False,0.5894623520490013,0.6661828841321489
0.9,0.1,0.0,0.5905905415600801,0.6640294837425431,0.5889046901252498,0.6631786366269212,0.6722288750072771,0.6720929511659574,False,False,False,0.5897476158426649,0.6636040601847322
0.5,0.4,0.1,0.5906602612604479,0.6651792876575956,0.5898235885676119,0.6650694277726318,0.6722288750072771,0.6720929511659574,False,False,False,0.5902419249140298,0.6651243577151137
0.8,0.2,0.0,0.5913833609362552,0.663995499522974,0.5898548168869138,0.6633848027646373,0.6722288750072771,0.6720929511659574,False,False,False,0.5906190889115845,0.6636901511438056
0.2,0.6,0.2,0.5913763042539358,0.6655067823391626,0.591208804142144,0.6659354948686178,0.6722288750072771,0.6720929511659574,False,False,False,0.5912925541980399,0.6657211386038902
0.0,0.7,0.3,0.5914552127471664,0.6658186837065078,0.5914826385887005,0.6665746439690412,0.6722288750072771,0.6720929511659574,False,False,False,0.5914689256679335,0.6661966638377745
0.7,0.3,0.0,0.5923711379191704,0.6638523615624755,0.5910290829590789,0.6634815309491628,0.6722288750072771,0.6720929511659574,False,False,False,0.5917001104391246,0.6636669462558191
0.4,0.5,0.1,0.5920259837798036,0.6647611983979533,0.5914765328511832,0.6648968654871548,0.6722288750072771,0.6720929511659574,False,False,False,0.5917512583154934,0.664829031942554
0.6,0.4,0.0,0.5935341309919789,0.6636026903014671,0.5924220157998713,0.6634724318785614,0.6722288750072771,0.6720929511659574,False,False,False,0.5929780733959251,0.6635375610900143
0.1,0.7,0.2,0.5933066472779591,0.6648173219615358,0.5933011438713952,0.6655035992400941,0.6722288750072771,0.6720929511659574,False,False,False,0.5933038955746772,0.6651604606008149
0.3,0.6,0.1,0.5935951668196,0.6642403930928438,0.5933650246068781,0.6646246224482022,0.6722288750072771,0.6720929511659574,False,False,False,0.5934800957132391,0.664432507770523
0.5,0.5,0.0,0.59482521271067,0.6632491982124968,0.5940204820276144,0.663361142376467,0.6722288750072771,0.6720929511659574,False,False,False,0.5944228473691422,0.6633051702944819
0.0,0.8,0.2,0.595333684493716,0.6640300101285284,0.5955457213387276,0.6649789306252852,0.6722288750072771,0.6720929511659574,False,False,False,0.5954397029162218,0.6645044703769067
0.2,0.7,0.1,0.5954866129659362,0.6636199064587859,0.5954329144639009,0.6642565224019019,0.6722288750072771,0.6720929511659574,False,False,False,0.5954597637149186,0.6639382144303438
0.4,0.6,0.0,0.5962822298959389,0.6627946787995227,0.595865485284009,0.6631513132134416,0.6722288750072771,0.6720929511659574,False,False,False,0.596073857589974,0.6629729960064821
0.1,0.8,0.1,0.5974424678095422,0.6629028304892907,0.5976717602077677,0.6637963745243494,0.6722288750072771,0.6720929511659574,False,False,False,0.597557114008655,0.66334960250682
0.3,0.7,0.0,0.5980403843202762,0.6622419957453325,0.5979156424389909,0.6628465976429762,0.6722288750072771,0.6720929511659574,False,False,False,0.5979780133796335,0.6625442966941544
0.0,0.9,0.1,0.5994575969670173,0.6620923034319379,0.6001109742591559,0.663247963098776,0.6722288750072771,0.6720929511659574,False,False,False,0.5997842856130866,0.662670133265357
0.2,0.8,0.0,0.5999338054763419,0.661594072266166,0.6001471510526789,0.6624506406730862,0.6722288750072771,0.6720929511659574,False,False,False,0.6000404782645103,0.6620223564696261
0.1,0.9,0.0,0.6020188807172108,0.6608538807271743,0.602569657744924,0.6619670690862093,0.6722288750072771,0.6720929511659574,False,False,False,0.6022942692310673,0.6614104749066918
0.0,1.0,0.0,0.6042719348487291,0.6600244325667375,0.6052254859148838,0.6613994822124741,0.6722288750072771,0.6720929511659574,False,False,False,0.6047487103818064,0.6607119573896059
