sample_index,sample_id,word_index,word,wordpiece_tokens,wordpiece_start,wordpiece_end,signed_cls_effect,classification_sensitivity,support_cls,regression_effect,combined_score,combined_score_w1,combined_score_w2,combined_score_w3
1,01,0,replacing,replacing,1,1,0.41552734375,0.41552734375,0.41552734375,0.10867514212926228,0.1120774740744431,0.2723653095494082,0.07741965949303714,0.06380926546637809
1,01,1,these,these,2,2,-0.271240234375,0.686279296875,0.20751953125,0.07402344172199567,0.0625792451353044,0.002573311362867447,0.08156521084774415,0.07693504189649658
1,01,2,wear,wear,3,3,-0.7321370442708334,0.9079182942708334,0.087890625,0.07791341096162796,0.04207942270407965,0.008617591074475404,0.016444032907759563,0.09108398571958135
1,01,3,components,components,4,4,-0.1446533203125,0.2517496744791667,0.053548177083333336,0.09005534773071608,0.03988241997816873,0.01741472633027016,0.034767153387815636,0.06011542551364876
1,01,4,when,when,5,5,-0.11979166666666667,0.36718749999999994,0.12369791666666667,0.09103191147247951,0.05299309097724988,0.015679242155899907,0.06002639186491418,0.06772039806215897
1,01,5,replacing,replacing,6,6,0.017089843750000007,0.20686848958333334,0.11197916666666667,0.06972657019893329,0.04373076046279702,0.015918616134595127,0.048704658564054384,0.05459462163204048
1,01,6,the,the,7,7,-0.49312337239583337,0.5338134765625,0.020345052083333332,0.05029296254118284,0.02053084935109749,0.011071206316463284,0.024827268195704567,0.02339098375427539
1,01,7,timing,timing,8,8,-0.5358479817708333,0.5358479817708333,0.0,0.05526528755823771,0.018486452793268354,0.027558342499108535,0.021142327020196465,0.009310820599599486
1,01,8,belt,belt,9,9,-0.4771728515625,0.4771728515625,0.0,0.07478840028246243,0.025017009634643917,0.0356672615859736,0.022132654719510928,0.01995906848677305
1,01,9,is,is,10,10,-0.5625,0.5625,0.0,0.07290851324796677,0.02438818013867396,0.027378807449321137,0.02678488781402794,0.01991521800958034
1,01,10,essential,essential,11,11,-0.78759765625,0.78759765625,0.0,0.05661619702974956,0.018938337245091138,0.023937753999268563,0.014463377509130638,0.019535185744675335
1,01,11,to,to,12,12,-0.7784830729166666,0.7784830729166666,0.0,0.03879393140474956,0.012976720347713,0.020227402540300875,0.00983417316645837,0.010655554441432416
1,01,12,ensuring,ensuring,13,13,-0.6841634114583333,0.709228515625,0.012532552083333334,0.028198232253392536,0.011716335592762478,0.009216035152745418,0.008912938751138945,0.016228795179429538
1,01,13,the,the,14,14,-0.2811686197916667,0.3389485677083333,0.028889973958333336,0.026692702124516167,0.014193687397771607,0.011968872433868304,0.005062926826979726,0.024423299833851123
1,01,14,new,new,15,15,-0.06644694010416666,0.12422688802083334,0.028889973958333336,0.0601888100306193,0.025398265260718027,0.035068826639235544,0.015058322341733724,0.02806285375559929
1,01,15,belt,belt,16,16,-0.187255859375,0.255615234375,0.0341796875,0.07392579192916553,0.030957330144932155,0.02746858867151277,0.020589591290927377,0.043415250449776774
1,01,16,performs,performs,17,17,-0.13798014322916666,0.3730061848958333,0.11751302083333333,0.09471029664079349,0.05309639687060018,0.02561340837626295,0.06379085600329802,0.05559704480056085
1,01,17,to,to,18,18,-0.015625000000000007,0.3271484375,0.15576171875,0.10244955743352573,0.06265560764291045,0.020706168760755234,0.06934129476128972,0.07960805124843759
1,01,18,its,its,19,19,0.2577311197916667,0.3807779947916667,0.3192545572916667,0.1253987761835257,0.10012695424635043,0.11396490117785268,0.08560720932928917,0.10645839496024445
1,01,19,mileage,mile ##age,20,21,0.7110188802083333,0.7110188802083333,0.7110188802083333,0.09347331896424294,0.1608424379592645,0.27345436730236455,0.18220777632050625,0.07981154239599099
1,01,20,requirements,requirements,22,22,0.14737955729166669,0.4828287760416667,0.3151041666666667,0.029622397075096764,0.06733302204215943,0.004129260487450308,0.11131728888448311,0.04936919804946918
2,02,0,we,we,1,1,0.7623494466145834,0.7623494466145834,0.7623494466145834,0.054199210057655975,0.022262785185706537,0.018424042930835202,0.03244394026787233,0.014920932628275211
2,02,1,want,want,2,2,1.4539896647135415,1.4539896647135415,1.4539896647135415,0.17939451709389687,0.04548239486380086,0.07471830989103448,0.04546890805077871,0.03344836831359824
2,02,2,to,to,3,3,0.5862019856770834,0.7024129231770834,0.6443074544270834,0.2769530924657981,0.02800311638827408,0.008140779299900754,0.026875548461826798,0.03886632970529879
2,02,3,live,live,4,4,1.385009765625,1.385009765625,1.385009765625,0.1463378556072712,0.04234898942632732,0.08093131108238555,0.02828599653628369,0.0383209169515586
2,02,4,by,by,5,5,1.1463317871093748,1.1463317871093748,1.1463317871093748,0.21487835546334583,0.03877769666830971,0.05347482579796893,0.03950483729819363,0.030306345408535634
2,02,5,each,each,6,6,0.37230428059895837,0.8347066243489584,0.6035054524739584,0.29744667932391167,0.027741451927218108,0.015599099902545403,0.030794067924410293,0.028667211128580075
2,02,6,other,other,7,7,-0.35050455729166663,0.6040852864583334,0.12679036458333334,0.3681315320233504,0.01797668501464094,0.017963344668913462,0.0154331810705408,0.018581771031617185
2,02,7,’,’,8,8,-1.5007731119791667,1.5007731119791667,0.0,0.6432291716337204,0.025566797557341436,0.03763283747563565,0.01722067188634415,0.02250254586892404
2,02,8,s,s,9,9,-1.9642740885416667,1.9642740885416667,0.0,0.7340169275800388,0.029175390387591052,0.01798771603539999,0.03220990083517907,0.036491617202427426
2,02,9,happiness,happiness,10,10,-3.513509114583333,3.513509114583333,0.0,1.5173176775376003,0.06030969303405522,0.06478502039193107,0.05785398248763222,0.058564414695384766
2,02,10,-,-,11,11,-2.5045572916666665,2.6276041666666665,0.0615234375,1.1378255312641463,0.04684860604059185,0.039533978860031994,0.049161864447900584,0.05043239268840574
2,02,11,not,not,12,12,-0.9608764648437499,1.8893025716145833,0.46421305338541663,0.6648937488595644,0.03867246377199478,0.020083846947268034,0.03860707650935556,0.050187428931698246
2,02,12,by,by,13,13,-0.18495686848958334,1.1133829752604167,0.46421305338541663,0.5211112176378568,0.03295745731684474,0.02837087025233052,0.03041732758426041,0.03405702394018638
2,02,13,each,each,14,14,-1.1668701171875,1.5504964192708335,0.19181315104166666,0.8014486332734426,0.036915094146489975,0.0344155232892581,0.031111705756744566,0.04195194440854454
2,02,14,other,other,15,15,-1.7927652994791667,1.7927652994791667,0.0,0.9964844137430191,0.03960783558759579,0.0406551621345415,0.04287643898746213,0.035543207938808566
2,02,15,’,’,16,16,-0.7646891276041667,2.525919596354167,0.880615234375,0.970117246111234,0.06178780065358379,0.036365411125743395,0.030071921877539952,0.10245689499903748
2,02,16,s,s,17,17,2.27685546875,3.878173828125,3.0775146484375,1.0671224345763524,0.12359115691191522,0.022082481235842277,0.15003763999787686,0.15469173664532512
2,02,17,misery,misery,18,18,6.0760498046875,6.0760498046875,6.0760498046875,1.3851888229449592,0.21532591221666275,0.35729600069181455,0.22058566897091086,0.1435775384265202
2,02,18,.,.,19,19,1.18359375,2.0517578125,1.61767578125,0.6032877812782923,0.06664867290105578,0.031539437986619116,0.08103932104888739,0.06643137908727371
3,03,0,there,there,1,1,-0.5005696614583334,0.5005696614583334,0.0,0.042879233757654824,0.004404824466691598,0.009905602844400683,0.0027948405594193705,0.00075449375115758
3,03,1,',',2,2,-0.7911376953125,0.7911376953125,0.0,0.07824706162015597,0.00803803009678685,0.009408768228352616,0.010950761141584055,0.0037823931160450284
3,03,2,s,s,3,3,-1.1483968098958333,1.1483968098958333,0.0,0.12218423932790756,0.012551533217162241,0.0181964979248112,0.015471177036360124,0.004189422161330798
3,03,3,one,one,4,4,-1.2718912760416667,1.2718912760416667,0.0,0.10434568921724954,0.01071904520159216,0.017854923534007396,0.009217813355896812,0.005390653002560852
3,03,4,lender,lend ##er,5,6,-1.256591796875,1.256591796875,0.0,0.07425128668546677,0.007627558974677071,0.007452488442641671,0.007315255328974082,0.008110800250830991
3,03,5,at,at,7,7,-1.0117594401041665,1.0117594401041665,0.0,0.08292642732461294,0.008518723960396527,0.00975034261915642,0.005884651146227439,0.009997033113902341
3,03,6,the,the,8,8,-0.7925211588541666,0.7925211588541666,0.0,0.06551107143362363,0.006729709115627367,0.009284561943423624,0.0018730603490510463,0.009182975780742104
3,03,7,moment,moment,9,9,-0.8650716145833333,0.8650716145833333,0.0,0.11622720335920651,0.011939589031494231,0.020960128038892686,0.00783145400212566,0.007435727891125919
3,03,8,which,which,10,10,-0.5882161458333333,0.6624348958333333,0.037109375,0.0994954283038775,0.018906510193445285,0.012948699468655425,0.010530429077599433,0.017794819197800564
3,03,9,i,i,11,11,-0.543701171875,0.6631673177083333,0.05973307291666667,0.09669594839215279,0.02391416811225415,0.013880260820121013,0.005973141929399777,0.02705215668436178
3,03,10,think,think,12,12,-0.05403645833333333,0.27018229166666663,0.10807291666666667,0.050846351931492485,0.030518495028785016,0.0006210409009770582,0.00796866194890385,0.040678909858773434
3,03,11,is,is,13,13,-0.20499674479166663,0.49666341145833337,0.14583333333333334,0.10565592100222905,0.04498697378110301,0.01276239004126194,0.006626548549329547,0.05779181508810703
3,03,12,just,just,14,14,-0.4253743489583333,0.6659342447916666,0.12027994791666667,0.11356606955329578,0.039818601589195715,0.015991800831076222,0.0021090350206963765,0.051209949701727236
3,03,13,bankwest,bank ##west,15,16,-1.3080444335937502,1.4577840169270835,0.07486979166666667,0.27523601055145264,0.04579778289384889,0.027108433906198773,0.027284729783897278,0.05158103215181582
3,03,14,who,who,17,17,-1.41192626953125,1.41192626953125,0.0,0.2655110793809096,0.027274967301064254,0.013942368700751561,0.039024536648923185,0.02819918236329252
3,03,15,don,don,18,18,-1.7442220052083333,1.8734537760416667,0.06461588541666667,0.361962911983331,0.052306915447536156,0.04853435209715636,0.03188625951062971,0.049932228364389306
3,03,16,',',19,19,-1.5916341145833333,1.7208658854166667,0.06461588541666667,0.29796549677848816,0.04573269861585155,0.02803999525766436,0.03536690673399343,0.04655686429363004
3,03,17,t,t,20,20,-1.6459554036458333,1.7751871744791667,0.06461588541666667,0.3371582093338172,0.04975882044805209,0.03536827978446007,0.03654678571832687,0.05028962046016344
3,03,18,take,take,21,21,-1.7970784505208333,1.7970784505208333,0.0,0.3297525954743226,0.033874259710647274,0.03586510966234208,0.030263923234770514,0.03561009215836828
3,03,19,rental,rental,22,22,-1.6256306966145833,1.6256306966145833,0.0,0.26227212573091185,0.026942241619336248,0.023506394785265415,0.03501294247608272,0.022088779580703984
3,03,20,income,income,23,23,-1.3964640299479167,1.6422322591145833,0.12288411458333333,0.2968465102215608,0.05925584451992394,0.03841137640871481,0.029305272896199958,0.05888015278850471
3,03,21,into,into,24,24,0.03881835937499997,0.6026204427083334,0.32071940104166663,0.1536987287302812,0.09085556636195742,0.00102471606516233,0.15699425652118584,0.08863228663171978
3,03,22,account,account,25,25,0.07584635416666666,0.5782877604166666,0.32706705729166663,0.1695271817346414,0.09396727885131351,0.0012420818019541163,0.16964095319440392,0.08926764867440425
3,03,23,",",",",26,26,-0.40034993489583337,0.6080322265624999,0.10384114583333333,0.08952432995041212,0.03350126390287303,0.002142591582187456,0.018413360483622854,0.043035183003933136
3,03,24,they,they,27,27,-0.9830729166666666,0.9830729166666666,0.0,0.07203774775067966,0.007400170339119093,0.009222454062793076,0.006843304860462065,0.006214639997857313
3,03,25,take,take,28,28,-1.2893066406249998,1.2893066406249998,0.0,0.1393228992819786,0.014312124115746632,0.01723388263303034,0.01483699102738588,0.010979859105047323
3,03,26,rental,rental,29,29,-1.52105712890625,1.52105712890625,0.0,0.18310545881589252,0.01880974388524489,0.022636941314430375,0.0229781633332254,0.010930221398124393
3,03,27,yield,yield,30,30,-1.20574951171875,1.26141357421875,0.02783203125,0.190283199151357,0.026061372212131954,0.02549372851129163,0.018804339246029495,0.022470765343270176
3,03,28,into,into,31,31,0.12418619791666666,0.27880859375,0.20149739583333331,0.12551269680261612,0.06005535805636599,0.5049993787790488,0.11526980947574154,0.05285131841095656
3,03,29,account,account,32,32,-0.11075846354166667,0.5039876302083334,0.19661458333333331,0.1129150427877903,0.05761839069360515,0.0032604647301295556,0.11373596510827605,0.05222588375817442
3,03,30,.,.,33,33,-0.11515299479166667,0.3072102864583333,0.09602864583333333,0.051839192708333336,0.02780143825617077,0.0029499442796410264,0.003244670301275678,0.03688309191717896
4,04,0,if,if,1,1,1.6835068066914876,1.6835068066914876,1.6835068066914876,0.7442789673805237,0.01876825018831997,0.035311411683751924,0.01494754510661097,0.009606549580937752
4,04,1,i,i,2,2,2.647543589274089,2.647543589274089,2.647543589274089,1.2368489305178325,0.030336863537459895,0.03286758974180366,0.034717072348472156,0.02421387945220928
4,04,2,blow,blow,3,3,3.023947397867839,3.023947397867839,3.023947397867839,1.4814941187699637,0.03550121613350667,0.028803572298300363,0.04010169030836443,0.036315445347859535
4,04,3,it,it,4,4,3.3943074544270835,3.3943074544270835,3.3943074544270835,1.641194651524226,0.039580165699597165,0.03880344549402953,0.03925596326248068,0.04052265008447739
4,04,4,at,at,5,5,3.0486653645833335,3.0486653645833335,3.0486653645833335,1.4670410354932149,0.03546272155770391,0.03142455903404486,0.03658969628099813,0.03752693768871511
4,04,5,the,the,6,6,3.1116472880045576,3.1116472880045576,3.1116472880045576,1.454215496778488,0.03566162283544979,0.03606983348359315,0.038624562712314445,0.032499994881961425
4,04,6,team,team,7,7,3.019175211588542,3.019175211588542,3.019175211588542,1.3037272393703458,0.03327446994596288,0.04138792384637571,0.03223585399107406,0.027968040627801546
4,04,7,exercise,exercise,8,8,2.151082356770833,2.151082356770833,2.151082356770833,0.9115397234757742,0.023492723246917542,0.019034888835355722,0.02254821786864916,0.027853011109376394
4,04,8,",",",",9,9,3.1790669759114585,3.1790669759114585,3.1790669759114585,1.4711426099141438,0.03625387420145434,0.04136569227955143,0.035543535290689154,0.03297056798493772
4,04,9,should,should,10,10,3.534912109375,3.534912109375,3.534912109375,1.7392415702342987,0.04159170985473532,0.049098624827159654,0.04255002700366119,0.03487172001189258
4,04,10,i,i,11,11,2.419219970703125,2.419219970703125,2.419219970703125,1.271793603897095,0.029472874714998563,0.034092860231565464,0.025541896704829422,0.0296641235123467
4,04,11,kiss,kiss,12,12,1.04144287109375,1.04144287109375,1.04144287109375,0.6558532814184824,0.014028547264587486,0.0071658451716665105,0.009736202922364434,0.023463843726817004
4,04,12,my,my,13,13,2.202473958333333,2.202473958333333,2.202473958333333,1.1264628618955612,0.026443931249190675,0.026223474041793086,0.024055794974617205,0.02892354367092475
4,04,13,chances,chances,14,14,3.3321367899576826,3.3321367899576826,3.3321367899576826,1.5527832210063934,0.03813318540126859,0.03068966160383556,0.043142495363594095,0.03918200292704534
4,04,14,of,of,15,15,3.7055867513020835,3.7055867513020835,3.7055867513020835,1.702783226966858,0.0421096466757565,0.03633627671948017,0.041972270672730204,0.046740349604972455
4,04,15,cheering,cheering,16,16,3.56976318359375,3.56976318359375,3.56976318359375,1.6549967726071677,0.040747161355059895,0.03514324855569256,0.04202659734506021,0.04388571020639352
4,04,16,"""","""",17,17,2.9504191080729165,2.9504191080729165,2.9504191080729165,1.4564290642738342,0.03477358385466349,0.027237136037672416,0.038925662346020115,0.03662528034075742
4,04,17,go,go,18,18,3.395258585611979,3.395258585611979,3.395258585611979,1.6377441783746083,0.039542870640573415,0.03613999405957649,0.036887047305412535,0.044682106481566855
4,04,18,blue,blue,19,19,3.9525146484375,3.9525146484375,3.9525146484375,1.8369629283746083,0.04517197765571898,0.037266637213254954,0.048326840774945486,0.04830583198627034
4,04,19,"""","""",20,20,5.094838460286458,5.094838460286458,5.094838460286458,2.3468587497870126,0.05796726434578244,0.0667237991942728,0.052114560772740806,0.05677522348406165
4,04,20,goodbye,goodbye,21,21,3.93212890625,3.93212890625,3.93212890625,1.9122884273529055,0.045988292572891984,0.04191485492507868,0.04768652170406554,0.04748912871908082
4,04,21,?,?,22,22,4.782063802083333,4.782063802083333,4.782063802083333,2.1295410494009657,0.05350233309371056,0.06692756191521997,0.04717390264018416,0.04911004337408532
4,04,22,],],23,23,3.9386444091796875,3.9386444091796875,3.9386444091796875,1.5985514918963115,0.04214317094939455,0.03044715273084667,0.037166690089599504,0.05590890422776415
4,04,23,absolutely,absolutely,24,24,5.634231567382813,5.634231567382813,5.634231567382813,2.1492025752862296,0.05858410033344254,0.05586027868764672,0.049682840749142324,0.06917189658613751
4,04,24,not,not,25,25,6.602915445963542,6.602915445963542,6.602915445963542,2.7101562917232513,0.0710252655475279,0.09071820608795379,0.07690600175545578,0.05013924379055014
4,04,25,.,.,26,26,2.7140299479166665,2.7140299479166665,2.7140299479166665,1.2148519655068715,0.030442177144324786,0.02294547130047813,0.04154050970592381,0.025583970591057305
5,05,0,hi,hi,1,1,0.21370442708333334,0.34749348958333337,0.28059895833333337,0.0943359484275182,0.10317361263224303,0.05653888673803078,0.004794662076327223,0.1807735551527711
5,05,1,",",",",2,2,-0.1103515625,0.6158854166666667,0.25276692708333337,0.16256508231163022,0.10837166385675318,0.04871447245973609,0.03787611728585456,0.18324847740514222
5,05,2,my,my,3,3,-0.18505859375,1.0558268229166667,0.43538411458333337,0.2968099117279053,0.1900078966012523,0.23978906304523345,0.07936038436627608,0.20663000889690836
5,05,3,name,name,4,4,-1.8992106119791665,1.8992106119791665,0.0,0.48873693744341534,0.09720819689612019,0.09472259967719084,0.14561184774278535,0.05327601915603229
5,05,4,is,is,5,5,-1.2014567057291665,1.2418212890625,0.020182291666666668,0.3434895525376002,0.07439025026594194,0.04194857063923195,0.10110485632546512,0.06521020676237693
5,05,5,chloe,chloe,6,6,-0.3053385416666667,0.5,0.09733072916666667,0.13642576336860657,0.056413922583734684,0.04702299700461005,0.10285923155067683,0.05173915262960627
5,05,6,",",",",7,7,-0.0009765624999999931,0.19563802083333331,0.09733072916666667,0.08824867010116577,0.04683165447704725,0.03179971790847573,0.1041100101958903,0.03526135895402585
5,05,7,video,video,8,8,-0.014485677083333336,0.20100911458333331,0.09326171875,0.07552080353101094,0.04307607282508342,0.02926514660765946,0.0900792628738618,0.03628796998205032
5,05,8,marketer,market ##er,9,10,0.05387369791666667,0.40413411458333337,0.22900390625,0.1132812350988388,0.09142081316756087,0.16511570288417782,0.1100212147471453,0.0412270410442665
5,05,9,for,for,11,11,-0.27587890625,0.36572265625,0.044921875,0.16992185016473135,0.04731042019744637,0.055677271909363904,0.03964175927280745,0.046893315249769175
5,05,10,red,red,12,12,-0.8451334635416667,0.8451334635416667,0.0,0.2542317161957423,0.05056586648529204,0.06562922701099645,0.04846778780974398,0.043832220531869505
5,05,11,wagon,wagon,13,13,-0.6739095052083334,0.6739095052083334,0.0,0.19537754356861117,0.03885996181022584,0.04330175616530621,0.041588481404299826,0.03373713076255221
5,05,12,marketing,marketing,14,14,-0.1259765625,0.2822265625,0.078125,0.05924480656782786,0.03528536313524868,0.054240867104297055,0.052141084479151986,0.017129084820734906
5,05,13,.,.,15,15,0.005208333333333332,0.06119791666666667,0.033203125,0.0356770803531011,0.01708430506605023,0.02623372084569024,0.04234329986971419,0.004754458651894362
6,06,0,if,if,1,1,0.4130859375,0.4765625,0.44482421875,0.09075520932674408,0.018719256849938387,0.035933145083313,0.012087701943424789,0.007715250686211033
6,06,1,you,you,2,2,0.3836263020833333,0.4471028645833333,0.4153645833333333,0.13092449307441711,0.021090296065854434,0.021879694044981086,0.023935481615387645,0.017106752157542197
6,06,2,',',3,3,0.6608072916666667,0.7242838541666667,0.6925455729166667,0.09453127284844716,0.02548740988291051,0.02443600266888857,0.022760926469789527,0.027462929147842485
6,06,3,re,re,4,4,0.8987630208333334,0.8987630208333334,0.8987630208333334,0.051529948910077415,0.027513578070167584,0.02548720902970669,0.025341499812031827,0.03233193229781697
6,06,4,a,a,5,5,1.2025553385416667,1.2025553385416667,1.2025553385416667,0.03629555801550547,0.03426043669075455,0.03844208049440988,0.028574103820566348,0.03768391731866151
6,06,5,fan,fan,6,6,1.1507161458333333,1.1507161458333333,1.1507161458333333,0.06064450244108836,0.03480971979360555,0.03716869739534668,0.03309775899758345,0.03476776507738027
6,06,6,of,of,7,7,0.9944661458333333,0.9944661458333333,0.9944661458333333,0.11783854166666666,0.03519891028717027,0.024030069651566087,0.03877981724222526,0.044441439560169056
6,06,7,dancing,dancing,8,8,0.6517740885416666,0.7396647135416666,0.6957194010416666,0.15706380705038706,0.030459723974352336,0.019884411368167376,0.03221967728104491,0.03871962062944806
6,06,8,in,in,9,9,0.58056640625,0.8221028645833333,0.7013346354166666,0.18626302977403006,0.03288951914541346,0.032018723459072876,0.024645892555453096,0.03931528900942722
6,06,9,that,that,10,10,-0.7970377604166666,0.8116861979166666,0.00732421875,0.4671224504709244,0.036715414274922795,0.046664284821828834,0.037856015831676144,0.029603887600178458
6,06,10,sense,sense,11,11,-0.5288085937500001,0.6570638020833334,0.06412760416666666,0.359114612142245,0.029754603947855906,0.026733500973009538,0.036417850578647305,0.026881184321609145
6,06,11,",",",",12,12,-0.22989908854166669,0.457763671875,0.11393229166666666,0.2516276240348816,0.02265164415207491,0.017214575359826453,0.022532807240394394,0.02601845669320969
6,06,12,just,just,13,13,-0.29101562499999994,0.5162760416666666,0.11263020833333334,0.2166666885217031,0.01988404568627293,0.022198350153299014,0.01988190973301217,0.020650770536202616
6,06,13,like,like,14,14,0.29622395833333337,0.6962890625,0.4962565104166667,0.11210937301317851,0.021732841083034513,0.012711367109450096,0.02415845336864502,0.02654601153300497
6,06,14,to,to,15,15,1.1360677083333333,1.1360677083333333,1.1360677083333333,0.11341144641240437,0.03855277613371378,0.05390428786053755,0.038233546041061744,0.0266770770504698
6,06,15,watch,watch,16,16,0.04272460937500003,0.8433430989583333,0.4430338541666667,0.24479166169961294,0.0307164960725461,0.02136293194695128,0.04046129143556938,0.031699669899400706
6,06,16,people,people,17,17,-0.4995930989583333,0.6727701822916667,0.08658854166666667,0.3085286617279053,0.026386217148182494,0.01957274227159853,0.0335824335096787,0.026530532450965635
6,06,17,dance,dance,18,18,-0.3121744791666667,0.5260416666666666,0.10693359375,0.2966146071751912,0.02598627588013935,0.02155473865894728,0.02582224100886019,0.02834676493312484
6,06,18,",",",",19,19,0.12060546874999999,0.63330078125,0.376953125,0.1933594048023224,0.024968362671426353,0.021081543570572694,0.027021616399462784,0.022519571886562374
6,06,19,see,see,20,20,-0.22574869791666669,0.4132486979166667,0.09375,0.3027343998352687,0.026120294504561516,0.032820144048133784,0.027193432957235857,0.021708085688834984
6,06,20,impressive,impressive,21,21,0.6380208333333334,0.6380208333333334,0.6380208333333334,0.11614585419495901,0.025752721966648517,0.03333259082109265,0.023397937467144025,0.018701089494525522
6,06,21,dance,dance,22,22,0.21419270833333334,0.24641927083333334,0.23030598958333334,0.18639324605464935,0.020591825171744293,0.023515416185124236,0.02309813294727789,0.01693329956022953
6,06,22,moves,moves,23,23,0.3557942708333333,0.3880208333333333,0.3719075520833333,0.1233724057674408,0.01936428000711425,0.02073205279234987,0.01944866219147492,0.0179003886641902
6,06,23,then,then,24,24,0.3775227864583333,0.3775227864583333,0.3775227864583333,0.09166668355464935,0.017031952784226912,0.013350734723577938,0.017641752456293337,0.018521579548600488
6,06,24,you,you,25,25,0.15096028645833331,0.4366048177083333,0.2937825520833333,0.19882814586162567,0.02322273148739491,0.02029093405762802,0.02112269510950324,0.02710253696191546
6,06,25,might,might,26,26,0.015380859375000009,0.30102539062500006,0.158203125,0.24388023714224497,0.023202667648666107,0.021824333088262718,0.021457156258807217,0.025665296793717294
6,06,26,want,want,27,27,0.7886555989583333,1.0743001302083333,0.9314778645833333,0.21881508827209473,0.04144833800838654,0.03509187438169344,0.03209704947269859,0.0522576873371267
6,06,27,to,to,28,28,1.05902099609375,1.0722452799479165,1.0656331380208333,0.1553710748751958,0.03999313527841418,0.028726585712176473,0.043110996455943816,0.043556464099056134
6,06,28,check,check,29,29,0.7818654378255209,0.8344268798828126,0.8081461588541667,0.19449871281782785,0.03632442418542079,0.024329216491082647,0.028408552301363584,0.055025764519915296
6,06,29,out,out,30,30,1.2524464925130208,1.3050079345703127,1.2787272135416667,0.22838540375232694,0.051270184987137216,0.06607328530276309,0.052517376718760764,0.03769164818786214
6,06,30,this,this,31,31,1.3524576822916667,1.3524576822916667,1.3524576822916667,0.1470377445220947,0.04683621961919084,0.049136309977371596,0.052641624485091604,0.039606229665225846
6,06,31,movie,movie,32,32,0.7180989583333333,0.7180989583333333,0.7180989583333333,0.048860679070154824,0.022584156961488282,0.019138977130386533,0.01823117510410129,0.029262345684034595
6,06,32,solely,solely,33,33,-0.09724934895833334,0.5370279947916667,0.21988932291666666,0.2598958760499954,0.02606676804710337,0.03007519200915156,0.02807094846925654,0.02357304685376414
6,06,33,for,for,34,34,0.16666666666666669,0.5450846354166667,0.3558756510416667,0.1936198224623998,0.02443797479231414,0.02300280901079883,0.03132475051038686,0.017172280580365094
6,06,34,that,that,35,35,-0.10986328125,0.3125,0.101318359375,0.1960286945104599,0.017974796739851837,0.03628118834693309,0.012826732210145771,0.010303433571409388
7,07,0,as,as,1,1,0.7870279947916666,0.7870279947916666,0.7870279947916666,0.15442710121472678,0.01217639589555285,0.025437481954228812,0.006627715724197299,0.00409296852917157
7,07,1,linn,lin ##n,2,3,0.783935546875,0.783935546875,0.783935546875,0.16028648614883423,0.012378580151802645,0.016501812120290452,0.0141627073559202,0.006239915002944438
7,07,2,’,’,4,4,1.1795247395833333,1.1795247395833333,1.1795247395833333,0.23483077685038248,0.018379926714101463,0.023524058980049438,0.017693315067875744,0.013727731531489835
7,07,3,s,s,5,5,1.2718098958333335,1.2718098958333335,1.2718098958333335,0.2498698532581329,0.019689045776598343,0.020011126824006808,0.021406317234279243,0.01756843665226674
7,07,4,associate,associate,6,6,1.5703125,1.5703125,1.5703125,0.3233724137147268,0.02488465550956256,0.027599346361665462,0.024712565234335675,0.022232464612541164
7,07,5,editor,editor,7,7,1.5211588541666667,1.5211588541666667,1.5211588541666667,0.3142578502496084,0.024144680795397444,0.02935552938773684,0.025078733558332567,0.017746890798515984
7,07,6,michael,michael,8,8,1.0519205729166667,1.0519205729166667,1.0519205729166667,0.21178387602170307,0.01648270330484046,0.020576719804476055,0.015195180940787954,0.013559811494380215
7,07,7,baadke,ba ##ad ##ke,9,11,0.943359375,0.943359375,0.943359375,0.18652347723642984,0.01465002990488588,0.01719857064780444,0.013967443063799555,0.012702243076583058
7,07,8,reports,reports,12,12,1.2088216145833333,1.2088216145833333,1.2088216145833333,0.26113282640775043,0.019627937167826952,0.021003912333248016,0.019532237367499365,0.018288407513567355
7,07,9,in,in,13,13,1.3668619791666667,1.3668619791666667,1.3668619791666667,0.2817708750565847,0.02167198398653633,0.015507687343305493,0.022923081998868233,0.02677908958840113
7,07,10,our,our,14,14,1.7849934895833333,1.7849934895833333,1.7849934895833333,0.3844401240348816,0.028938573056172243,0.02350311393654262,0.03053658609462757,0.03294829414089934
7,07,11,november,november,15,15,1.5569661458333333,1.5569661458333333,1.5569661458333333,0.30963544050852454,0.02424825927164554,0.016814207122884887,0.026265184089850097,0.029902350763373366
7,07,12,28,28,16,16,1.2268880208333333,1.2268880208333333,1.2268880208333333,0.21126308043797812,0.017842054719610295,0.01622615030918714,0.01573119841949181,0.021700244332587364
7,07,13,issue,issue,17,17,0.7566731770833334,0.7566731770833334,0.7566731770833334,0.10885419448216756,0.01017489453522005,0.0074587659335015755,0.010180626369315951,0.01300130112089862
7,07,14,",",",",18,18,1.2150065104166667,1.2150065104166667,1.2150065104166667,0.21770834922790527,0.017997598188476488,0.021925502484007993,0.01656841950780911,0.01539798291323919
7,07,15,attendees,attendees,19,19,1.845703125,1.845703125,1.845703125,0.3513672451178233,0.02813838855270296,0.028791455196989273,0.026533192829202024,0.029132995931344968
7,07,16,“,“,20,20,2.2443033854166665,2.2443033854166665,2.2443033854166665,0.43743495146433514,0.03460905321086001,0.024559680377634577,0.03676732389768879,0.042867855138626246
7,07,17,enthusiastically,enthusiastically,21,21,3.19873046875,3.19873046875,3.19873046875,0.610156292716662,0.04881265406975433,0.04592072897346458,0.04825218718793221,0.05241770169912521
7,07,18,discussed,discussed,22,22,1.9386393229166667,1.9484049479166667,1.9435221354166667,0.3584635804096858,0.029184014524267263,0.01787077356397685,0.035241082130625455,0.03470908651733213
7,07,19,the,the,23,23,1.5183919270833333,1.5281575520833333,1.5232747395833333,0.3001953760782878,0.023617606691600332,0.02478489169831099,0.020420875420547123,0.02571645742440782
7,07,20,topics,topics,24,24,1.2809244791666665,1.2906901041666665,1.2858072916666665,0.26673179864883423,0.02045140887648749,0.021183816290037003,0.021758953012302684,0.018336079318678464
7,07,21,of,of,25,25,1.5805664062499998,1.5805664062499998,1.5805664062499998,0.329752653837204,0.025212205916400745,0.022084468281781677,0.025147767315839988,0.02854241959076896
7,07,22,growing,growing,26,26,1.9236653645833333,1.9236653645833333,1.9236653645833333,0.3949870467185974,0.030439718198191773,0.028656292500187842,0.028771444507615644,0.03401902958737393
7,07,23,the,the,27,27,2.0400390625,2.0400390625,2.0400390625,0.4307291954755783,0.03273928716194653,0.028838094944128933,0.03335755396467563,0.03616618275517415
7,07,24,hobby,hobby,28,28,2.15869140625,2.15869140625,2.15869140625,0.4420572966337204,0.03411279905738429,0.03396975547587595,0.033829284640976336,0.03455527271830493
7,07,25,",",",",29,29,1.7755533854166665,1.7755533854166665,1.7755533854166665,0.36028648416201275,0.027930191532196717,0.02570819392975362,0.027942331098187223,0.030237825635416722
7,07,26,the,the,30,30,1.5914713541666665,1.5914713541666665,1.5914713541666665,0.3252604603767395,0.025124482899519164,0.02435712618114764,0.0243193470220714,0.02675651472420153
7,07,27,future,future,31,31,1.53662109375,1.53662109375,1.53662109375,0.32239585121472675,0.024581262728853213,0.02406566245307698,0.022988058508821872,0.026771392365068473
7,07,28,of,of,32,32,1.6593424479166667,1.6593424479166667,1.6593424479166667,0.3378906647364298,0.026147970806477457,0.026226767465652792,0.024768066445869638,0.02750391228399035
7,07,29,stamp,stamp,33,33,1.6971028645833335,1.6971028645833335,1.6971028645833335,0.3233073055744171,0.025881786351703538,0.024647816745374414,0.026454680365165587,0.02657314984734577
7,07,30,shows,shows,34,34,1.6800130208333335,1.6800130208333335,1.6800130208333335,0.3431640962759654,0.02651485176450709,0.02739755156003936,0.024891252407169107,0.027285838047699434
7,07,31,",",",",35,35,1.5209960937500002,1.5209960937500002,1.5209960937500002,0.3152995407581329,0.02418367678986355,0.02476280756251291,0.023670962908878164,0.024109789991644256
7,07,32,and,and,36,36,1.4511718750000002,1.4511718750000002,1.4511718750000002,0.3122396469116211,0.023514846906807628,0.023728138850749578,0.022140006298124293,0.024713907861545516
7,07,33,dealers,dealers,37,37,1.3025716145833335,1.3025716145833335,1.3025716145833335,0.2960938016573588,0.021718929200060418,0.02354880788235198,0.021937651980706303,0.019578716796267135
7,07,34,and,and,38,38,1.4697265625,1.4697265625,1.4697265625,0.3394531607627869,0.024713406904096603,0.030707356531203663,0.021915333843863665,0.0213471618746068
7,07,35,philatelic,phil ##ate ##lic,39,41,1.2511393229166665,1.2511393229166665,1.2511393229166665,0.30000007152557373,0.021464468024470877,0.02152515752014317,0.0246246264910275,0.018135057495675677
7,07,36,partnerships,partnerships,42,42,1.6894531249999998,1.6894531249999998,1.6894531249999998,0.3630209068457286,0.027357086992646003,0.029875055609457822,0.028598185609976137,0.02345474651977719
7,07,37,",",",",43,43,1.4799804687499998,1.4799804687499998,1.4799804687499998,0.297330766916275,0.02316549696475773,0.024064709767255173,0.025678381947357484,0.019629434529874586
7,07,38,along,along,44,44,1.2768554687499998,1.2768554687499998,1.2768554687499998,0.26647138595581055,0.02037076093775212,0.023344534720690868,0.01896032018683147,0.018727289595672478
7,07,39,with,with,45,45,1.0818684895833335,1.0818684895833335,1.0818684895833335,0.24192712704340616,0.017884375190980635,0.018302349824427445,0.017948499580593587,0.0173720589366542
7,07,40,ways,ways,46,46,1.00048828125,1.00048828125,1.00048828125,0.24166670441627502,0.01723268253711576,0.010932106840587647,0.020152897088554264,0.020777648913526018
7,07,41,the,the,47,47,1.0255533854166665,1.0255533854166665,1.0255533854166665,0.22864585121472678,0.01692682262656363,0.013282815167861972,0.02105913673069945,0.016444086515728804
7,07,42,leading,leading,48,48,0.9580078125,0.9580078125,0.9580078125,0.1843749781449636,0.014682445603802538,0.024219098542389253,0.011289284551706604,0.008230255313308909
8,08,0,that,that,1,1,0.19254557291666666,0.3087565104166667,0.2506510416666667,0.08264971772829692,0.03976502226871252,0.08855388009716009,0.0025191886718690356,0.02558737646780495
8,08,1,brings,brings,2,2,0.5634765625,0.6796875,0.62158203125,0.1544921596844991,0.08644043081234115,0.1030159856881659,0.08735319016583314,0.0658441183644072
8,08,2,us,us,3,3,-0.6337076822916667,1.3182779947916667,0.34228515625,0.2904622256755829,0.09713426196265668,0.08121597421827488,0.1222702956683337,0.09505120266071704
8,08,3,to,to,4,4,-0.598876953125,0.7987467447916666,0.09993489583333333,0.1578776091337204,0.04598302407301084,0.00857146274711661,0.05647666015789472,0.07247769025355226
8,08,4,tonight,tonight,5,5,-0.9280598958333333,0.9280598958333333,0.0,0.13544923067092896,0.032666813014583906,0.021627350934343606,0.02489894013230208,0.0555646987893932
8,08,5,",",",",6,6,-0.5068359375,0.5068359375,0.0,0.06640625993410745,0.016015453653890184,0.003024803680959367,0.01734138305616969,0.02827552798621801
8,08,6,the,the,7,7,-0.2869466145833333,0.4256184895833333,0.0693359375,0.08180339137713115,0.02521485371457346,0.017464249603346936,0.026517984674541153,0.030138640606401673
8,08,7,universal,universal,8,8,-0.015624999999999972,1.0182291666666667,0.5013020833333334,0.21842444439729056,0.09234240770012189,0.10755682910287043,0.07449970337723458,0.08628244642094263
8,08,8,design,design,9,9,-0.12499999999999994,1.318359375,0.5966796875,0.25989582141240436,0.10989070900126782,0.03221416381770139,0.11076350426571474,0.21000660268639826
8,08,9,grand,grand,10,10,1.730712890625,1.730712890625,1.730712890625,0.31066891054312384,0.21186309522841912,0.1739429328306138,0.26432906324286787,0.20512962600557444
8,08,10,challenge,challenge,11,11,2.1068522135416665,2.1068522135416665,2.1068522135416665,0.3150634517272313,0.24268392857042237,0.362812367279447,0.2130300865872393,0.1256420697585903
9,09,0,(,(,1,1,0.2431640625,0.2431640625,0.2431640625,0.24973966677983603,0.056812310580394904,0.11752360337907192,0.05594084934460508,0.01964292095965062
9,09,1,uhh,uh ##h,2,3,0.3782552083333333,0.3782552083333333,0.3782552083333333,0.34270850817362464,0.0836211353169402,0.10739857052904576,0.10446651961755773,0.05188375381801874
9,09,2,),),4,4,0.451171875,0.451171875,0.451171875,0.3757814168930053,0.09631486650064477,0.1105295751664897,0.11312792935501438,0.07372807350089104
9,09,3,i,i,5,5,0.4261067708333333,0.4261067708333333,0.4261067708333333,0.31067719062169397,0.08637121681120212,0.10722890179815481,0.08370561638606569,0.07654881882535489
9,09,4,did,did,6,6,0.20377604166666666,0.20377604166666666,0.20377604166666666,0.33359380563100177,0.06051853004339427,0.04399719113671322,0.0640030707656443,0.06787346373601867
9,09,5,not,not,7,7,0.41015625,0.41015625,0.41015625,0.42734378576278687,0.0964610518685161,0.13654842334715267,0.08860649736086354,0.07921450115156027
9,09,6,like,like,8,8,0.2587890625,0.2587890625,0.2587890625,0.44140636920928955,0.07870015737127799,0.043343349970277494,0.06666225429564851,0.11007042995807739
9,09,7,this,this,9,9,0.46549479166666663,0.46549479166666663,0.46549479166666663,0.4458335041999817,0.1054082418693067,0.0777554452863441,0.1004388372732557,0.1273768242794556
9,09,8,movie,movie,10,10,0.44205729166666663,0.44205729166666663,0.44205729166666663,0.4312501351038615,0.10091763449832711,0.08018352357286325,0.10853519926239397,0.10726474935352223
9,09,9,at,at,11,11,0.019042968749999997,0.27262369791666663,0.14583333333333331,0.18437516689300537,0.03766504535206173,0.012559836176208589,0.03477206867869689,0.05542664332524126
9,09,10,all,all,12,12,0.0032552083333333356,0.1396484375,0.07145182291666667,0.14218769470850628,0.02383879608870352,0.025217797091077684,0.01926973654794556,0.0263915639008918
9,09,11,",",",",13,13,0.04996744791666668,0.11246744791666667,0.08121744791666667,0.14921901623408,0.02580904637936524,0.03723527565820245,0.02957640733213769,0.015473171173548673
9,09,12,i,i,14,14,0.06998697916666667,0.1162109375,0.09309895833333334,0.17473983764648438,0.02996803143566859,0.021531121656176103,0.019235253025392293,0.04344675637059679
9,09,13,would,would,15,15,-0.13167317708333334,0.25016276041666663,0.059244791666666664,0.14062519868214926,0.022126438739893565,0.010765560828088052,0.007936534367378179,0.0407682130205471
9,09,14,not,not,16,16,-0.13655598958333334,0.2967122395833333,0.080078125,0.22890635331471762,0.03393953984538584,0.020932999453257536,0.014632952126178014,0.05765283815381111
9,09,15,recommend,recommend,17,17,0.037109375,0.09049479166666666,0.06380208333333333,0.26015639305114746,0.03511791613214717,0.025717703294700578,0.0504975189840446,0.028197763894412392
9,09,16,it,it,18,18,0.05989583333333333,0.06770833333333333,0.06380208333333333,0.17630223433176676,0.02641004116677013,0.021531121656176103,0.03859275527717791,0.019039514578401445
10,10,0,(,(,1,1,5.6053466796875,5.6053466796875,5.6053466796875,2.7119059960047402,0.030352063388704602,0.043846988072857376,0.028013764703436854,0.020542866666532912
10,10,1,umm,umm,2,2,8.68505859375,8.68505859375,8.68505859375,4.266723771890004,0.047387038138493584,0.05096311913307475,0.0516957075067757,0.039920073881236556
10,10,2,),),3,3,9.397318522135416,9.397318522135416,9.397318522135416,4.572729627291361,0.05103022605116523,0.04640425100741542,0.048875438850348854,0.0573156336493548
10,10,3,and,and,4,4,8.802836100260418,8.802836100260418,8.802836100260418,4.325073301792145,0.048032355831671446,0.04133755523146125,0.0452787101825273,0.05676596424528579
10,10,4,you,you,5,5,8.836090087890625,8.836090087890625,8.836090087890625,4.383968134721121,0.048449340907188276,0.04400662319723979,0.04870502515449377,0.05218870749107642
10,10,5,know,know,6,6,9.722930908203125,9.722930908203125,9.722930908203125,4.736043334007263,0.0528253568812784,0.057982275254245014,0.0506652947507905,0.0503294770392497
10,10,6,i,i,7,7,7.071085611979167,7.071085611979167,7.071085611979167,3.5831705927848816,0.03918614673439462,0.03671192884973941,0.03963685270979797,0.040962714425769084
10,10,7,really,really,8,8,6.316731770833334,6.316731770833334,6.316731770833334,3.279036502043406,0.035438102535177,0.03579177041469823,0.03556462930296314,0.03499396142344266
10,10,8,do,do,9,9,5.312662760416667,5.312662760416667,5.312662760416667,2.722200612227122,0.02960793103039092,0.03716900703746268,0.026714599870803955,0.025676545073997695
10,10,9,like,like,10,10,3.9480794270833335,3.9480794270833335,3.9480794270833335,2.0118490060170493,0.021941326939436255,0.02104275500841458,0.02035955743924796,0.024311837275900396
10,10,10,to,to,11,11,5.743937174479166,5.743937174479166,5.743937174479166,2.904036502043406,0.031794785791068696,0.03461670364401162,0.034204914476713824,0.02687775091426684
10,10,11,see,see,12,12,6.775675455729166,6.775675455729166,6.775675455729166,3.4141275684038797,0.03744197288491774,0.04116607089556539,0.036636329108372764,0.03489152311206835
10,10,12,fluffy,fluffy,13,13,6.045532226562501,6.045532226562501,6.045532226562501,3.1214193304379783,0.03382343457798495,0.021615931733065377,0.03174498798587795,0.04683753006253326
10,10,13,chick,chick,14,14,9.328816731770832,9.328816731770832,9.328816731770832,4.644205689430237,0.05123832701302138,0.050319937371691784,0.05070229241895979,0.0525930059882122
10,10,14,flicks,flick ##s,15,16,10.851664225260416,10.851664225260416,10.851664225260416,5.269881208737691,0.058869462056461166,0.05819740239829853,0.05878167159181474,0.05956136383300003
10,10,15,sometimes,sometimes,17,17,8.959672292073568,8.959672292073568,8.959672292073568,4.460538685321808,0.049211394557940685,0.039788593792316425,0.05382662348498568,0.05311454980414983
10,10,16,so,so,18,18,8.67136255900065,8.67136255900065,8.67136255900065,4.332763612270355,0.04771506099042053,0.04738203944142833,0.04731053319267739,0.04841433334068952
10,10,17,i,i,19,19,6.540730794270833,6.540730794270833,6.540730794270833,3.289973934491475,0.03611174929442557,0.029308676251688207,0.034557550134419635,0.04375546594785479
10,10,18,',',20,20,6.439371744791667,6.439371744791667,6.439371744791667,3.1910806894302364,0.035286973658194665,0.03295593403093462,0.03498245160194785,0.0376825697678426
10,10,19,m,m,21,21,5.455159505208334,5.455159505208334,5.455159505208334,2.6148438056310015,0.02940377382622189,0.026364833746757323,0.02970517093779087,0.03183497046930599
10,10,20,not,not,22,22,4.0126953125,4.0126953125,4.0126953125,1.893880307674408,0.021465267159400322,0.021365900214301223,0.020413760498436392,0.022592837530373486
10,10,21,against,against,23,23,4.770914713541666,4.770914713541666,4.770914713541666,2.1454427540302277,0.02493292373445712,0.030041187664702325,0.023225946790563664,0.022033093210869832
10,10,22,that,that,24,24,5.670206705729167,5.670206705729167,5.670206705729167,2.5959961314996085,0.02988806687098954,0.02725538142973289,0.03472388584391212,0.02747442195311079
10,10,23,but,but,25,25,7.0450439453125,7.0450439453125,7.0450439453125,3.448470195134481,0.03836934180486784,0.05304947198162596,0.041898769608183326,0.021697592206961228
10,10,24,this,this,26,26,3.9640299479166665,3.9640299479166665,3.9640299479166665,1.9539062976837156,0.02166429004893743,0.03142101658854768,0.020487520893053952,0.014063934203076688
10,10,25,one,one,27,27,0.11653645833333333,0.21419270833333334,0.16536458333333334,0.15963540474573773,0.0013361556648322473,0.000780859262254775,0.0008053494624694825,0.002360409409407018
10,10,26,was,was,28,28,1.090087890625,1.133056640625,1.111572265625,0.611425797144572,0.006426559005869236,0.0004975762293643001,0.0005965459568537866,0.01751289494047329
10,10,27,pretty,pretty,29,29,2.59478759765625,2.64166259765625,2.61822509765625,1.3344726165135703,0.01455228799850055,0.00022310173449731458,0.0250780688719502,0.01701827367137295
10,10,28,terrible,terrible,30,30,4.805887858072917,4.805887858072917,4.805887858072917,2.3603841265042624,0.026218284623588113,0.0383931083826074,0.024808046669830598,0.016675698462585348
11,11,0,i,i,1,1,0.20003255208333334,0.2657877604166667,0.23291015625,0.06276043256123862,0.00401435323734479,0.006457005096200124,0.0033639349316852934,0.0027803969668556893
11,11,1,would,would,2,2,1.5288899739583333,1.5946451822916667,1.561767578125,0.6860025525093079,0.03377648259073209,0.024076625583274683,0.005669089073655874,0.06738679415317023
11,11,2,be,be,3,3,4.498067220052084,4.563822428385416,4.53094482421875,1.9836262265841165,0.09782094340252552,0.004846302284026219,0.13040323617230568,0.13380379744915927
11,11,3,ashamed,ashamed,4,4,14.771148681640625,14.771148681640625,14.771148681640625,6.185970226923625,0.3116400641699878,0.4690282533705791,0.29765807566023017,0.2114991877808436
11,11,4,to,to,5,5,5.796518961588542,5.796518961588542,5.796518961588542,2.447753926118215,0.1228179512343418,0.01957995838439882,0.17249413432689908,0.1499430224554127
11,11,5,have,have,6,6,2.0461934407552085,2.0461934407552085,2.0461934407552085,0.7903644839922588,0.04144892490735033,0.017558561625754802,0.007795273490092893,0.09059487286651419
11,11,6,made,made,7,7,1.4771321614583333,1.4771321614583333,1.4771321614583333,0.5031249523162842,0.028177530458060124,0.01341298965176526,0.02346507719385388,0.043241746877165615
11,11,7,this,this,8,8,3.575154622395833,3.575154622395833,3.575154622395833,1.4513018925984702,0.07424031166882375,0.0698238631584981,0.07547845485310056,0.07632717142082043
11,11,8,film,film,9,9,5.069498697916667,5.069498697916667,5.069498697916667,2.1180987755457563,0.1068278705164131,0.1234607774765698,0.10731335336043993,0.09450034911670831
11,11,9,if,if,10,10,3.169392903645833,3.169392903645833,3.169392903645833,1.0906249086062114,0.06074592223833771,0.050415198091774874,0.0645737227503024,0.06460605494822448
11,11,10,i,i,11,11,2.065592447916667,2.065592447916667,2.065592447916667,0.573828121026357,0.03604742270368906,0.044858052973113266,0.032347881919615705,0.03326847244735952
11,11,11,was,was,12,12,1.6318359375,1.6318359375,1.6318359375,0.5040364066759745,0.02978930467687204,0.04774915127260183,0.03241648238704145,0.014434313900951588
11,11,12,a,a,13,13,1.4436848958333333,1.4436848958333333,1.4436848958333333,0.4583333134651184,0.02667563502945996,0.04299245084587887,0.030612382095200404,0.011205946760243954
11,11,13,director,director,14,14,1.3323567708333333,1.3323567708333333,1.3323567708333333,0.47552082935969037,0.025977283166061814,0.06574081018556428,0.016408901785576673,0.006407872856570468
12,12,0,or,or,1,1,0.030436197916666668,0.09684244791666667,0.06363932291666667,0.05221362908681234,0.008276277710911602,0.010962261486712747,0.01517094660146483,0.0012987086005228415
12,12,1,worse,worse,2,2,0.308349609375,0.308349609375,0.308349609375,0.12083333730697632,0.026995787296474866,0.04725673523514666,0.031143836240386285,0.010804335621925374
12,12,2,",",",",3,3,0.026774088541666668,0.17879231770833334,0.102783203125,0.0925781528155009,0.014184874883589403,0.009135202417579875,0.01834368163777339,0.014195630260941389
12,12,3,an,an,4,4,-0.11881510416666666,0.20540364583333334,0.043294270833333336,0.11393229166666667,0.013405904521963306,0.011571265688409623,0.010550017159808115,0.016904815324710207
12,12,4,individual,individual,5,5,-0.15315755208333334,0.15315755208333334,0.0,0.09622389078140259,0.009541881252293829,0.010353210820973627,0.011498337576890392,0.007522506226651907
12,12,5,previously,previously,6,6,-0.036295572916666664,0.07731119791666667,0.0205078125,0.07252599795659383,0.008190445316357778,0.009509674162635897,0.0062826024144991355,0.008755704277203185
12,12,6,had,had,7,7,-0.028157552083333332,0.035319010416666664,0.0035807291666666665,0.07734374205271403,0.007844008676380406,0.003654071674223501,0.010340419546455284,0.008451251648587581
12,12,7,good,good,8,8,0.091796875,0.10872395833333334,0.10026041666666667,0.09986982742945354,0.014785107059877735,0.0185188577219266,0.014436555498657175,0.012518828776020514
12,12,8,credit,credit,9,9,0.14794921875000003,0.14794921875000003,0.14794921875000003,0.06015624602635701,0.013168945313950667,0.014305929327465442,0.013009028977039826,0.012371880089182628
12,12,9,",",",",10,10,0.17960611979166669,0.17960611979166669,0.17960611979166669,0.05442710717519124,0.014142200268262078,0.01585180951048574,0.013683754044993664,0.013279856234520063
12,12,10,but,but,11,11,0.09952799479166667,0.12296549479166666,0.11124674479166667,0.0609375238418579,0.01145937490072457,0.009429178130444697,0.01200178385173714,0.012280767981463811
12,12,11,usually,usually,12,12,-0.020833333333333336,0.14908854166666666,0.06412760416666666,0.11914068460464479,0.014936761703995096,0.023751535578516125,0.011735431246941595,0.012311097707320619
12,12,12,by,by,13,13,0.24959309895833334,0.27107747395833337,0.26033528645833337,0.10039053360621135,0.022630792070421756,0.03343729230307642,0.02270435305360232,0.01565297999990055
12,12,13,no,no,14,14,0.36271158854166663,0.36271158854166663,0.36271158854166663,0.09257801373799641,0.026840781717310157,0.03243159351294029,0.02924069398852225,0.021266612241991417
12,12,14,fault,fault,15,15,0.42431640625,0.42431640625,0.42431640625,0.09804679950078328,0.03038262507525008,0.03984825045973897,0.027562710653211923,0.026573100985211984
12,12,15,of,of,16,16,0.21630859375,0.22802734375,0.22216796875,0.08997390667597453,0.01973947687022387,0.015862312666448237,0.019805565942031398,0.02225773199732306
12,12,16,their,their,17,17,0.24690755208333331,0.2586263020833333,0.2527669270833333,0.09205728769302368,0.021435936034334614,0.013303731589316812,0.022758938328267336,0.025431024450933988
12,12,17,own,own,18,18,0.48876953125,0.50048828125,0.49462890625,0.19322911898295084,0.04324473831546197,0.05811977889827247,0.04265701961418527,0.03420014076569519
12,12,18,",",",",19,19,0.45849609375,0.45849609375,0.45849609375,0.14687506357828775,0.03688880822210831,0.020847577461820664,0.041690633689222725,0.043236288065300686
12,12,19,or,or,20,20,0.450927734375,0.450927734375,0.450927734375,0.1592448353767395,0.03774693232395153,0.02896190681389842,0.03794035511767034,0.04314115845691893
12,12,20,perhaps,perhaps,21,21,0.4359537760416667,0.4359537760416667,0.4359537760416667,0.16575515270233157,0.03766343459135592,0.04644354712754091,0.036480287954580845,0.03296765808686777
12,12,21,by,by,22,22,0.28922526041666663,0.28922526041666663,0.28922526041666663,0.1141927440961202,0.02540611886767104,0.023703635303804406,0.021629203418041476,0.0294487532941644
12,12,22,fault,fault,23,23,0.3667805989583333,0.3667805989583333,0.3667805989583333,0.13697908322016397,0.03144185977342148,0.03852172845799354,0.027276104736050903,0.030216583828066575
12,12,23,of,of,24,24,0.3316243489583333,0.3316243489583333,0.3316243489583333,0.07955724000930786,0.024035959862988045,0.01558225738370941,0.02584568525872996,0.027830649875257997
12,12,24,their,their,25,25,0.393798828125,0.393798828125,0.393798828125,0.11302083730697632,0.030381598735094884,0.026498996044324187,0.02612830431794478,0.036118025740154436
12,12,25,own,own,26,26,0.5322265625,0.5322265625,0.5322265625,0.19531245032946268,0.04528195935863528,0.054403886519211256,0.04927933961109737,0.036275799707335105
12,12,26,",",",",27,27,0.4398600260416667,0.4398600260416667,0.4398600260416667,0.17773430546124777,0.03904152267250839,0.03214578997146646,0.03952690796748298,0.0429985872963547
12,12,27,they,they,28,28,0.20621744791666666,0.20621744791666666,0.20621744791666666,0.0881509780883789,0.01878207788257863,0.008796827481990836,0.01631947025849686,0.027057532305331443
12,12,28,have,have,29,29,0.08626302083333333,0.15559895833333331,0.12093098958333333,0.07916667064030965,0.013738563925417557,0.01143357360674196,0.011272826084727482,0.017084685198897356
12,12,29,let,let,30,30,-0.09684244791666667,0.11572265625,0.009440104166666666,0.09479169050852458,0.00985949845241765,0.017052396431766,0.00568988632707864,0.008777364246443228
12,12,30,their,their,31,31,-0.18147786458333334,0.18147786458333334,0.0,0.11979162693023682,0.011878936404516295,0.017356875300593315,0.007586527161243194,0.011900363069530732
12,12,31,credit,credit,32,32,-0.14957682291666669,0.14957682291666669,0.0,0.1372395952542623,0.013609135012051842,0.01248479522297606,0.015647223574881283,0.012701934275545494
12,12,32,sag,sa ##g,33,34,-0.11702473958333334,0.15511067708333334,0.01904296875,0.15651031335194904,0.016447286254206127,0.02557854818360675,0.015884299157224974,0.011408228572812385
12,12,33,",",",",35,35,0.138427734375,0.15665690104166666,0.14754231770833334,0.07643228769302368,0.01476311975033648,0.010535218347541512,0.01790566148884654,0.014972575897781237
12,12,34,and,and,36,36,0.20157877604166669,0.21329752604166669,0.20743815104166669,0.08085940281550089,0.018118457082015205,0.008141176850822236,0.013638246743537561,0.028110036292655023
12,12,35,credit,credit,37,37,0.13370768229166666,0.2606608072916667,0.19718424479166669,0.13697920242945352,0.023184220191127626,0.01857493016802931,0.016966012206241447,0.03138642685237231
12,12,36,scores,scores,38,38,0.451904296875,0.451904296875,0.451904296875,0.18632800380388895,0.040480138297040176,0.03699919472173023,0.042919728892790054,0.040668328714578934
12,12,37,is,is,39,39,0.597412109375,0.597412109375,0.597412109375,0.2699218690395355,0.0558543637933213,0.054295419384901816,0.0485576065007131,0.06260408854485768
12,12,38,very,very,40,40,0.5282389322916666,0.5282389322916666,0.5282389322916666,0.220182200272878,0.047553968701451996,0.010921363315976026,0.04895876335109977,0.0695568643176699
12,12,39,low,low,41,41,0.659912109375,0.659912109375,0.659912109375,0.3126300672690074,0.06313257767956795,0.07868853169057319,0.06468408008817808,0.05208612244092713
12,12,40,.,.,42,42,0.2626139322916667,0.2626139322916667,0.2626139322916667,0.10807284712791443,0.023503543178432507,0.02472913302466778,0.035247169717652294,0.013374971730070122
13,13,0,for,for,1,1,0.5013834635416666,0.5013834635416666,0.5013834635416666,0.04003906498352686,0.060382887365246385,0.087059387232177,0.07365266142074404,0.029083442297571035
13,13,1,example,example,2,2,0.642333984375,0.642333984375,0.642333984375,0.052018227676550545,0.07791510306312328,0.09211657630665318,0.09951211058616274,0.04604570720552953
13,13,2,",",",",3,3,0.4370930989583333,0.4370930989583333,0.4370930989583333,0.03001300742228826,0.04887148712875681,0.020552668790125114,0.04846197406200884,0.06778626019556652
13,13,3,i,i,4,4,0.4763997395833333,0.4763997395833333,0.4763997395833333,0.05152992904186249,0.06776348532271238,0.09057794137274655,0.06202657411879509,0.05794940551366551
13,13,4,could,could,5,5,0.6624348958333334,0.6624348958333334,0.6624348958333334,0.05730793625116348,0.08317440777937668,0.0990423297165953,0.08459207177103169,0.07171278999536213
13,13,5,take,take,6,6,0.484619140625,0.484619140625,0.484619140625,0.03383788963158925,0.05461796281656645,0.033774383155649255,0.05775742595028471,0.06555888054413014
13,13,6,a,a,7,7,0.35563151041666663,0.35563151041666663,0.35563151041666663,0.02817382663488388,0.042655577984380015,0.02221868548886318,0.04245271373421021,0.05649575253334358
13,13,7,set,set,8,8,-0.0352783203125,0.32303873697916663,0.14388020833333334,0.02545573314030965,0.028087000026563072,0.02524384520494448,0.030570949909356243,0.02659314631806583
13,13,8,of,of,9,9,0.0281982421875,0.18729654947916669,0.10774739583333334,0.011083975434303284,0.01488652743619272,0.023750309794175715,0.006232481491683555,0.017133780632566983
13,13,9,data,data,10,10,0.1474609375,0.21842447916666669,0.18294270833333334,0.006429029007752736,0.015730281223275473,0.02011936329152041,0.016829331433944127,0.011983937835558513
13,13,10,and,and,11,11,0.2925618489583333,0.2925618489583333,0.2925618489583333,0.008902994294961294,0.02409402503654457,0.023107340289045958,0.028141580905513566,0.021174826130339587
13,13,11,from,from,12,12,0.255126953125,0.255126953125,0.255126953125,0.019059238334496815,0.029712929935049807,0.0405888436639639,0.032856751849813313,0.019393334924961723
13,13,12,that,that,13,13,0.12565104166666666,0.15787760416666666,0.14176432291666666,0.0211588516831398,0.02465208286971757,0.037728292202903385,0.025825562832812104,0.014496890235222652
13,13,13,data,data,14,14,-0.13521321614583331,0.14725748697916669,0.006022135416666667,0.012906891604264576,0.010298091221989042,0.01319561551802459,0.01344521365701963,0.004963066412320867
13,13,14,",",",",15,15,-0.1236572265625,0.1529541015625,0.0146484375,0.008496098220348358,0.007408256219914082,0.014056253377528676,0.004245852885009918,0.005727093486005136
13,13,15,i,i,16,16,-0.09187825520833334,0.12117513020833334,0.0146484375,0.00690104067325592,0.006179442572062312,0.0,0.0050545904405798715,0.011625588755906115
13,13,16,can,can,17,17,0.017578124999999997,0.12402343750000001,0.07080078125,0.01715496430794398,0.017386965003983068,0.02474529627547176,0.011120114394661583,0.019650288486380223
13,13,17,find,find,18,18,-0.10026041666666669,0.10026041666666669,0.0,0.024007176359494526,0.018494847418330556,0.011761350400418527,0.019308541653169455,0.022496583203392918
13,13,18,a,a,19,19,0.06510416666666666,0.15266927083333334,0.10888671875,0.023583988348642983,0.024583510187297694,0.02725883575251377,0.020023054922892938,0.02773806495084879
13,13,19,relationship,relationship,20,20,0.14477539062499997,0.188232421875,0.16650390625,0.011995444695154827,0.019050147877868268,0.008149448345035105,0.01980994267512337,0.02595479601839637
13,13,20,between,between,21,21,0.20003255208333331,0.20166015625,0.20084635416666666,0.015218096474806467,0.023556006781878695,0.017051153460381142,0.022294689925130593,0.030146247754760654
13,13,21,any,any,22,22,0.27978515625,0.2814127604166667,0.2805989583333333,0.019775390625000003,0.031765239754497625,0.03344736556652424,0.030050904375098372,0.0335089138774679
13,13,22,two,two,23,23,0.4891764322916667,0.4891764322916667,0.4891764322916667,0.02124022444089254,0.04518134610641196,0.06433404272478874,0.03380828082528513,0.04548141333926162
13,13,23,of,of,24,24,0.3604329427083333,0.3604329427083333,0.3604329427083333,0.01793618748585383,0.03505148038327522,0.021876634725358887,0.03240438466951972,0.04636953130207866
13,13,24,the,the,25,25,0.30891927083333337,0.30891927083333337,0.30891927083333337,0.015364589790503185,0.030035603055078724,0.012811464587083925,0.026078113869356025,0.045003627549971725
13,13,25,given,given,26,26,0.4573567708333333,0.4573567708333333,0.4573567708333333,0.011914059519767761,0.03612203336112373,0.02880644317982719,0.033925800394632055,0.04300906263006374
13,13,26,factors,factors,27,27,0.5419921875,0.5419921875,0.5419921875,0.022102855145931244,0.048957362991462,0.04863601537241191,0.048843506551205354,0.04816086453077749
13,13,27,or,or,28,28,0.49259440104166663,0.49259440104166663,0.49259440104166663,0.016927073399225872,0.04205990279974988,0.039974990559971106,0.0395732322022355,0.04544770978377751
13,13,28,more,more,29,29,0.22554524739583334,0.2570393880208333,0.24129231770833334,0.009960937003294628,0.021888685809273247,0.007114367332748992,0.02422734040845445,0.028748236797613444
13,13,29,.,.,30,30,0.020222981770833336,0.07710774739583334,0.048665364583333336,0.008528647323449453,0.009437320468298736,0.010900756312548023,0.006874246084265798,0.010560756759093121
14,14,0,he,he,1,1,0.13321940104166666,0.13321940104166666,0.13321940104166666,0.038346352676550545,0.01137399596635652,0.02240796029701958,0.00789133322543014,0.009327562129757655
14,14,1,is,is,2,2,0.020263671874999997,0.197998046875,0.10913085937499999,0.03658854216337204,0.010143422980977613,0.007322325007838615,0.010856961457415671,0.010323701352972059
14,14,2,the,the,3,3,0.049153645833333336,0.12825520833333331,0.08870442708333331,0.02470703174670537,0.007441578280130217,0.0017228961357597375,0.004887190107863508,0.011258314202687232
14,14,3,co,co,4,4,-0.10050455729166669,0.136962890625,0.018229166666666668,0.028580730160077412,0.005280315676937643,0.010911701085593474,0.0034489558637068804,0.003779140684057879
14,14,4,-,-,5,5,-0.152587890625,0.17374674479166666,0.010579427083333334,0.02835286408662796,0.00494224936336494,0.006460876939958747,0.005469057832065339,0.0038074088903048767
14,14,5,founder,founder,6,6,-0.021402994791666685,0.333251953125,0.15592447916666666,0.06790364782015483,0.01698669402493841,0.012778181027588596,0.003941663844236435,0.026742592679635503
14,14,6,of,of,7,7,0.46215820312499994,0.574951171875,0.5185546875,0.1230468600988388,0.04008918646417069,0.0025843551575460938,0.06229637910271947,0.03957563539763999
14,14,7,rossen,ross ##en,8,9,1.4812825520833333,1.4812825520833333,1.4812825520833333,0.3344075232744217,0.11179075184315435,0.2756178997605281,0.10376313588525694,0.05767125143863357
14,14,8,and,and,10,10,0.6551920572916666,0.6551920572916666,0.6551920572916666,0.1697916587193807,0.052938343221230165,0.0257762373929919,0.059537117316297,0.059190037432555576
14,14,9,vettese,vet ##tes ##e,11,13,0.7362467447916667,0.7362467447916667,0.7362467447916667,0.1791340857744217,0.057626091569561874,0.05002818855940527,0.07017006552253259,0.052610789688477565
14,14,10,limited,limited,14,14,0.982177734375,0.982177734375,0.982177734375,0.19430334866046906,0.06974637320596243,0.08775301871638344,0.08221036106186189,0.05586987123526986
14,14,11,and,and,15,15,0.4392903645833333,0.6150716145833334,0.5271809895833334,0.11298826585213344,0.03882408925995529,0.015936827594450278,0.04340248702889743,0.04329080515316716
14,14,12,the,the,16,16,0.5770670572916666,0.5770670572916666,0.5770670572916666,0.1091145599881808,0.040173328900326676,0.028426508145891274,0.04125212388016559,0.044094315182717864
14,14,13,former,former,17,17,0.6000162760416666,0.6000162760416666,0.6000162760416666,0.12734370927015942,0.043987728398475576,0.07735017413921422,0.04071620332152369,0.034162164576472434
14,14,14,executive,executive,18,18,0.29825846354166663,0.29923502604166663,0.29874674479166663,0.06943357984224954,0.022863664385354726,0.0012921775787730469,0.02335503013316171,0.03077792829875961
14,14,15,director,director,19,19,0.4830729166666667,0.4830729166666667,0.4830729166666667,0.11588538189729054,0.037546869375083905,0.053506834885845636,0.03149198101929632,0.036104789462813466
14,14,16,of,of,20,20,0.560546875,0.560546875,0.560546875,0.13313799599806467,0.04335583111337608,0.03571538918463806,0.050446736235911296,0.04205574363200319
14,14,17,uniform,uniform,21,21,0.8007812500000001,0.8007812500000001,0.8007812500000001,0.17975255846977234,0.06026998814267645,0.05032621280256404,0.05559976984308916,0.06782567763000365
14,14,18,final,final,22,22,0.84814453125,0.84814453125,0.84814453125,0.18977861106395721,0.06373807752086144,0.01898413258801354,0.07451352898839986,0.0740172816496498
14,14,19,examination,examination,23,23,0.7996419270833334,0.7996419270833334,0.7996419270833334,0.18893226484457654,0.06169009896350107,0.037648156196739405,0.06240999448595125,0.07079476290607638
14,14,20,(,(,24,24,0.28938802083333337,0.5530598958333333,0.42122395833333337,0.128580704331398,0.037133717732594655,0.015218952378899305,0.019509962071639953,0.056567069879858795
14,14,21,ufe,u ##fe,25,26,0.13248697916666669,0.41959635416666663,0.27604166666666663,0.09638670583566031,0.02626980604361529,0.015936827594450278,0.01536937533901,0.03669965443441776
14,14,22,),),27,27,0.17919921875,0.22021484375,0.19970703125,0.04941405852635702,0.015762578558068785,0.0029929780244973767,0.010195941543449681,0.02424099934508209
14,14,23,courses,courses,28,28,0.001953125000000007,0.119140625,0.060546875,0.02151693155368169,0.005821938915090049,0.008470929734282765,0.0016266741689332652,0.007039359290350031
14,14,24,at,at,29,29,0.21761067708333331,0.2986653645833333,0.2581380208333333,0.0456054483850797,0.017459212302290382,0.007322325007838615,0.02309038333686214,0.01687769197931209
14,14,25,toronto,toronto,30,30,0.617431640625,0.617431640625,0.617431640625,0.08281249304612477,0.037567570865270176,0.05622293392220226,0.04212613344667383,0.028550489204766577
14,14,26,',',31,31,0.13232421875,0.5203450520833333,0.32633463541666663,0.08723958084980646,0.026793476709449864,0.01938263081987624,0.02613121367283161,0.028793160155187476
14,14,27,s,s,32,32,-0.13525390625,0.4029947916666667,0.13387044270833331,0.07509765028953552,0.017265034293192084,0.01895190130898306,0.010740767041191025,0.020068314171954302
14,14,28,york,york,33,33,-0.20198567708333331,0.20198567708333331,0.0,0.03011067459980647,0.004805544579524931,0.0002871457046577938,0.006355933700643965,0.005856940751752295
14,14,29,university,university,34,34,-0.13199869791666669,0.13199869791666669,0.0,0.022786463300387066,0.003636629423122344,0.006460876939958747,0.004335831732285507,0.0018483886111283025
14,14,30,.,.,35,35,-0.220947265625,0.220947265625,0.0,0.04182943205038706,0.006675811921385379,0.02620244536761047,0.002857707790696844,0.0001781585525349725
15,15,0,however,however,1,1,0.9248860677083333,0.9248860677083333,0.9248860677083333,0.32239586114883423,0.019923976932919734,0.03903174650482377,0.0035891447026951307,0.01761668713085457
15,15,1,",",",",2,2,1.8955281575520833,1.8955281575520833,1.8955281575520833,0.6493490040302277,0.04048059813069081,0.035935990892946676,0.03944955910913678,0.046154728825864265
15,15,2,despite,despite,3,3,3.429972330729167,3.429972330729167,3.429972330729167,1.2078776607910793,0.07426873155665997,0.06910527338254109,0.07858372668128336,0.0750033866067267
15,15,3,their,their,4,4,3.6351318359375,3.6351318359375,3.6351318359375,1.246679777900378,0.07767457855467685,0.054984464489102935,0.0879861970570198,0.08988964275641172
15,15,4,poverty,poverty,5,5,4.3621826171875,4.3621826171875,4.3621826171875,1.4932292997837067,0.09312340772948464,0.09216615730367655,0.09349008692318629,0.09371289001823602
15,15,5,",",",",6,6,2.986597696940104,2.986597696940104,2.986597696940104,1.0462240676085155,0.06449741679796377,0.04479769108410926,0.06179096153886458,0.08725058514620804
15,15,6,the,the,7,7,1.8926289876302083,1.8926289876302083,1.8926289876302083,0.7376953860123953,0.043187225513771924,0.017688084006735362,0.04259035802899423,0.06960775543563583
15,15,7,family,family,8,8,1.9971567789713542,2.0319061279296875,2.014531453450521,0.8242838879426321,0.04717974500779906,0.05719769428346605,0.04580791040902054,0.038474846854852515
15,15,8,prioritize,prior ##iti ##ze,9,11,0.6140848795572917,1.152862548828125,0.8834737141927084,0.4653646647930145,0.023909666731206043,0.027806954711798004,0.022842993704896765,0.021051153664238383
15,15,9,education,education,12,12,0.12408955891927084,0.6628672281901042,0.3934783935546875,0.22877613703409833,0.011315489434633386,0.005482127050450362,0.01734694805936236,0.010908040388858654
15,15,10,because,because,13,13,1.7935028076171875,2.0334930419921875,1.9134979248046875,0.6239583988984426,0.03988676406846169,0.06407775010446042,0.031920609529536875,0.023698113075419865
15,15,11,they,they,14,14,2.6268208821614585,2.6268208821614585,2.6268208821614585,0.7982422212759654,0.052948716259551214,0.05494197017949659,0.06066242396886666,0.04290238676219743
15,15,12,believed,believed,15,15,3.1028645833333335,3.1028645833333335,3.1028645833333335,1.0017578999201457,0.06436815953358421,0.06478628845299822,0.07291204451275585,0.055046130974669746
15,15,13,in,in,16,16,2.974527994791667,2.974527994791667,2.974527994791667,1.0074219504992168,0.0631653503483737,0.0609877901269978,0.06384255582818187,0.06466948001506345
15,15,14,its,its,17,17,2.445048014322917,2.445048014322917,2.445048014322917,0.8502604862054189,0.05260847242137416,0.0492325620769624,0.0520017123703864,0.056662153902233135
15,15,15,power,power,18,18,2.244160970052083,2.244160970052083,2.244160970052083,0.7501303056875864,0.047348017335927375,0.04674373613048699,0.04438994169268824,0.051044078288183
15,15,16,to,to,19,19,2.8518473307291665,2.8518473307291665,2.8518473307291665,0.9195964634418488,0.05912614011170038,0.059164151201328195,0.05190214592328957,0.06662327454389722
15,15,17,transform,transform,20,20,3.118367513020833,3.118367513020833,3.118367513020833,1.0092448890209198,0.06476667485013664,0.064529884942753,0.07872350233685917,0.050463667251729655
15,15,18,lives,lives,21,21,2.8594767252604165,2.8594767252604165,2.8594767252604165,0.9522786935170492,0.06022086868108445,0.09133968307486631,0.05016717762297551,0.039220998358719825
16,16,0,it,it,1,1,0.3688151041666667,0.3688151041666667,0.3688151041666667,0.2731771071751912,0.042199661992023116,0.06591999056198347,0.025057941671848407,0.044630808252244095
16,16,1,',',2,2,0.48681640625,0.48681640625,0.48681640625,0.38151055574417114,0.05760199886567387,0.05642236510223017,0.04947080114432541,0.07239583333333334
16,16,2,s,s,3,3,0.5302734375,0.5302734375,0.5302734375,0.39791683355967206,0.061141248853553626,0.048247299200690985,0.04831691666551979,0.09653955053394972
16,16,3,a,a,4,4,0.5133463541666666,0.5133463541666666,0.5133463541666666,0.3567709922790528,0.05660667155043221,0.052178160074479604,0.04177394257865985,0.08574721643013394
16,16,4,terrible,terrible,5,5,0.8497721354166667,0.8497721354166667,0.8497721354166667,0.4335938890775045,0.07944871349481444,0.08455901678673361,0.05993879862913627,0.10621567514197351
16,16,5,",",",",6,6,0.8307291666666667,0.8307291666666667,0.8307291666666667,0.4390626947085063,0.07904723372388636,0.0664633190058509,0.06949037090042501,0.10884632714253387
16,16,6,this,this,7,7,0.49169921875000006,0.49169921875000006,0.49169921875000006,0.40703139702479046,0.06014971816869893,0.061458970490034195,0.03921842469347201,0.09285251928900096
16,16,7,is,is,8,8,0.3255208333333333,0.3255208333333333,0.3255208333333333,0.1776042381922404,0.03147929573512269,0.017379586868961516,0.019598617350477777,0.06691286072586988
16,16,8,a,a,9,9,1.6280110677083335,1.6280110677083335,1.6280110677083335,0.6960938374201456,0.13998753572655798,0.03226057077781855,0.21771127188854345,0.12794745565684978
16,16,9,terrible,terrible,10,10,3.5760904947916665,3.5760904947916665,3.5760904947916665,1.4296875596046448,0.2984749253382617,0.44046279241068664,0.319666268026112,0.11010278936195433
16,16,10,movie,movie,11,11,1.0009765625,1.0009765625,1.0009765625,0.5138021111488342,0.09386299655097509,0.07464792872053036,0.10975664645148006,0.08780896413215661
17,17,0,applying,applying,1,1,0.4649251302083333,0.4649251302083333,0.4649251302083333,0.1915363868077596,0.026132928813426055,0.058973379882669444,0.011786051137326085,0.015610599856411785
17,17,1,these,these,2,2,0.6719970703125,0.6719970703125,0.6719970703125,0.2194009820620219,0.03344859235282057,0.04028598748522913,0.03248521716584718,0.029218062642189516
17,17,2,four,four,3,3,0.9155680338541666,0.9155680338541666,0.9155680338541666,0.29374992847442627,0.04518282183771678,0.04578473646529644,0.04370309053509279,0.046291170196010235
17,17,3,design,design,4,4,1.075439453125,1.075439453125,1.075439453125,0.34036451578140253,0.05272026428444092,0.06233714282747617,0.050264348362590965,0.0479819583824042
17,17,4,concepts,concepts,5,5,1.113525390625,1.113525390625,1.113525390625,0.38164049386978144,0.05678680004278169,0.06521195096635914,0.0527103088428478,0.0546059890868823
17,17,5,to,to,6,6,0.9348144531249999,0.9348144531249999,0.9348144531249999,0.3286457459131876,0.04829436888438744,0.051932762617234736,0.05099728085653531,0.04296888047735463
17,17,6,your,your,7,7,0.8645833333333333,0.8645833333333333,0.8645833333333333,0.3121093312899271,0.045279837967686955,0.07061102644350406,0.0364004592706145,0.03492107999676683
17,17,7,presentations,presentations,8,8,0.482177734375,0.482177734375,0.482177734375,0.17356765270233154,0.02521524404957242,0.021515670999038145,0.027958058141987943,0.025239815603692345
17,17,8,is,is,9,9,0.7449544270833334,0.7449544270833334,0.7449544270833334,0.2875000437100728,0.040412821456229965,0.049765284168279314,0.03352075381489591,0.04023794788820462
17,17,9,simple,simple,10,10,0.6211344401041666,0.6211344401041666,0.6211344401041666,0.19348953167597452,0.030216525294335876,0.010261510507355416,0.038515279735709715,0.03709340044270496
17,17,10,",",",",11,11,1.0015869140625,1.0015869140625,1.0015869140625,0.30416661500930786,0.04813459872942325,0.018262333802108222,0.05511429566027391,0.06388261949356937
17,17,11,easy,easy,12,12,1.1872355143229167,1.1872355143229167,1.1872355143229167,0.3794271051883697,0.0584777522904851,0.005725246020593489,0.08799540396175129,0.0693087805235576
17,17,12,and,and,13,13,1.6075236002604167,1.6075236002604167,1.6075236002604167,0.5708333750565847,0.08347600159632364,0.059057040963773365,0.0997663067014757,0.08604791648245202
17,17,13,will,will,14,14,0.7783203125,0.88134765625,0.829833984375,0.33437498410542804,0.046080010680931746,0.022212330646160666,0.05090479197143656,0.05894648930294509
17,17,14,make,make,15,15,0.5671793619791667,0.6702067057291667,0.6186930338541667,0.27135411898295086,0.03601567819583577,0.05029234318920671,0.01849190586432784,0.042161472693712274
17,17,15,people,people,16,16,0.4480794270833333,0.5511067708333334,0.4995930989583333,0.22604153553644815,0.02960370541931934,0.03321822018511303,0.028568297620279764,0.02725372050233126
17,17,16,think,think,17,17,0.439208984375,0.439208984375,0.439208984375,0.21744781732559204,0.027435153624230296,0.030988083831440857,0.02910619347081224,0.0230976583213207
17,17,17,you,you,18,18,0.47603352864583337,0.47603352864583337,0.47603352864583337,0.20859368642171225,0.027696729975455456,0.029532540459073178,0.02730241008787088,0.026675192168910317
17,17,18,turned,turned,19,19,0.7242431640624999,0.7242431640624999,0.7242431640624999,0.2670571406682333,0.03835219499918366,0.04222658352574986,0.035892762997601205,0.03787717693567296
17,17,19,into,into,20,20,1.1095377604166665,1.1095377604166665,1.1095377604166665,0.3374999562899272,0.05336395795747275,0.06616569225640204,0.048958171469820524,0.04792826611925592
17,17,20,a,a,21,21,0.81787109375,0.81787109375,0.81787109375,0.21067704757054645,0.03646809431600237,0.02366140927925314,0.03305515356043931,0.04978300789087131
17,17,21,design,design,22,22,0.6928304036458333,0.6928304036458333,0.6928304036458333,0.10794256130854288,0.02558440322665021,0.0070226780040736955,0.018986221536554652,0.046547480734589315
17,17,22,guru,guru,23,23,1.2237548828125,1.2237548828125,1.2237548828125,0.29908856749534607,0.05335118054929585,0.08743960765718067,0.05045271814429272,0.03041443276347809
17,17,23,.,.,24,24,0.7236328125,0.7236328125,0.7236328125,0.18645827968915304,0.03227033345599187,0.04751643781742912,0.03706451908961521,0.015906881494712338
18,18,0,-,-,1,1,-1.1447397867838542,1.1447397867838542,0.0,0.3944661021232605,0.00965876278372112,0.013834427684784108,0.008339273603193923,0.006503918227197778
18,18,1,and,and,2,2,-1.5348002115885417,1.5348002115885417,0.0,0.5609374344348907,0.01373492319505506,0.013613517776807247,0.016564505422934882,0.010883290082509399
18,18,2,in,in,3,3,-1.8270670572916667,1.8270670572916667,0.0,0.6507811844348907,0.015934806693735985,0.015546472097969206,0.015566643624262104,0.016745836339415603
18,18,3,denmark,denmark,4,4,-1.859466552734375,1.859466552734375,0.0,0.6390624741713206,0.015647866340793782,0.015380792827116088,0.015281540253212739,0.0163249358883398
18,18,4,-,-,5,5,-2.234074910481771,2.234074910481771,0.0,0.7540364066759745,0.018463078939282184,0.01758988347987261,0.01736279355677344,0.020574028632112114
18,18,5,the,the,6,6,-2.2867940266927085,2.2867940266927085,0.0,0.7587238848209381,0.01857785493451316,0.015656929158710656,0.018959371999616666,0.021355700243045155
18,18,6,first,first,7,7,-2.619913736979167,2.619913736979167,0.0,0.8950520058472952,0.021915938928692594,0.02200806478538566,0.02024233716933881,0.023580461080861332
18,18,7,baltic,baltic,8,8,-2.2049102783203125,2.2049102783203125,0.0,0.7409504155317943,0.01814265981183073,0.016319654669135198,0.01874554447132964,0.01949171056508621
18,18,8,cod,cod,9,9,-1.9205118815104167,1.9205118815104167,0.0,0.6490233838558197,0.01589176578674056,0.01573977090089023,0.015124732529069148,0.016866091863549953
18,18,9,fishery,fishery,10,10,-1.4221954345703127,1.4221954345703127,0.0,0.47539056340853375,0.01164025161317354,0.012343293179575868,0.01177476791923911,0.010732966854462971
18,18,10,has,has,11,11,-1.3723246256510417,1.3723246256510417,0.0,0.44544265667597455,0.010906957356856409,0.013254543916539142,0.01014967739915807,0.009149579516089763
18,18,11,been,been,12,12,-1.5919443766276042,1.5919443766276042,0.0,0.5162759919961294,0.012641358308812902,0.014552383832332393,0.012829649522055321,0.01036217516550357
18,18,12,msc,msc,13,13,-1.603363037109375,1.603363037109375,0.0,0.5009113947550455,0.01226514600762847,0.01245374602681128,0.013171774872414218,0.011103761601725165
18,18,13,–,–,14,14,-1.8038736979166667,1.8038736979166667,0.0,0.5673176447550455,0.013891146854479586,0.014938973011162369,0.013171774872414218,0.013508908784045658
18,18,14,certified,certified,15,15,-1.8800048828125,1.8800048828125,0.0,0.6190103987852733,0.015156878044378382,0.015325566403498383,0.015281540253212739,0.014841761486745212
18,18,15,-,-,16,16,-1.9773661295572917,1.9773661295572917,0.0,0.6755207578341167,0.016540571471868715,0.014441926771590945,0.017505345242298125,0.01780811028993438
18,18,16,meanwhile,meanwhile,17,17,-2.0663299560546875,2.0663299560546875,0.0,0.717057208220164,0.017557618865794777,0.016319654669135198,0.018560226845114335,0.01784819546464583
18,18,17,",",",",18,18,-1.90936279296875,1.90936279296875,0.0,0.6513020197550456,0.01594755969020306,0.015601702735092949,0.015138986392521956,0.01717675731959357
18,18,18,the,the,19,19,-1.8037160237630208,1.8037160237630208,0.0,0.6061197121938069,0.014841241077764295,0.01322692859797727,0.014796863217329159,0.016645620344334186
18,18,19,faeroese,fae ##ro ##ese,20,22,-1.5149485270182292,1.7016347249348958,0.09334309895833333,0.5707031091054281,0.020019220270545493,0.015325566403498383,0.013542410124844834,0.025076828160613168
18,18,20,mackerel,mack ##ere ##l,23,25,-0.5228780110677083,1.1535746256510415,0.31534830729166663,0.3528645684321721,0.02906302072698923,0.009140110047676495,0.02194603960872702,0.04040247107330381
18,18,21,fishery,fishery,26,26,0.5121256510416666,0.5121256510416666,0.5121256510416666,0.1277344822883606,0.03629445096595269,0.01905925669326916,0.035966022627966894,0.0439745515600873
18,18,22,has,has,27,27,0.6381022135416667,0.6381022135416667,0.6381022135416667,0.1602865606546402,0.045250128809859624,0.019461014905781917,0.028148598297205906,0.06837227482312745
18,18,23,been,been,28,28,0.8729248046874999,0.9403076171874999,0.9066162109374999,0.24921875695387524,0.06481746136467688,0.001463519186646368,0.08579404772703486,0.07248209050956254
18,18,24,denied,denied,29,29,2.272705078125,2.272705078125,2.272705078125,0.5789063274860381,0.16136207728991306,0.42970652387915387,0.14062467492433425,0.09260693201124655
18,18,25,msc,msc,30,30,0.89501953125,1.2636718749999998,1.079345703125,0.35338543355464935,0.07855452936785765,0.004445792410568882,0.10241711047092039,0.08718410199863708
18,18,26,certification,certification,31,31,1.1050618489583335,1.1050618489583335,1.1050618489583335,0.27978524068991345,0.07841783455211174,0.050854235147394004,0.08965133181888098,0.08252092904828402
18,18,27,based,based,32,32,0.30275472005208337,0.9217732747395834,0.6122639973958334,0.25289712846279144,0.04584439956105603,0.003092726071157926,0.054069442403808586,0.05516617905337079
18,18,28,on,on,33,33,-1.1326446533203125,1.4114532470703125,0.139404296875,0.4529947141806285,0.02012011340780355,0.01590545017174335,0.009893083930180423,0.025214631163699142
18,18,29,the,the,34,34,-1.5574900309244792,1.5574900309244792,0.0,0.5167317390441895,0.012652517575991753,0.015877839066687514,0.01258731209169658,0.009209708807308335
18,18,30,fact,fact,35,35,-1.362396240234375,1.362396240234375,0.0,0.47070305546124774,0.011525474888213037,0.012508972450428986,0.01177476791923911,0.010191810879252815
18,18,31,that,that,36,36,-1.4752197265625,1.4752197265625,0.0,0.5087238848209381,0.012456439981661897,0.014938973011162369,0.011261580981283813,0.011013569194048705
18,18,32,the,the,37,37,-1.268315633138021,1.268315633138021,0.0,0.4016926685969035,0.009835710031999248,0.009029657200441084,0.010605844532969935,0.009901188010564917
18,18,33,fishery,fishery,38,38,-1.2085825602213542,1.2085825602213542,0.0,0.37779939174652105,0.009250667383261064,0.009747609134483332,0.010249465319158229,0.007656383056241618
18,18,34,has,has,39,39,-0.7799580891927083,0.7799580891927083,0.0,0.23222647110621134,0.005686218370709775,0.007952722979118657,0.004689949583695612,0.004269133801976643
18,18,35,failed,failed,40,40,-0.20619710286458331,0.23695882161458331,0.015380859375,0.043619791666666664,0.0020641698057501526,0.00011045706074144797,0.0018246598345830554,0.003309765604069952
18,18,36,to,to,41,41,-0.9290059407552083,0.9597676595052083,0.015380859375,0.28066399693489075,0.007868353576212756,0.010106587208257474,0.006200996145157587,0.006055642888043354
18,18,37,reach,reach,42,42,-1.0646870930989583,1.0954488118489583,0.015380859375,0.34303381045659387,0.00939551961260595,0.00908488362405879,0.008538845092862039,0.009503019904375503
18,18,38,an,an,43,43,-1.6288655598958335,1.6288655598958335,0.0,0.48893222212791443,0.011971828061858442,0.011846246940004444,0.01177476791923911,0.012316355721987577
18,18,39,agreement,agreement,44,44,-2.0899861653645835,2.0899861653645835,0.0,0.6327472726504008,0.015493234464712072,0.015408403932171924,0.01606557234843239,0.014982059598235288
18,18,40,on,on,45,45,-1.8366953531901042,1.8366953531901042,0.0,0.5763671100139618,0.014112728982284538,0.014828520163926958,0.01609408225050411,0.011244061242366635
18,18,41,mackerel,mack ##ere ##l,46,48,-1.0971628824869792,1.0971628824869792,0.0,0.35071606437365216,0.008587514242648081,0.011956699787239856,0.0077120448817856605,0.005842502140399084
19,19,0,people,people,1,1,3.7525227864583335,3.7525227864583335,3.7525227864583335,1.2380208571751912,0.02462573939796174,0.036320091476637444,0.01945182048024539,0.019078415685879924
19,19,1,are,are,2,2,5.442097981770833,5.442097981770833,5.442097981770833,1.8308675289154053,0.036063926855883624,0.024140590209063846,0.04634210414458662,0.03677978871396211
19,19,2,surprisingly,surprisingly,3,3,8.293131510416666,8.293131510416666,8.293131510416666,2.8326823711395264,0.055379167867978085,0.059639704305798194,0.05351197239563912,0.053348148673947424
19,19,3,forgiving,for ##giving,4,5,5.9309876759847,5.9309876759847,5.9309876759847,1.962691217660904,0.03898073788922937,0.037932364685550675,0.037824384917822806,0.04107395480650221
19,19,4,brands,brands,6,6,4.1500593821207685,4.1500593821207685,4.1500593821207685,1.320353200038274,0.026751621408680808,0.025248690596407407,0.02425633462324118,0.030574070348743838
19,19,5,when,when,7,7,4.520060221354167,4.520060221354167,4.520060221354167,1.488574186960856,0.029636250991895888,0.03347712291042666,0.030718917530740575,0.025077698293155874
19,19,6,they,they,8,8,4.93292236328125,4.93292236328125,4.93292236328125,1.6816405951976776,0.032908044281000776,0.03536642311014515,0.033319291438294096,0.03026868534880675
19,19,7,own,own,9,9,4.870829264322917,4.870829264322917,4.870829264322917,1.712011714776357,0.03300362248371258,0.030554272699826225,0.033515724925688425,0.03472996765867057
19,19,8,up,up,10,10,5.118611653645833,5.118611653645833,5.118611653645833,1.7609863777955372,0.034305500384355744,0.035917322241477895,0.03541479175460309,0.031748054799877405
19,19,9,to,to,11,11,3.9694620768229165,3.9694620768229165,3.9694620768229165,1.3214436868826547,0.026166618240496854,0.027557268336336177,0.025907607193261607,0.02515726207526703
19,19,10,mistakes,mistakes,12,12,2.280029296875,2.280029296875,2.280029296875,0.7741536175211271,0.015179534578782263,0.014667753751272621,0.014798993667656343,0.016022017392503973
19,19,11,",",",",13,13,1.3365071614583333,1.3365071614583333,1.3365071614583333,0.456868477165699,0.00892835639942501,0.009102661192536896,0.00806670242571677,0.009613218368883642
19,19,12,and,and,14,14,1.1713663736979167,1.1713663736979167,1.1713663736979167,0.3979817678531011,0.00780106553534461,0.007193300843453233,0.009025841842828517,0.007139029616682018
19,19,13,unfortunately,unfortunately,15,15,1.4468154907226562,1.4468154907226562,1.4468154907226562,0.5427408516407013,0.010141690270104989,0.011949805269832836,0.012404299804212553,0.006264532174543312
19,19,14,some,some,16,16,0.8469924926757812,1.0028355916341145,0.9249140421549479,0.40312497317790985,0.007038895258382619,0.009352195193271596,0.007337396108982716,0.004638811784691633
19,19,15,haters,hate ##rs,17,18,0.024284362792968743,0.32746632893880206,0.1758753458658854,0.2625651011864344,0.0031774373989924836,0.002663644780053685,0.003026372288808782,0.003801361552882533
19,19,16,out,out,19,19,2.0793507893880205,2.3561655680338545,2.2177581787109375,0.8057495107253393,0.015286640636295454,0.022232355317928144,0.012965689013424899,0.0112524292497031
19,19,17,there,there,20,20,3.529033660888672,3.529033660888672,3.529033660888672,1.1698221762975056,0.023213845957683797,0.024822072618649646,0.0253445566533354,0.019646030456362942
19,19,18,love,love,21,21,4.30059814453125,4.30059814453125,4.30059814453125,1.406494140625,0.028100331945375527,0.027521523326865326,0.02811380136629075,0.028613780056073936
19,19,19,to,to,22,22,5.324422200520833,5.324422200520833,5.324422200520833,1.783919264872869,0.035211314879480676,0.041268957905887194,0.03216230002098832,0.03271218538055136
19,19,20,point,point,23,23,6.167032877604166,6.167032877604166,6.167032877604166,2.0839192867279053,0.04095860659404029,0.03898771051736877,0.04135304954560151,0.04236288246100889
19,19,21,fingers,fingers,24,24,7.287841796874999,7.287841796874999,7.287841796874999,2.4882813096046448,0.04865599504630745,0.05103935581075644,0.04826100866856816,0.04688349750568191
19,19,22,and,and,25,25,5.754292805989583,5.754292805989583,5.754292805989583,1.9007650017738345,0.03778526413964587,0.024394004574511727,0.04151765651471455,0.046284878120063266
19,19,23,jump,jump,26,26,5.3468017578125,5.3468017578125,5.3468017578125,1.7348144650459292,0.03479941316570298,0.030374209671375278,0.033035617271035975,0.04056158576088513
19,19,24,all,all,27,27,5.3563232421875,5.3563232421875,5.3563232421875,1.7469726502895357,0.034951090095842435,0.03542583902528647,0.03368413669972961,0.03577138224540151
19,19,25,over,over,28,28,5.45648193359375,5.45648193359375,5.45648193359375,1.780013014872869,0.03560833994887398,0.04033183512668227,0.03361140750806414,0.03328507618052075
19,19,26,imperfections,imperfect ##ions,29,30,5.21917724609375,5.21917724609375,5.21917724609375,1.6770182053248088,0.0338066748272747,0.03747066752593682,0.03323602129260537,0.03103937241918957
19,19,27,",",",",31,31,4.661895751953124,4.661895751953124,4.661895751953124,1.4672200580437977,0.029892936544140183,0.03221579681617216,0.030107112456360743,0.027569168160209285
19,19,28,but,but,32,32,3.420908610026042,3.420908610026042,3.420908610026042,1.0499104658762615,0.021671006528047786,0.018277117831299476,0.021332202672162383,0.025086275101139012
19,19,29,for,for,33,33,3.108744303385417,3.108744303385417,3.108744303385417,1.0094563762346904,0.02024101615006017,0.016573675116262548,0.017867012317015697,0.02591487759989769
19,19,30,the,the,34,34,4.410624186197917,4.410624186197917,4.410624186197917,1.4884195923805237,0.029273692625223495,0.029000557432995698,0.02698626753194335,0.03177909552280998
19,19,31,most,most,35,35,5.461873372395833,5.461873372395833,5.461873372395833,1.7968099315961203,0.035792276986615364,0.02974695066991497,0.03871073796644361,0.03841487571018935
19,19,32,part,part,36,36,5.117228190104167,5.117228190104167,5.117228190104167,1.6426717440287273,0.033130599000459636,0.025040155731545825,0.03585689029518439,0.03780291842766837
19,19,33,",",",",37,37,4.86663818359375,4.86663818359375,4.86663818359375,1.5464030007521312,0.03135163813493943,0.027189839662453662,0.030276432801002343,0.03619770075713623
19,19,34,people,people,38,38,3.825225830078125,3.825225830078125,3.825225830078125,1.1901611238718033,0.024392170589004593,0.023366665308035352,0.02783784275685274,0.021927237302742673
19,19,35,understand,understand,39,39,2.4121195475260415,2.4121195475260415,2.4121195475260415,0.791707361737887,0.015788936962758925,0.023637498407981655,0.012817701106347472,0.011579734287764737
20,20,0,and,and,1,1,1.0148518880208333,1.0148518880208333,1.0148518880208333,0.21757805347442627,0.03196255514533754,0.04827048652900348,0.031024339721730916,0.017193753037633035
20,20,1,of,of,2,2,1.495849609375,1.495849609375,1.495849609375,0.31119783719380695,0.046351130337598,0.050780507704710445,0.05498887237263754,0.03400358465341864
20,20,2,course,course,3,3,1.4610595703125,1.4610595703125,1.4610595703125,0.28899733225504554,0.04407593850036875,0.0402315022728551,0.04167939725058763,0.05021973309094667
20,20,3,",",",",4,4,1.2719726562499998,1.2719726562499998,1.2719726562499998,0.2416014671325684,0.03757207278390201,0.035787139574210064,0.030108362471619618,0.04646370477028895
20,20,4,click,click,5,5,1.1463216145833335,1.1463216145833335,1.1463216145833335,0.22851554552714032,0.03472308927091955,0.02651182570337316,0.03382177332672853,0.043674844644898056
20,20,5,in,in,6,6,1.4731038411458333,1.4731038411458333,1.4731038411458333,0.2871092756589254,0.0440976035257927,0.048405659616352514,0.045493847864636144,0.038808650654600346
20,20,6,the,the,7,7,1.0319417317708333,1.0319417317708333,1.0319417317708333,0.15833328167597452,0.0274674665051916,0.022769411600416446,0.03209446852836681,0.027702080043089928
20,20,7,link,link,8,8,0.8288167317708334,0.8288167317708334,0.8288167317708334,0.0955077608426412,0.01952775139164494,0.02155265386734379,0.01866630837813736,0.018406162598602085
20,20,8,of,of,9,9,0.7376708984375,0.7376708984375,0.7376708984375,0.08867181340853374,0.01767367236389255,0.02233412230732275,0.0216373652430008,0.009470625105408852
20,20,9,the,the,10,10,0.5970052083333333,0.624755859375,0.6108805338541666,0.08652336398760478,0.01568345722193111,0.02297173328794332,0.014759838092275112,0.009396809087499843
20,20,10,description,description,11,11,0.31624348958333337,0.343994140625,0.3301188151041667,0.030078033606211346,0.007140822785588156,0.006353480326831996,0.006528174473035501,0.008309212977946491
20,20,11,of,of,12,12,0.7667643229166666,0.7945149739583334,0.7806396484375,0.12044262886047365,0.020831877089577164,0.03474336983977058,0.01881982417673928,0.009091862053693476
20,20,12,this,this,13,13,1.0433349609375,1.0433349609375,1.0433349609375,0.18359365065892536,0.029651941388866232,0.039200978068177995,0.034979271899686595,0.015520998261898365
20,20,13,video,video,14,14,0.9920247395833334,0.9920247395833334,0.9920247395833334,0.1833983560403188,0.028900469092736792,0.03283184752571135,0.0323871569357687,0.021989125645969484
20,20,14,for,for,15,15,0.800048828125,0.800048828125,0.800048828125,0.12623687585194907,0.02157382465472192,0.01609102751524156,0.023523199172349102,0.024997735475856625
20,20,15,more,more,16,16,0.7937418619791666,0.7937418619791666,0.7937418619791666,0.14713532725969952,0.02315546147693468,0.02499755960004702,0.020020365197950377,0.024406120554005796
20,20,16,",",",",17,17,0.8025309244791666,0.8025309244791666,0.8025309244791666,0.15488276878992716,0.02390137968430424,0.022719646765714863,0.025856568441291368,0.02326175940448958
20,20,17,and,and,18,18,0.696533203125,0.696533203125,0.696533203125,0.11412755648295085,0.01912042610212793,0.013803992365403365,0.02202450403612167,0.02148736555782277
20,20,18,we,we,19,19,0.7261555989583334,0.7261555989583334,0.7261555989583334,0.09811187783877055,0.01826382981357265,0.019666983121037485,0.015062466122917763,0.019784991439923044
20,20,19,',',20,20,0.7057291666666666,0.7057291666666666,0.7057291666666666,0.10807282725969951,0.01876786753973355,0.024115250862862415,0.012382054463735147,0.019560128896219924
20,20,20,ll,ll,21,21,0.8735758463541666,0.8735758463541666,0.8735758463541666,0.14967442552248636,0.024503524700533408,0.02488586343749374,0.02211443233563217,0.026373252183039847
20,20,21,have,have,22,22,1.0677083333333333,1.0677083333333333,1.0677083333333333,0.1804686685403188,0.02975145325667461,0.027183769474137115,0.03264258385884294,0.02957342845239165
20,20,22,more,more,23,23,1.1501871744791665,1.1501871744791665,1.1501871744791665,0.18300774693489075,0.03113744513631135,0.02556563231607502,0.03354139230023519,0.0344039591108761
20,20,23,live,live,24,24,1.3246256510416665,1.3246256510416665,1.3246256510416665,0.21380199988683066,0.036102940042416265,0.033136088547056124,0.036657443515578494,0.03863850502029577
20,20,24,updates,updates,25,25,1.2488606770833333,1.2488606770833333,1.2488606770833333,0.19316399097442627,0.03336513653286702,0.021549608088355928,0.03688901591554873,0.04161603207200802
20,20,25,and,and,26,26,1.339599609375,1.339599609375,1.339599609375,0.2269530693689982,0.03736990114266512,0.04059355140779524,0.037251152434668325,0.034537480796889244
20,20,26,a,a,27,27,0.51409912109375,0.71295166015625,0.613525390625,0.1330728828907013,0.01944581619574994,0.010147845779286128,0.021326419893727404,0.026293584729858245
20,20,27,stock,stock,28,28,-0.07481892903645833,0.4926249186197917,0.20890299479166669,0.1399739483992259,0.014195226653146356,0.008545343815401132,0.012306211808652328,0.020784812621140174
20,20,28,market,market,29,29,-0.300201416015625,0.300201416015625,0.0,0.16523444652557376,0.013220414174347396,0.00866312993458636,0.012500014785655312,0.01788506161066317
20,20,29,video,video,30,30,0.259735107421875,0.484405517578125,0.3720703125,0.09876301884651184,0.013237943044523089,0.015614236438760275,0.010185282577941098,0.013209496031327986
20,20,30,(,(,31,31,0.5553792317708334,0.5946858723958334,0.5750325520833334,0.07929680744806925,0.014591159451353083,0.020523863212508285,0.0152718711674396,0.008044903923564254
20,20,31,wrap,wrap,32,32,0.6512451171875,0.6512451171875,0.6512451171875,0.0934243599573771,0.01681448006808974,0.020148771697424683,0.017595404547133087,0.013081503866470223
20,20,32,-,-,33,33,0.6684163411458334,0.6684163411458334,0.6684163411458334,0.09205721815427144,0.016951349827781653,0.018536726097338307,0.018620255021466216,0.01396466178524473
20,20,33,up,up,34,34,0.5933430989583334,0.5933430989583334,0.5933430989583334,0.07421862085660298,0.01444744756311149,0.014591537341900492,0.013301802860977624,0.015503530247030585
20,20,34,),),35,35,0.4992268880208333,0.4992268880208333,0.4992268880208333,0.05989574392636617,0.011951740445995666,0.012745868021674166,0.011379782942325691,0.011826920355238801
20,20,35,at,at,36,36,0.5670979817708334,0.5670979817708334,0.5670979817708334,0.10260406136512756,0.016342182961717914,0.01520849900563672,0.017943546517688536,0.01605879318785481
20,20,36,the,the,37,37,0.4408365885416667,0.4408365885416667,0.4408365885416667,0.07890619834264119,0.012635384490067904,0.010219555537216983,0.012402493873773422,0.015210489932133035
20,20,37,end,end,38,38,0.4517415364583333,0.4517415364583333,0.4517415364583333,0.08164058128992717,0.013010551891465957,0.005260805021882963,0.011904058535353122,0.02157344409072184
20,20,38,of,of,39,39,0.6373291015625,0.6373291015625,0.6373291015625,0.09882807731628418,0.017047260247144633,0.01116467148924664,0.021798269524482813,0.018257524415380737
20,20,39,the,the,40,40,0.7652587890625,0.7652587890625,0.7652587890625,0.1291666030883789,0.02130930362276038,0.02019789543901069,0.015464415266725675,0.027930109651273974
20,20,40,day,day,41,41,0.9803873697916666,0.9803873697916666,0.9803873697916666,0.19876296321551007,0.029962898799715074,0.03438392854032163,0.02473855054424725,0.0308201446809297
20,20,41,today,today,42,42,0.6142985026041666,0.6142985026041666,0.6142985026041666,0.12454427282015482,0.018774529091335944,0.00462408334836952,0.02509696408681783,0.02646154404200248
20,20,42,.,.,43,43,0.4781494140625,0.4781494140625,0.4781494140625,0.08164062102635702,0.013389273985483976,0.02236954755419216,0.0032104775157712102,0.014201569239452688
