sample_index,sample_id,video_path,readable,fps,frame_count,duration_s,first_frame_readable,audit_type,rank,frame_index,frame_path,within_bounds
1,01,D:\Desktop\shumo\E题数据\附件4-可解释专项视频样本与特征文件\附件4-可解释专项视频样本与特征文件\对齐版本\videos\01.mp4,True,30.0,270.0,9.0,1.0,video_source,,0,,True
2,02,D:\Desktop\shumo\E题数据\附件4-可解释专项视频样本与特征文件\附件4-可解释专项视频样本与特征文件\对齐版本\videos\02.mp4,True,30.0,108.0,3.6,1.0,video_source,,0,,True
3,03,D:\Desktop\shumo\E题数据\附件4-可解释专项视频样本与特征文件\附件4-可解释专项视频样本与特征文件\对齐版本\videos\03.mp4,True,30.0,480.0,16.0,1.0,video_source,,0,,True
4,04,D:\Desktop\shumo\E题数据\附件4-可解释专项视频样本与特征文件\附件4-可解释专项视频样本与特征文件\对齐版本\videos\04.mp4,True,30.0,277.0,9.233333333333333,1.0,video_source,,0,,True
5,05,D:\Desktop\shumo\E题数据\附件4-可解释专项视频样本与特征文件\附件4-可解释专项视频样本与特征文件\对齐版本\videos\05.mp4,True,30.0,183.0,6.1,1.0,video_source,,0,,True
6,06,D:\Desktop\shumo\E题数据\附件4-可解释专项视频样本与特征文件\附件4-可解释专项视频样本与特征文件\对齐版本\videos\06.mp4,True,30.0,292.0,9.733333333333333,1.0,video_source,,0,,True
7,07,D:\Desktop\shumo\E题数据\附件4-可解释专项视频样本与特征文件\附件4-可解释专项视频样本与特征文件\对齐版本\videos\07.mp4,True,30.0,723.0,24.1,1.0,video_source,,0,,True
8,08,D:\Desktop\shumo\E题数据\附件4-可解释专项视频样本与特征文件\附件4-可解释专项视频样本与特征文件\对齐版本\videos\08.mp4,True,30.0,239.0,7.966666666666667,1.0,video_source,,0,,True
9,09,D:\Desktop\shumo\E题数据\附件4-可解释专项视频样本与特征文件\附件4-可解释专项视频样本与特征文件\对齐版本\videos\09.mp4,True,30.0,339.0,11.3,1.0,video_source,,0,,True
10,10,D:\Desktop\shumo\E题数据\附件4-可解释专项视频样本与特征文件\附件4-可解释专项视频样本与特征文件\对齐版本\videos\10.mp4,True,30.0,325.0,10.833333333333334,1.0,video_source,,0,,True
11,11,D:\Desktop\shumo\E题数据\附件4-可解释专项视频样本与特征文件\附件4-可解释专项视频样本与特征文件\对齐版本\videos\11.mp4,True,30.0,342.0,11.4,1.0,video_source,,0,,True
12,12,D:\Desktop\shumo\E题数据\附件4-可解释专项视频样本与特征文件\附件4-可解释专项视频样本与特征文件\对齐版本\videos\12.mp4,True,30.0,609.0,20.3,1.0,video_source,,0,,True
13,13,D:\Desktop\shumo\E题数据\附件4-可解释专项视频样本与特征文件\附件4-可解释专项视频样本与特征文件\对齐版本\videos\13.mp4,True,30.0,260.0,8.666666666666666,1.0,video_source,,0,,True
14,14,D:\Desktop\shumo\E题数据\附件4-可解释专项视频样本与特征文件\附件4-可解释专项视频样本与特征文件\对齐版本\videos\14.mp4,True,30.0,415.0,13.833333333333334,1.0,video_source,,0,,True
15,15,D:\Desktop\shumo\E题数据\附件4-可解释专项视频样本与特征文件\附件4-可解释专项视频样本与特征文件\对齐版本\videos\15.mp4,True,30.0,220.0,7.333333333333333,1.0,video_source,,0,,True
16,16,D:\Desktop\shumo\E题数据\附件4-可解释专项视频样本与特征文件\附件4-可解释专项视频样本与特征文件\对齐版本\videos\16.mp4,True,30.0,167.0,5.566666666666666,1.0,video_source,,0,,True
17,17,D:\Desktop\shumo\E题数据\附件4-可解释专项视频样本与特征文件\附件4-可解释专项视频样本与特征文件\对齐版本\videos\17.mp4,True,30.0,419.0,13.966666666666667,1.0,video_source,,0,,True
18,18,D:\Desktop\shumo\E题数据\附件4-可解释专项视频样本与特征文件\附件4-可解释专项视频样本与特征文件\对齐版本\videos\18.mp4,True,30.0,686.0,22.866666666666667,1.0,video_source,,0,,True
19,19,D:\Desktop\shumo\E题数据\附件4-可解释专项视频样本与特征文件\附件4-可解释专项视频样本与特征文件\对齐版本\videos\19.mp4,True,30.0,561.0,18.7,1.0,video_source,,0,,True
20,20,D:\Desktop\shumo\E题数据\附件4-可解释专项视频样本与特征文件\附件4-可解释专项视频样本与特征文件\对齐版本\videos\20.mp4,True,30.0,561.0,18.7,1.0,video_source,,0,,True
1,01,,True,,,,,representative_frame,1.0,49,D:\Desktop\shumo\E题数据\Q3E_outputs\representative_frames\sample_01\vision_rank1.jpg,True
1,01,,True,,,,,representative_frame,2.0,142,D:\Desktop\shumo\E题数据\Q3E_outputs\representative_frames\sample_01\vision_rank2.jpg,True
1,01,,True,,,,,representative_frame,3.0,49,D:\Desktop\shumo\E题数据\Q3E_outputs\representative_frames\sample_01\vision_rank3.jpg,True
2,02,,True,,,,,representative_frame,1.0,38,D:\Desktop\shumo\E题数据\Q3E_outputs\representative_frames\sample_02\vision_rank1.jpg,True
2,02,,True,,,,,representative_frame,2.0,38,D:\Desktop\shumo\E题数据\Q3E_outputs\representative_frames\sample_02\vision_rank2.jpg,True
2,02,,True,,,,,representative_frame,3.0,57,D:\Desktop\shumo\E题数据\Q3E_outputs\representative_frames\sample_02\vision_rank3.jpg,True
3,03,,True,,,,,representative_frame,1.0,91,D:\Desktop\shumo\E题数据\Q3E_outputs\representative_frames\sample_03\vision_rank1.jpg,True
3,03,,True,,,,,representative_frame,2.0,91,D:\Desktop\shumo\E题数据\Q3E_outputs\representative_frames\sample_03\vision_rank2.jpg,True
3,03,,True,,,,,representative_frame,3.0,70,D:\Desktop\shumo\E题数据\Q3E_outputs\representative_frames\sample_03\vision_rank3.jpg,True
4,04,,True,,,,,representative_frame,1.0,24,D:\Desktop\shumo\E题数据\Q3E_outputs\representative_frames\sample_04\vision_rank1.jpg,True
4,04,,True,,,,,representative_frame,2.0,116,D:\Desktop\shumo\E题数据\Q3E_outputs\representative_frames\sample_04\vision_rank2.jpg,True
4,04,,True,,,,,representative_frame,3.0,116,D:\Desktop\shumo\E题数据\Q3E_outputs\representative_frames\sample_04\vision_rank3.jpg,True
5,05,,True,,,,,representative_frame,1.0,71,D:\Desktop\shumo\E题数据\Q3E_outputs\representative_frames\sample_05\vision_rank1.jpg,True
5,05,,True,,,,,representative_frame,2.0,71,D:\Desktop\shumo\E题数据\Q3E_outputs\representative_frames\sample_05\vision_rank2.jpg,True
5,05,,True,,,,,representative_frame,3.0,30,D:\Desktop\shumo\E题数据\Q3E_outputs\representative_frames\sample_05\vision_rank3.jpg,True
6,06,,True,,,,,representative_frame,1.0,96,D:\Desktop\shumo\E题数据\Q3E_outputs\representative_frames\sample_06\vision_rank1.jpg,True
6,06,,True,,,,,representative_frame,2.0,68,D:\Desktop\shumo\E题数据\Q3E_outputs\representative_frames\sample_06\vision_rank2.jpg,True
6,06,,True,,,,,representative_frame,3.0,55,D:\Desktop\shumo\E题数据\Q3E_outputs\representative_frames\sample_06\vision_rank3.jpg,True
7,07,,True,,,,,representative_frame,1.0,424,D:\Desktop\shumo\E题数据\Q3E_outputs\representative_frames\sample_07\vision_rank1.jpg,True
7,07,,True,,,,,representative_frame,2.0,424,D:\Desktop\shumo\E题数据\Q3E_outputs\representative_frames\sample_07\vision_rank2.jpg,True
7,07,,True,,,,,representative_frame,3.0,280,D:\Desktop\shumo\E题数据\Q3E_outputs\representative_frames\sample_07\vision_rank3.jpg,True
8,08,,True,,,,,representative_frame,1.0,57,D:\Desktop\shumo\E题数据\Q3E_outputs\representative_frames\sample_08\vision_rank1.jpg,True
8,08,,True,,,,,representative_frame,2.0,57,D:\Desktop\shumo\E题数据\Q3E_outputs\representative_frames\sample_08\vision_rank2.jpg,True
9,09,,True,,,,,representative_frame,1.0,88,D:\Desktop\shumo\E题数据\Q3E_outputs\representative_frames\sample_09\vision_rank1.jpg,True
9,09,,True,,,,,representative_frame,2.0,88,D:\Desktop\shumo\E题数据\Q3E_outputs\representative_frames\sample_09\vision_rank2.jpg,True
10,10,,True,,,,,representative_frame,1.0,174,D:\Desktop\shumo\E题数据\Q3E_outputs\representative_frames\sample_10\vision_rank1.jpg,True
10,10,,True,,,,,representative_frame,2.0,63,D:\Desktop\shumo\E题数据\Q3E_outputs\representative_frames\sample_10\vision_rank2.jpg,True
10,10,,True,,,,,representative_frame,3.0,88,D:\Desktop\shumo\E题数据\Q3E_outputs\representative_frames\sample_10\vision_rank3.jpg,True
11,11,,True,,,,,representative_frame,1.0,69,D:\Desktop\shumo\E题数据\Q3E_outputs\representative_frames\sample_11\vision_rank1.jpg,True
11,11,,True,,,,,representative_frame,2.0,25,D:\Desktop\shumo\E题数据\Q3E_outputs\representative_frames\sample_11\vision_rank2.jpg,True
11,11,,True,,,,,representative_frame,3.0,69,D:\Desktop\shumo\E题数据\Q3E_outputs\representative_frames\sample_11\vision_rank3.jpg,True
12,12,,True,,,,,representative_frame,1.0,57,D:\Desktop\shumo\E题数据\Q3E_outputs\representative_frames\sample_12\vision_rank1.jpg,True
12,12,,True,,,,,representative_frame,2.0,133,D:\Desktop\shumo\E题数据\Q3E_outputs\representative_frames\sample_12\vision_rank2.jpg,True
12,12,,True,,,,,representative_frame,3.0,185,D:\Desktop\shumo\E题数据\Q3E_outputs\representative_frames\sample_12\vision_rank3.jpg,True
14,14,,True,,,,,representative_frame,1.0,106,D:\Desktop\shumo\E题数据\Q3E_outputs\representative_frames\sample_14\vision_rank1.jpg,True
14,14,,True,,,,,representative_frame,2.0,27,D:\Desktop\shumo\E题数据\Q3E_outputs\representative_frames\sample_14\vision_rank2.jpg,True
14,14,,True,,,,,representative_frame,3.0,257,D:\Desktop\shumo\E题数据\Q3E_outputs\representative_frames\sample_14\vision_rank3.jpg,True
15,15,,True,,,,,representative_frame,1.0,219,D:\Desktop\shumo\E题数据\Q3E_outputs\representative_frames\sample_15\vision_rank1.jpg,True
15,15,,True,,,,,representative_frame,2.0,219,D:\Desktop\shumo\E题数据\Q3E_outputs\representative_frames\sample_15\vision_rank2.jpg,True
15,15,,True,,,,,representative_frame,3.0,219,D:\Desktop\shumo\E题数据\Q3E_outputs\representative_frames\sample_15\vision_rank3.jpg,True
16,16,,True,,,,,representative_frame,1.0,29,D:\Desktop\shumo\E题数据\Q3E_outputs\representative_frames\sample_16\vision_rank1.jpg,True
16,16,,True,,,,,representative_frame,2.0,68,D:\Desktop\shumo\E题数据\Q3E_outputs\representative_frames\sample_16\vision_rank2.jpg,True
17,17,,True,,,,,representative_frame,1.0,90,D:\Desktop\shumo\E题数据\Q3E_outputs\representative_frames\sample_17\vision_rank1.jpg,True
17,17,,True,,,,,representative_frame,2.0,90,D:\Desktop\shumo\E题数据\Q3E_outputs\representative_frames\sample_17\vision_rank2.jpg,True
18,18,,True,,,,,representative_frame,1.0,54,D:\Desktop\shumo\E题数据\Q3E_outputs\representative_frames\sample_18\vision_rank1.jpg,True
18,18,,True,,,,,representative_frame,2.0,54,D:\Desktop\shumo\E题数据\Q3E_outputs\representative_frames\sample_18\vision_rank2.jpg,True
18,18,,True,,,,,representative_frame,3.0,371,D:\Desktop\shumo\E题数据\Q3E_outputs\representative_frames\sample_18\vision_rank3.jpg,True
19,19,,True,,,,,representative_frame,1.0,248,D:\Desktop\shumo\E题数据\Q3E_outputs\representative_frames\sample_19\vision_rank1.jpg,True
19,19,,True,,,,,representative_frame,2.0,199,D:\Desktop\shumo\E题数据\Q3E_outputs\representative_frames\sample_19\vision_rank2.jpg,True
19,19,,True,,,,,representative_frame,3.0,91,D:\Desktop\shumo\E题数据\Q3E_outputs\representative_frames\sample_19\vision_rank3.jpg,True
20,20,,True,,,,,representative_frame,1.0,106,D:\Desktop\shumo\E题数据\Q3E_outputs\representative_frames\sample_20\vision_rank1.jpg,True
20,20,,True,,,,,representative_frame,2.0,106,D:\Desktop\shumo\E题数据\Q3E_outputs\representative_frames\sample_20\vision_rank2.jpg,True
