scenario_id,scenario,modality_combination,missing_rate_percent,replicate,mean_actual_missing_rate,mean_effective_gap_count,mean_primitive_gap_count,q2b_raw_accuracy,q2b_raw_macro_f1,q2b_raw_weighted_f1,q2b_raw_mae,q2b_raw_pearson,r2_raw_accuracy,r2_raw_macro_f1,r2_raw_weighted_f1,r2_raw_mae,r2_raw_pearson,q2b_cal_oof_accuracy,q2b_cal_oof_macro_f1,q2b_cal_oof_weighted_f1,q2b_cal_oof_mae,q2b_cal_oof_pearson,r2_cal_oof_accuracy,r2_cal_oof_macro_f1,r2_cal_oof_weighted_f1,r2_cal_oof_mae,r2_cal_oof_pearson
1,A_10_MG1,A,10,1,0.10534294452739595,2.107142857142857,2.107142857142857,0.6112637362637363,0.6037728875288024,0.6187989697058058,0.5869541280585658,0.6474553802451499,0.6181318681318682,0.6064635793675971,0.6248858094098885,0.5883015816887984,0.6644279286198818,0.6112637362637363,0.6037728875288024,0.6187989697058058,0.5861872628000412,0.6463925218018796,0.6181318681318682,0.6064635793675971,0.6248858094098885,0.5735661245017916,0.6626843801736466
2,A_10_MG2,A,10,2,0.10534294452739595,2.1112637362637363,2.1112637362637363,0.6043956043956044,0.5965786948053117,0.6115950704383653,0.5872348013364679,0.6474729958705321,0.6208791208791209,0.6094820132311837,0.6275068412012672,0.5886201220104,0.664302275663642,0.6043956043956044,0.5965786948053117,0.6115950704383653,0.5867424869347404,0.6464002725960449,0.6208791208791209,0.6094820132311837,0.6275068412012672,0.5733370054577079,0.6625487414775089
3,A_10_MG3,A,10,3,0.10534294452739595,2.1195054945054945,2.1195054945054945,0.6085164835164835,0.600761897301862,0.6164173583414774,0.5872152481473737,0.6466589489987631,0.6222527472527473,0.6107454933440889,0.6288043977173237,0.5890848446883016,0.6633444118303721,0.6085164835164835,0.600761897301862,0.6164173583414774,0.5865070217556351,0.6456090218708626,0.6222527472527473,0.6107454933440889,0.6288043977173237,0.5742231171674781,0.661579985459152
4,A_20_MG1,A,20,1,0.20141871735878028,3.7513736263736264,3.7513736263736264,0.6126373626373627,0.6055130746719531,0.6199311591834956,0.5858693431735367,0.6472946841445631,0.6181318681318682,0.6073837749136204,0.625439505415149,0.5867951230074351,0.6646122975077037,0.6126373626373627,0.6055130746719531,0.6199311591834956,0.5864134796281437,0.6461779768714317,0.6181318681318682,0.6073837749136204,0.625439505415149,0.5724987458350894,0.6628683192733201
5,A_20_MG2,A,20,2,0.20141871735878028,3.947802197802198,3.947802197802198,0.6126373626373627,0.6066650764980402,0.6203191759017216,0.5844287981412241,0.6505906845331034,0.6222527472527473,0.6115216375669882,0.6290517978889105,0.587459020910191,0.6649134814245231,0.6126373626373627,0.6066650764980402,0.6203191759017216,0.5851738560356937,0.649473252939653,0.6222527472527473,0.6115216375669882,0.6290517978889105,0.5723479414167968,0.6631472748101962
6,A_20_MG3,A,20,3,0.20141871735878028,3.883241758241758,3.883241758241758,0.6126373626373627,0.6056087529530257,0.6203867953231474,0.585564088629006,0.6497105388642556,0.625,0.6143419382283094,0.6319352472441895,0.587397628862943,0.6646789942688472,0.6126373626373627,0.6056087529530257,0.6203867953231474,0.5856193659498797,0.6486175378956727,0.625,0.6143419382283094,0.6319352472441895,0.5724515562540555,0.66301919130703
7,A_30_MG1,A,30,1,0.30199961759170707,5.7032967032967035,5.7032967032967035,0.6043956043956044,0.5994050568729433,0.6118839590518028,0.5836290289125927,0.6506732601308386,0.6181318681318682,0.6070820332575818,0.6254991893405204,0.5869258228116311,0.664384118666258,0.6043956043956044,0.5994050568729433,0.6118839590518028,0.5856332831510476,0.649470970633693,0.6181318681318682,0.6070820332575818,0.6254991893405204,0.5723171184051495,0.6626040334062017
8,A_30_MG2,A,30,2,0.30199961759170707,5.582417582417582,5.582417582417582,0.6085164835164835,0.6021063174337827,0.6162430650747135,0.581935923526084,0.6513047712660884,0.6236263736263736,0.6126403256856494,0.6304331759476678,0.5859226838450183,0.6652889759748014,0.6085164835164835,0.6021063174337827,0.6162430650747135,0.5846068789077984,0.6500700002626301,0.6236263736263736,0.6126403256856494,0.6304331759476678,0.5712671441258965,0.6635714312138142
9,A_30_MG3,A,30,3,0.30199961759170707,5.6401098901098905,5.6401098901098905,0.6071428571428571,0.6014402153844958,0.6152932988245603,0.5834355121990155,0.6500150883899554,0.6291208791208791,0.6176797158270714,0.6359015182981782,0.5873522153635929,0.6645402516012814,0.6071428571428571,0.6014402153844958,0.6152932988245603,0.5856003450381231,0.6488652739757451,0.6291208791208791,0.6176797158270714,0.6359015182981782,0.5728582255486603,0.6627991802119625
10,A_40_MG1,A,40,1,0.4002302951742184,7.353021978021978,7.3598901098901095,0.6057692307692307,0.6010540532102557,0.6138973185302704,0.5815978789763464,0.6534163440909774,0.6195054945054945,0.6086001143974047,0.6271054899735202,0.5849386697819272,0.6672116464451409,0.6057692307692307,0.6010540532102557,0.6138973185302704,0.5859748595134242,0.6521557240518217,0.6195054945054945,0.6086001143974047,0.6271054899735202,0.5704886409725461,0.6653688681807615
11,A_40_MG2,A,40,2,0.4002302951742184,7.451923076923077,7.458791208791209,0.6098901098901099,0.6055690322649856,0.6171898357539024,0.583114785664193,0.6509804437698955,0.6222527472527473,0.6123887392252793,0.6299080359334612,0.5835321344394278,0.6653749063671086,0.6098901098901099,0.6055690322649856,0.6171898357539024,0.5871461107154469,0.6497111633251773,0.6222527472527473,0.6123887392252793,0.6299080359334612,0.569376547393563,0.6637025018408388
12,A_40_MG3,A,40,3,0.4002302951742184,7.355769230769231,7.361263736263736,0.6085164835164835,0.6044000737096427,0.6158025682526648,0.583287210520971,0.6500727261919855,0.6181318681318682,0.6079332687869178,0.6254186654353651,0.5863890356619607,0.6629034753710098,0.6085164835164835,0.6044000737096427,0.6158025682526648,0.5867548995623877,0.6488120303954731,0.6181318681318682,0.6079332687869178,0.6254186654353651,0.5725100130017969,0.6611731103338622
13,A_50_MG1,A,50,1,0.512593395480767,8.767857142857142,9.29532967032967,0.5989010989010989,0.5969377721590111,0.6057366990363198,0.5813797852536152,0.6524883729929243,0.6153846153846154,0.6056607464916639,0.62333021063366,0.5841959268878122,0.6652602218555425,0.5989010989010989,0.5969377721590111,0.6057366990363198,0.5870099903666056,0.6511650610321857,0.6153846153846154,0.6056607464916639,0.62333021063366,0.5699424408277967,0.6635549866201154
14,A_50_MG2,A,50,2,0.512593395480767,8.740384615384615,9.296703296703297,0.6043956043956044,0.6019035269917118,0.61111828809035,0.5825818376922673,0.6515547763351246,0.6181318681318682,0.6083695840635391,0.6260099947153522,0.5838229306820002,0.6646614284359682,0.6043956043956044,0.6019035269917118,0.61111828809035,0.5880748252816252,0.6502604483394396,0.6181318681318682,0.6083695840635391,0.6260099947153522,0.5702847620284819,0.6629094880854032
15,A_50_MG3,A,50,3,0.512593395480767,8.762362637362637,9.271978021978022,0.5934065934065934,0.5914156881030395,0.6008032568265707,0.5822591918551332,0.6527228715049518,0.6181318681318682,0.6086995606198212,0.6262341405655216,0.5844828148505518,0.6644974816614582,0.5934065934065934,0.5914156881030395,0.6008032568265707,0.5872424647922699,0.6514054978105046,0.6181318681318682,0.6086995606198212,0.6262341405655216,0.5710947660599108,0.6627965560386273
16,V_10_MG1,V,10,1,0.10534294452739595,2.14010989010989,2.14010989010989,0.6126373626373627,0.6027392700123132,0.619635933324099,0.5887167871530566,0.6485241196242073,0.6236263736263736,0.611137331062143,0.6283168958383781,0.588576199527789,0.6642163828214667,0.6126373626373627,0.6027392700123132,0.619635933324099,0.5856254193547008,0.6475219967764311,0.6236263736263736,0.611137331062143,0.6283168958383781,0.5741247556273427,0.6625007778427512
17,V_10_MG2,V,10,2,0.10534294452739595,2.1565934065934065,2.1565934065934065,0.614010989010989,0.6036819359017053,0.6212265306098214,0.5891541770076031,0.6487588806821323,0.6304945054945055,0.6181481863604875,0.6354376937637805,0.5898760644985097,0.6633599432763215,0.614010989010989,0.6036819359017053,0.6212265306098214,0.5864200292802775,0.6477584711626275,0.6304945054945055,0.6181481863604875,0.6354376937637805,0.5749281944567031,0.6615933478445664
18,V_10_MG3,V,10,3,0.10534294452739595,2.118131868131868,2.118131868131868,0.6098901098901099,0.5997977814562718,0.616857254146112,0.5897793405699533,0.6482516485960756,0.6291208791208791,0.6161811753980994,0.6340090508882626,0.5891877214864387,0.6640133973653701,0.6098901098901099,0.5997977814562718,0.616857254146112,0.5865667577081329,0.6472728280488284,0.6291208791208791,0.6161811753980994,0.6340090508882626,0.5745428692619879,0.6623235457530827
19,V_20_MG1,V,20,1,0.20141871735878028,3.9038461538461537,3.9038461538461537,0.6195054945054945,0.6097954718237738,0.6269037728029797,0.5884089561813808,0.6506895180887337,0.6263736263736264,0.6146864594488597,0.6316706984096565,0.5893825527771817,0.6627315119203734,0.6195054945054945,0.6097954718237738,0.6269037728029797,0.584884032013734,0.6496950639966297,0.6263736263736264,0.6146864594488597,0.6316706984096565,0.5752192407443628,0.6609921590718155
20,V_20_MG2,V,20,2,0.20141871735878028,3.8873626373626373,3.8873626373626373,0.6167582417582418,0.6071408936974975,0.6242041476303087,0.5890785909493218,0.6504541788094906,0.6222527472527473,0.60893502744137,0.6268626188193339,0.5890809513915044,0.6629903407194394,0.6167582417582418,0.6071408936974975,0.6242041476303087,0.5853829696846532,0.6494614071599862,0.6222527472527473,0.60893502744137,0.6268626188193339,0.5747446850099406,0.6612660574842985
21,V_20_MG3,V,20,3,0.20141871735878028,3.907967032967033,3.907967032967033,0.6126373626373627,0.6029044194288097,0.6205384675518353,0.5885545311106758,0.6510194164603426,0.6318681318681318,0.6200666111629899,0.6370287531629379,0.589516488425843,0.6633512206907527,0.6126373626373627,0.6029044194288097,0.6205384675518353,0.5848720626180152,0.650039860196512,0.6318681318681318,0.6200666111629899,0.6370287531629379,0.5750318018815347,0.6615897768100373
22,V_30_MG1,V,30,1,0.30199961759170707,5.652472527472527,5.652472527472527,0.6236263736263736,0.6123360613260442,0.6312558757584448,0.5880592809478332,0.6527480473222823,0.6263736263736264,0.6144259523991614,0.6318031156703259,0.5888290303953729,0.6627112862334913,0.6236263736263736,0.6123360613260442,0.6312558757584448,0.5839481379612462,0.6518115407009802,0.6263736263736264,0.6144259523991614,0.6318031156703259,0.5745739648261896,0.661030001259971
23,V_30_MG2,V,30,2,0.30199961759170707,5.6291208791208796,5.6291208791208796,0.6208791208791209,0.6101688554661704,0.6284837579105288,0.588746699269165,0.6519792279350186,0.6236263736263736,0.6112584112235679,0.6285072910608003,0.5887186332595545,0.663134406926495,0.6208791208791209,0.6101688554661704,0.6284837579105288,0.5838254286597718,0.6510713014536145,0.6236263736263736,0.6112584112235679,0.6285072910608003,0.5749893659666017,0.6614493153162242
24,V_30_MG3,V,30,3,0.30199961759170707,5.634615384615385,5.634615384615385,0.6208791208791209,0.6107205608325633,0.6281297786982664,0.5898681116996558,0.6514096180272829,0.625,0.6134716412817752,0.6302508523315163,0.5900461643647689,0.6621501588643878,0.6208791208791209,0.6107205608325633,0.6281297786982664,0.5851956542557576,0.6504713358075451,0.625,0.6134716412817752,0.6302508523315163,0.5760184664755732,0.660455927368455
25,V_40_MG1,V,40,1,0.4002302951742184,7.293956043956044,7.313186813186813,0.6236263736263736,0.6120080511130156,0.6308897241132303,0.5912734506917852,0.652399460439962,0.6222527472527473,0.609451573016019,0.6278233234245567,0.5912708840895813,0.6613683548220849,0.6236263736263736,0.6120080511130156,0.6308897241132303,0.5857722391070246,0.6515577298632574,0.6222527472527473,0.609451573016019,0.6278233234245567,0.5767743570013688,0.6596815447539948
26,V_40_MG2,V,40,2,0.4002302951742184,7.434065934065934,7.446428571428571,0.6167582417582418,0.6059073981152728,0.6247825392058107,0.5917377683364755,0.6507390388352953,0.6236263736263736,0.6111360413139191,0.628863802513655,0.5921684463641473,0.6603013951969272,0.6167582417582418,0.6059073981152728,0.6247825392058107,0.5864414780179223,0.6498348818436057,0.6236263736263736,0.6111360413139191,0.628863802513655,0.57779643620567,0.6586129836539237
27,V_40_MG3,V,40,3,0.4002302951742184,7.306318681318682,7.321428571428571,0.6236263736263736,0.6130060524276536,0.6313813307096643,0.5900497144436115,0.6535428257767643,0.6181318681318682,0.6056069530919,0.6237675976309895,0.5880862623657827,0.6635768222370393,0.6236263736263736,0.6130060524276536,0.6313813307096643,0.5845395247022529,0.6526702698540479,0.6181318681318682,0.6056069530919,0.6237675976309895,0.5746299762000422,0.6618913899037331
28,V_50_MG1,V,50,1,0.512593395480767,8.787087912087912,9.364010989010989,0.6236263736263736,0.6119574400467033,0.6314308660049527,0.5931419648516637,0.651482420862037,0.6236263736263736,0.6104985399139925,0.6285293373972193,0.5889844293654948,0.6611912898717979,0.6236263736263736,0.6119574400467033,0.6314308660049527,0.5869650764265558,0.6505868366860396,0.6236263736263736,0.6104985399139925,0.6285293373972193,0.5755838088854984,0.6595391284262025
29,V_50_MG2,V,50,2,0.512593395480767,8.743131868131869,9.248626373626374,0.625,0.613822232207117,0.6329422886917504,0.5928548569739848,0.6517400454284832,0.6181318681318682,0.6067196876347843,0.6229257553517402,0.589217010946883,0.6614504589922514,0.625,0.613822232207117,0.6329422886917504,0.5867512655408827,0.6508227449957525,0.6181318681318682,0.6067196876347843,0.6229257553517402,0.5755958277524172,0.6597399810226462
30,V_50_MG3,V,50,3,0.512593395480767,8.744505494505495,9.24587912087912,0.6195054945054945,0.6087309151772594,0.6276660052295614,0.5938370502298023,0.6521422141106,0.6181318681318682,0.6070493357798812,0.6234179977712412,0.5891236252878066,0.6610670856113764,0.6195054945054945,0.6087309151772594,0.6276660052295614,0.5871097731976718,0.6513041012479652,0.6181318681318682,0.6070493357798812,0.6234179977712412,0.5762907521714875,0.6593910987400715
31,A+V_10_MG1,A+V,10,1,0.10534294452739595,2.0934065934065935,2.0934065934065935,0.6085164835164835,0.6007401653662532,0.6157847904344028,0.5857647105764884,0.6504919802531647,0.6208791208791209,0.6100227351435076,0.6271617142781379,0.5897292147011874,0.6631518894059504,0.6085164835164835,0.6007401653662532,0.6157847904344028,0.5842880445875964,0.6494849176121357,0.6208791208791209,0.6100227351435076,0.6271617142781379,0.5748496355787738,0.6614152256152581
32,A+V_10_MG2,A+V,10,2,0.10534294452739595,2.129120879120879,2.129120879120879,0.6112637362637363,0.6033140388454262,0.6191396669276445,0.5853000481582278,0.6499356686279212,0.6222527472527473,0.6110300197275174,0.6292121747266666,0.5899435770749063,0.663620769559938,0.6112637362637363,0.6033140388454262,0.6191396669276445,0.5840079338380268,0.6488990756970503,0.6222527472527473,0.6110300197275174,0.6292121747266666,0.5745630337893963,0.661846573446095
33,A+V_10_MG3,A+V,10,3,0.10534294452739595,2.10989010989011,2.10989010989011,0.6098901098901099,0.6023412524290103,0.6175090134274928,0.585066356194707,0.6500079433719496,0.6222527472527473,0.6105403010946389,0.6287417563066003,0.5877629992767022,0.6640092882974081,0.6098901098901099,0.6023412524290103,0.6175090134274928,0.5834412523832295,0.6489503907528876,0.6222527472527473,0.6105403010946389,0.6287417563066003,0.5731295537727547,0.6622856802287356
34,A+V_20_MG1,A+V,20,1,0.20141871735878028,3.868131868131868,3.868131868131868,0.6016483516483516,0.5952914607335519,0.61040808799254,0.5836056556225151,0.6526638003748432,0.6208791208791209,0.6103119611530866,0.6273897996744224,0.5883875409202589,0.6622319736822928,0.6016483516483516,0.5952914607335519,0.61040808799254,0.5832662132948965,0.651593593758333,0.6208791208791209,0.6103119611530866,0.6273897996744224,0.574262424771766,0.6606004286406354
35,A+V_20_MG2,A+V,20,2,0.20141871735878028,3.868131868131868,3.868131868131868,0.6112637362637363,0.6045773905892632,0.6195405812289629,0.5823617443483282,0.6537511171191511,0.6195054945054945,0.6090260822633816,0.625570188171895,0.5862040762267597,0.6642820296921931,0.6112637362637363,0.6045773905892632,0.6195405812289629,0.5819032026293512,0.6525899044201197,0.6195054945054945,0.6090260822633816,0.625570188171895,0.5722711203063909,0.6624725583232682
36,A+V_20_MG3,A+V,20,3,0.20141871735878028,3.9258241758241756,3.9258241758241756,0.6085164835164835,0.6024775861402002,0.6170431907921053,0.5845013681881048,0.6511253518138496,0.625,0.6130734986451394,0.6315224855908069,0.5895976740457527,0.6616663721533425,0.6085164835164835,0.6024775861402002,0.6170431907921053,0.5834908671799106,0.650098585009849,0.625,0.6130734986451394,0.6315224855908069,0.5742031424726759,0.6600028110279921
37,A+V_30_MG1,A+V,30,1,0.30199961759170707,5.5673076923076925,5.5673076923076925,0.6043956043956044,0.599946621807418,0.6130017936708003,0.5805269485687489,0.6585259939531549,0.6263736263736264,0.6164103323525858,0.6322793532672341,0.5875513737222978,0.6634818409882368,0.6043956043956044,0.599946621807418,0.6130017936708003,0.5805285358828502,0.6573860951060768,0.6263736263736264,0.6164103323525858,0.6322793532672341,0.573142294549025,0.6618098772466143
38,A+V_30_MG2,A+V,30,2,0.30199961759170707,5.583791208791209,5.583791208791209,0.6057692307692307,0.6016731293690913,0.6147376877543148,0.5808359585333984,0.6554637336747694,0.6236263736263736,0.613394757283741,0.6302405087100165,0.5889150300728423,0.6606623181232157,0.6057692307692307,0.6016731293690913,0.6147376877543148,0.5805275231013586,0.6543525076956282,0.6236263736263736,0.613394757283741,0.6302405087100165,0.5747633085696252,0.6590275036605261
39,A+V_30_MG3,A+V,30,3,0.30199961759170707,5.681318681318682,5.681318681318682,0.6043956043956044,0.5998724489795918,0.6132863310159229,0.5800158449622629,0.6563710832633031,0.6195054945054945,0.6093573006925609,0.6264312898896811,0.5891751585794347,0.6610541838301838,0.6043956043956044,0.5998724489795918,0.6132863310159229,0.5802911094528633,0.6552699983656837,0.6195054945054945,0.6093573006925609,0.6264312898896811,0.5746762570360532,0.6594281787492373
40,A+V_40_MG1,A+V,40,1,0.4002302951742184,7.361263736263736,7.3695054945054945,0.5961538461538461,0.5931704989047835,0.6060198315616273,0.579502147898733,0.6591311906466358,0.6071428571428571,0.5989406824390257,0.6146128908745637,0.5887542012669555,0.6603347083650798,0.5961538461538461,0.5931704989047835,0.6060198315616273,0.5801710053479279,0.6579674451366264,0.6071428571428571,0.5989406824390257,0.6146128908745637,0.5736912690500964,0.6586636204863244
41,A+V_40_MG2,A+V,40,2,0.4002302951742184,7.407967032967033,7.417582417582418,0.6002747252747253,0.5964256413142776,0.6099195667817203,0.5800990155478428,0.6592217845959272,0.6153846153846154,0.607177674029177,0.62198687346181,0.5891178434735144,0.6619929293335393,0.6002747252747253,0.5964256413142776,0.6099195667817203,0.5804863171017431,0.6580643587484563,0.6153846153846154,0.607177674029177,0.62198687346181,0.5739886804591495,0.660333345790829
42,A+V_40_MG3,A+V,40,3,0.4002302951742184,7.373626373626373,7.383241758241758,0.6016483516483516,0.5983255154927235,0.6115977753225209,0.5815916840232663,0.656324802562218,0.6263736263736264,0.6180347828909194,0.6329842235847251,0.588274657828631,0.6593881526720834,0.6016483516483516,0.5983255154927235,0.6115977753225209,0.5817458690932164,0.6551930064721488,0.6263736263736264,0.6180347828909194,0.6329842235847251,0.5737075613823893,0.6577067724636253
43,A+V_50_MG1,A+V,50,1,0.512593395480767,8.802197802197803,9.281593406593407,0.5961538461538461,0.5941121760296518,0.6064633817037663,0.5837896005506371,0.6589837716760806,0.6071428571428571,0.6002309275726807,0.6147345782110789,0.5904210895340849,0.658418573921196,0.5961538461538461,0.5941121760296518,0.6064633817037663,0.5840982990615315,0.6578025462247378,0.6071428571428571,0.6002309275726807,0.6147345782110789,0.5759333964409409,0.6567342635004202
44,A+V_50_MG2,A+V,50,2,0.512593395480767,8.79945054945055,9.346153846153847,0.5975274725274725,0.5952581514713454,0.607575561510008,0.581843470581449,0.6584224546262946,0.6071428571428571,0.6014885790349506,0.6152433427235586,0.5887704325614722,0.6570766233755142,0.5975274725274725,0.5952581514713454,0.607575561510008,0.5825877149219696,0.6572204361816142,0.6071428571428571,0.6014885790349506,0.6152433427235586,0.5751726436939213,0.6554371920290848
45,A+V_50_MG3,A+V,50,3,0.512593395480767,8.872252747252746,9.43543956043956,0.5947802197802198,0.5931384812610371,0.6050161007117874,0.580976619518229,0.6612524013176129,0.6181318681318682,0.6110749158810505,0.62508344498028,0.5866847001630199,0.6602293115741342,0.5947802197802198,0.5931384812610371,0.6050161007117874,0.582195416421517,0.6600637660234936,0.6181318681318682,0.6110749158810505,0.62508344498028,0.5739513207583964,0.6585553346326574
