sample_order,sample_id,policy,predicted_annotation,predicted_class_id,raw_intensity,predicted_intensity,prob_negative,prob_neutral,prob_positive
1,附件3_01,all_observed,Negative,0,-1.03515625,-0.8190755158662797,0.9275866746902466,0.03405233845114708,0.03836092725396156
1,附件3_01,joint_zero_only,Negative,0,-1.0947265625,-0.8667317658662798,0.9280728101730347,0.034471794962882996,0.03745533898472786
1,附件3_01,q2a_candidate,Negative,0,-1.0947265625,-0.8667317658662798,0.9280728101730347,0.034471794962882996,0.03745533898472786
2,附件3_02,all_observed,Neutral,1,0.056396484375,0.05416667163372034,0.1528509110212326,0.7515324354171753,0.09561663120985031
2,附件3_02,joint_zero_only,Neutral,1,0.030609130859375,0.03353678882122034,0.17301778495311737,0.7321762442588806,0.09480591863393784
2,附件3_02,q2a_candidate,Neutral,1,0.030609130859375,0.03353678882122034,0.17301778495311737,0.7321762442588806,0.09480591863393784
3,附件3_03,all_observed,Neutral,1,0.0791015625,0.07233073413372033,0.20943035185337067,0.6170358657836914,0.17353381216526031
3,附件3_03,joint_zero_only,Neutral,1,0.07183837890625,0.06652018725872033,0.22496648132801056,0.6048775911331177,0.17015598714351654
3,附件3_03,q2a_candidate,Neutral,1,0.06195068359375,0.05861003100872034,0.236044779419899,0.5983628034591675,0.16559240221977234
4,附件3_04,all_observed,Positive,2,0.450439453125,0.3694010466337203,0.08274494111537933,0.36083441972732544,0.5564206838607788
4,附件3_04,joint_zero_only,Positive,2,0.48193359375,0.3945963591337204,0.07857141643762589,0.34565916657447815,0.5757693648338318
4,附件3_04,q2a_candidate,Positive,2,0.48193359375,0.3945963591337204,0.07857141643762589,0.34565916657447815,0.5757693648338318
5,附件3_05,all_observed,Negative,0,-1.2216796875,-0.9682942658662798,0.9208598732948303,0.05197673290967941,0.027163397520780563
5,附件3_05,joint_zero_only,Negative,0,-1.2529296875,-0.9932942658662798,0.9247443079948425,0.049201469868421555,0.02605426125228405
5,附件3_05,q2a_candidate,Negative,0,-1.2529296875,-0.9932942658662798,0.9247443079948425,0.049201469868421555,0.02605426125228405
6,附件3_06,all_observed,Positive,2,0.93359375,0.7559244841337204,0.029643643647432327,0.1968248337507248,0.7735315561294556
6,附件3_06,joint_zero_only,Positive,2,0.9892578125,0.8004557341337204,0.026929104700684547,0.1689964085817337,0.8040745258331299
6,附件3_06,q2a_candidate,Positive,2,0.9892578125,0.8004557341337204,0.026929104700684547,0.1689964085817337,0.8040745258331299
7,附件3_07,all_observed,Neutral,1,0.19580078125,0.16569010913372034,0.19237014651298523,0.4753657281398773,0.33226412534713745
7,附件3_07,joint_zero_only,Neutral,1,0.185546875,0.15748698413372034,0.21131199598312378,0.4573414921760559,0.3313465416431427
7,附件3_07,q2a_candidate,Neutral,1,0.185546875,0.15748698413372034,0.21131199598312378,0.4573414921760559,0.3313465416431427
8,附件3_08,all_observed,Positive,2,0.59033203125,0.48131510913372033,0.07312120497226715,0.3962557017803192,0.5306230187416077
8,附件3_08,joint_zero_only,Positive,2,0.57373046875,0.4680338591337203,0.07163214683532715,0.3977801203727722,0.5305877327919006
8,附件3_08,q2a_candidate,Positive,2,0.57373046875,0.4680338591337203,0.07163214683532715,0.3977801203727722,0.5305877327919006
9,附件3_09,all_observed,Positive,2,1.435546875,1.1574869841337203,0.017295289784669876,0.05938708409667015,0.9233176112174988
9,附件3_09,joint_zero_only,Positive,2,1.455078125,1.1731119841337203,0.018419276922941208,0.058736756443977356,0.9228440523147583
9,附件3_09,q2a_candidate,Positive,2,1.455078125,1.1731119841337203,0.018419276922941208,0.058736756443977356,0.9228440523147583
10,附件3_10,all_observed,Neutral,1,-0.007198333740234375,0.0032908171415328364,0.08378216624259949,0.8297021985054016,0.08651559054851532
10,附件3_10,joint_zero_only,Neutral,1,-0.00885772705078125,0.0019633024930953364,0.08365511894226074,0.8297598361968994,0.08658499270677567
10,附件3_10,q2a_candidate,Neutral,1,-0.00885772705078125,0.0019633024930953364,0.08365511894226074,0.8297598361968994,0.08658499270677567
11,附件3_11,all_observed,Neutral,1,-0.0938720703125,-0.06604817211627967,0.400099515914917,0.42882513999938965,0.17107532918453217
11,附件3_11,joint_zero_only,Negative,0,-0.104736328125,-0.07473957836627967,0.40946945548057556,0.40292444825172424,0.18760614097118378
11,附件3_11,q2a_candidate,Negative,0,-0.104736328125,-0.07473957836627967,0.40946945548057556,0.40292444825172424,0.18760614097118378
12,附件3_12,all_observed,Positive,2,0.5087890625,0.4160807341337204,0.15523125231266022,0.3520466387271881,0.4927220642566681
12,附件3_12,joint_zero_only,Positive,2,0.456298828125,0.3740885466337204,0.15767401456832886,0.3497297167778015,0.49259626865386963
12,附件3_12,q2a_candidate,Positive,2,0.456298828125,0.3740885466337204,0.15767401456832886,0.3497297167778015,0.49259626865386963
13,附件3_13,all_observed,Negative,0,-0.1297607421875,-0.09475910961627967,0.6045284867286682,0.24876515567302704,0.14670637249946594
13,附件3_13,joint_zero_only,Negative,0,-0.1710205078125,-0.12776692211627966,0.626939058303833,0.23041288554668427,0.14264807105064392
13,附件3_13,q2a_candidate,Negative,0,-0.1710205078125,-0.12776692211627966,0.626939058303833,0.23041288554668427,0.14264807105064392
14,附件3_14,all_observed,Negative,0,-0.7021484375,-0.5526692658662797,0.8343051671981812,0.11578623950481415,0.049908582121133804
14,附件3_14,joint_zero_only,Negative,0,-0.6259765625,-0.49173176586627976,0.8133841156959534,0.12866464257240295,0.05795123800635338
14,附件3_14,q2a_candidate,Negative,0,-0.6259765625,-0.49173176586627976,0.8133841156959534,0.12866464257240295,0.05795123800635338
15,附件3_15,all_observed,Positive,2,0.6123046875,0.49889323413372033,0.048203255981206894,0.4176343083381653,0.5341624021530151
15,附件3_15,joint_zero_only,Positive,2,0.6142578125,0.5004557341337204,0.04990573599934578,0.4146038591861725,0.5354903340339661
15,附件3_15,q2a_candidate,Positive,2,0.6142578125,0.5004557341337204,0.04990573599934578,0.4146038591861725,0.5354903340339661
16,附件3_16,all_observed,Positive,2,1.703125,1.3715494841337204,0.029233643785119057,0.04701271280646324,0.923753559589386
16,附件3_16,joint_zero_only,Positive,2,1.689453125,1.3606119841337203,0.0313476100564003,0.04805682227015495,0.9205955862998962
16,附件3_16,q2a_candidate,Positive,2,1.689453125,1.3606119841337203,0.0313476100564003,0.04805682227015495,0.9205955862998962
17,附件3_17,all_observed,Negative,0,-0.21630859375,-0.16399739086627968,0.587739109992981,0.3391622006893158,0.07309869676828384
17,附件3_17,joint_zero_only,Negative,0,-0.156005859375,-0.11575520336627967,0.5419833064079285,0.36360394954681396,0.09441278874874115
17,附件3_17,q2a_candidate,Negative,0,-0.156005859375,-0.11575520336627967,0.5419833064079285,0.36360394954681396,0.09441278874874115
18,附件3_18,all_observed,Neutral,1,0.42138671875,0.34615885913372035,0.10762683302164078,0.6234457492828369,0.2689274251461029
18,附件3_18,joint_zero_only,Neutral,1,0.38720703125,0.31881510913372035,0.10524959862232208,0.6261172890663147,0.26863306760787964
18,附件3_18,q2a_candidate,Neutral,1,0.38720703125,0.31881510913372035,0.10524959862232208,0.6261172890663147,0.26863306760787964
19,附件3_19,all_observed,Negative,0,-0.8564453125,-0.6761067658662797,0.8224912285804749,0.14517833292484283,0.032330457121133804
19,附件3_19,joint_zero_only,Negative,0,-0.8896484375,-0.7026692658662798,0.8170331716537476,0.14639660716056824,0.0365702249109745
19,附件3_19,q2a_candidate,Negative,0,-0.8896484375,-0.7026692658662798,0.8170331716537476,0.14639660716056824,0.0365702249109745
20,附件3_20,all_observed,Neutral,1,-0.239990234375,-0.18294270336627969,0.41740545630455017,0.5054576992988586,0.07713688164949417
20,附件3_20,joint_zero_only,Neutral,1,-0.305419921875,-0.23528645336627968,0.4531552791595459,0.4755988121032715,0.07124589383602142
20,附件3_20,q2a_candidate,Neutral,1,-0.305419921875,-0.23528645336627968,0.4531552791595459,0.4755988121032715,0.07124589383602142
21,附件3_21,all_observed,Positive,2,0.59375,0.4840494841337204,0.050474863499403,0.2943175137042999,0.6552075743675232
21,附件3_21,joint_zero_only,Positive,2,0.55810546875,0.45553385913372035,0.06023283302783966,0.27878594398498535,0.6609812378883362
21,附件3_21,q2a_candidate,Positive,2,0.55810546875,0.45553385913372035,0.06023283302783966,0.27878594398498535,0.6609812378883362
22,附件3_22,all_observed,Negative,0,-0.01739501953125,-0.004866531491279663,0.5300405025482178,0.20489835739135742,0.26506108045578003
22,附件3_22,joint_zero_only,Negative,0,-0.127197265625,-0.09270832836627967,0.5581409335136414,0.18324828147888184,0.2586108446121216
22,附件3_22,q2a_candidate,Negative,0,-0.127197265625,-0.09270832836627967,0.5581409335136414,0.18324828147888184,0.2586108446121216
23,附件3_23,all_observed,Neutral,1,0.444580078125,0.36471354663372035,0.0548124685883522,0.5383913516998291,0.4067961871623993
23,附件3_23,joint_zero_only,Neutral,1,0.419921875,0.3449869841337203,0.05667848140001297,0.5440893173217773,0.3992321789264679
23,附件3_23,q2a_candidate,Neutral,1,0.419921875,0.3449869841337203,0.05667848140001297,0.5440893173217773,0.3992321789264679
24,附件3_24,all_observed,Negative,0,-1.0029296875,-0.7932942658662797,0.8575621843338013,0.0634087324142456,0.07902911305427551
24,附件3_24,joint_zero_only,Negative,0,-1.3037109375,-1.0339192658662797,0.8946200609207153,0.04978567734360695,0.05559419468045235
24,附件3_24,q2a_candidate,Negative,0,-1.3037109375,-1.0339192658662797,0.8946200609207153,0.04978567734360695,0.05559419468045235
25,附件3_25,all_observed,Neutral,1,0.04779052734375,0.04728190600872034,0.16767634451389313,0.6817854642868042,0.15053822100162506
25,附件3_25,joint_zero_only,Neutral,1,0.040802001953125,0.04169108569622034,0.16312310099601746,0.6739428043365479,0.16293403506278992
25,附件3_25,q2a_candidate,Neutral,1,0.040802001953125,0.04169108569622034,0.16312310099601746,0.6739428043365479,0.16293403506278992
26,附件3_26,all_observed,Positive,2,0.6201171875,0.5051432341337203,0.1502085030078888,0.2623400092124939,0.5874515175819397
26,附件3_26,joint_zero_only,Positive,2,0.6474609375,0.5270182341337203,0.1506129503250122,0.2509317100048065,0.5984554290771484
26,附件3_26,q2a_candidate,Positive,2,0.6474609375,0.5270182341337203,0.1506129503250122,0.2509317100048065,0.5984554290771484
27,附件3_27,all_observed,Positive,2,0.69140625,0.5621744841337203,0.08539232611656189,0.316342830657959,0.5982648134231567
27,附件3_27,joint_zero_only,Positive,2,0.6103515625,0.4973307341337203,0.11635905504226685,0.3145255744457245,0.5691152811050415
27,附件3_27,q2a_candidate,Positive,2,0.6103515625,0.4973307341337203,0.11635905504226685,0.3145255744457245,0.5691152811050415
28,附件3_28,all_observed,Neutral,1,0.42236328125,0.3469401091337203,0.04897909611463547,0.601954996585846,0.3490659296512604
28,附件3_28,joint_zero_only,Neutral,1,0.42529296875,0.3492838591337204,0.04783739522099495,0.59224534034729,0.35991722345352173
28,附件3_28,q2a_candidate,Neutral,1,0.42529296875,0.3492838591337204,0.04783739522099495,0.59224534034729,0.35991722345352173
29,附件3_29,all_observed,Neutral,1,0.438720703125,0.3600260466337204,0.18055307865142822,0.469120055437088,0.3503268361091614
29,附件3_29,joint_zero_only,Neutral,1,0.45458984375,0.3727213591337204,0.17412243783473969,0.4859597384929657,0.3399178385734558
29,附件3_29,q2a_candidate,Neutral,1,0.45458984375,0.3727213591337204,0.17412243783473969,0.4859597384929657,0.3399178385734558
30,附件3_30,all_observed,Neutral,1,-0.06134033203125,-0.04002278149127966,0.41923487186431885,0.50004643201828,0.08071871101856232
30,附件3_30,joint_zero_only,Neutral,1,-0.10498046875,-0.07493489086627966,0.39387595653533936,0.5102113485336304,0.09591269493103027
30,附件3_30,q2a_candidate,Neutral,1,-0.10498046875,-0.07493489086627966,0.39387595653533936,0.5102113485336304,0.09591269493103027
